Electrode,Band,Hurst,DFA,Lyapunov,Sample Entropy,Correlation Dimension
Fp1,cD1,0.3685376276599845,0.3302997212452841,0.01041829347292143,1.8434877803153602,-1.8667202025154838e-16
