Electrode,Band,Hurst,DFA,Lyapunov,Sample Entropy,Correlation Dimension
Fp1,cA5,0.6644291155733351,0.6994204307179288,0.003782194310968485,1.647672347298701,6.054315710100812e-16
