Electrode,Band,Hurst,DFA,Lyapunov,Sample Entropy,Correlation Dimension
Fp2,cA5,0.48108325438999816,0.6584391930513546,0.00544434460726616,1.6991783732246868,-4.497617662817178e-16
