Electrode,Band,Hurst,DFA,Lyapunov,Sample Entropy,Correlation Dimension
Fp2,cD2,0.4774931736024742,0.4486696398477631,0.0004934253114638672,2.064888760085222,2.0337462725172856e-16
