Electrode,Band,Hurst,DFA,Lyapunov,Sample Entropy,Correlation Dimension
Fp2,cD3,0.4567837214991025,0.46694426938672884,-0.0002769932602390606,2.112187706653443,1.1182178559704126e-15
