Electrode,Band,Hurst,DFA,Lyapunov,Sample Entropy,Correlation Dimension
Fp2,cD4,0.4302802941602763,0.4146744364824016,-0.00040300542657992715,2.0855034804935637,6.054972889265825e-18
