Electrode,Band,Hurst,DFA,Lyapunov,Sample Entropy,Correlation Dimension
Fp1,cD3,0.43944036906946154,0.4567884900147472,0.002809143066406268,2.1063528330471852,9.147611324030187e-16
