Electrode,Band,Hurst,DFA,Lyapunov,Sample Entropy,Correlation Dimension
Fp2,cD5,0.3182105130162829,0.3011679684451174,0.0038679122924805635,1.9114374837589871,8.156257818803986e-16
