Electrode,Band,Hurst,DFA,Lyapunov,Sample Entropy,Correlation Dimension
Fp1,cD2,0.45578794383548193,0.4616363280319338,0.003473958102139384,2.0520095939628336,7.550214039467225e-17
