Electrode,Band,Hurst,DFA,Lyapunov,Sample Entropy,Correlation Dimension
Fp1,cD5,0.3036431819176836,0.2644489852000281,0.003959239612926183,1.8272725898658468,2.6397238348430627e-16
