Electrode,Band,Hurst,DFA,Lyapunov,Sample Entropy,Correlation Dimension
Fp1,cD4,0.4234194472956705,0.41067241495880447,0.003133907978667775,2.0868436720922916,-4.373175555382983e-17
