Electrode,Band,Hurst,DFA,Lyapunov,Sample Entropy,Correlation Dimension
Fp2,cD1,0.3637293267981808,0.3480933792657642,0.004435539245605112,1.859700851200795,1.1401250312330051e-15
