Electrode,Band,Hurst,DFA,Lyapunov,Sample Entropy,Correlation Dimension
F4,cD1,0.3771504916599887,0.348007049824457,0.0014896103830043183,1.8040991768399752,1.9780917382474353e-15
