Electrode,Band,Hurst,DFA,Lyapunov,Sample Entropy,Correlation Dimension
P4,cD1,0.337999638874406,0.3031145962207119,0.00480325005271203,1.818834092377109,4.613865512057195e-15
