Electrode,Band,Hurst,DFA,Lyapunov,Sample Entropy,Correlation Dimension
F4,cD5,0.3924106166559817,0.4175193841267178,0.003557517311789486,2.1028064439845684,9.473158838275584e-16
