Electrode,Band,Hurst,DFA,Lyapunov,Sample Entropy,Correlation Dimension
Fp2,cD1,0.33006946934950376,0.27948487974597713,0.010288071799111835,1.4383560705832004,4.763036917250431e-05
