Electrode,Band,Hurst,DFA,Lyapunov,Sample Entropy,Correlation Dimension
F3,cD5,0.4456882363422069,0.4751634947717645,0.0027666438709607775,2.150238935681455,6.287543052287271e-16
