Electrode,Band,Hurst,DFA,Lyapunov,Sample Entropy,Correlation Dimension
PO3,cA5,0.3407724527322538,0.5214460699886442,0.04302233106949763,1.9406102761198378,-3.304171949392556e-16
