Electrode,Band,Hurst,DFA,Lyapunov,Sample Entropy,Correlation Dimension
P4,cD5,0.4750799251373792,0.4791615402999917,-5.285667650641013e-05,2.144138468093468,6.077914695030855e-16
