Electrode,Band,Hurst,DFA,Lyapunov,Sample Entropy,Correlation Dimension
C3,cD3,0.43741488468467116,0.43003929906066296,0.003840359774502365,2.115346295547721,-1.1855238413887856e-15
