Electrode,Band,Hurst,DFA,Lyapunov,Sample Entropy,Correlation Dimension
Fp2,cD5,0.44567922163910134,0.44611836620813833,0.003134259310635502,2.1208696005727816,9.731048699163936e-16
