Electrode,Band,Hurst,DFA,Lyapunov,Sample Entropy,Correlation Dimension
C3,cD2,0.40922832091328953,0.40870466131462446,-0.00017665516246483977,2.0391355409718055,-3.3172750417891234e-17
