Electrode,Band,Hurst,DFA,Lyapunov,Sample Entropy,Correlation Dimension
P4,cA5,0.5670194050013547,0.6899780030323843,0.007293458418412494,1.998805657754009,-4.296442420555968e-16
