Electrode,Band,Hurst,DFA,Lyapunov,Sample Entropy,Correlation Dimension
Fp2,cD2,0.43729398276833,0.44346243606953156,0.0008540818185513715,1.6435540830390563,0.00012262056540578473
