Electrode,Band,Hurst,DFA,Lyapunov,Sample Entropy,Correlation Dimension
P4,cD3,0.4271481143671116,0.4481096040709276,-0.0002738201256955501,2.1244602076439443,6.919144982338499e-16
