Electrode,Band,Hurst,DFA,Lyapunov,Sample Entropy,Correlation Dimension
PO3,cD5,0.4283116631560791,0.4310052057228526,0.0024586533055164566,2.1049151747090344,8.137173584728759e-16
