Electrode,Band,Hurst,DFA,Lyapunov,Sample Entropy,Correlation Dimension
F3,cD2,0.4333562985099047,0.4135073885171378,0.0038150267167526924,1.9362245183656166,4.439633223621558e-16
