Electrode,Band,Hurst,DFA,Lyapunov,Sample Entropy,Correlation Dimension
F3,cA5,0.38006602711180393,0.6534475888664066,0.011694954825448575,1.9410401163961413,6.443935654239821e-16
