Electrode,Band,Hurst,DFA,Lyapunov,Sample Entropy,Correlation Dimension
C3,cD1,0.3524860673076361,0.3163618944223788,0.0020585320212620647,1.843185807608416,1.5905699090425877e-16
