Electrode,Band,Hurst,DFA,Lyapunov,Sample Entropy,Correlation Dimension
C3,cD4,0.44166438596246327,0.45494711310772473,-0.0005613211429480428,2.1423022649143717,-1.759186257533875e-16
