Electrode,Band,Hurst,DFA,Lyapunov,Sample Entropy,Correlation Dimension
Fp1,cD3,0.5053877689084394,0.5288230130413616,0.0005890817353219162,1.6878943722315642,2.7825991211830165e-15
