Electrode,Band,Hurst,DFA,Lyapunov,Sample Entropy,Correlation Dimension
PO3,cD1,0.3435228758677519,0.3177012291564879,0.00977873635458837,1.7492071878631217,-1.7281142634827042e-15
