Electrode,Band,Hurst,DFA,Lyapunov,Sample Entropy,Correlation Dimension
C3,cD5,0.4511050849939753,0.4391382795526944,0.004869452389803953,2.1395689396524307,6.443461391839953e-16
