Electrode,Band,Hurst,DFA,Lyapunov,Sample Entropy,Correlation Dimension
F4,cD3,0.47217290188729377,0.4701499541032317,0.0008537697069567672,2.009567157943368,-1.3493502051301738e-15
