Electrode,Band,Hurst,DFA,Lyapunov,Sample Entropy,Correlation Dimension
Fp1,cD2,0.44326083092922625,0.4253585150975485,0.0005166313864967359,1.7539097092816016,-1.2784996981753024e-15
