Electrode,Band,Hurst,DFA,Lyapunov,Sample Entropy,Correlation Dimension
P4,cD4,0.43749194884303766,0.4199417399876838,-0.0005648757472182736,2.1457895199581087,-1.0259835904090313e-16
