Electrode,Band,Hurst,DFA,Lyapunov,Sample Entropy,Correlation Dimension
F4,cD4,0.45320685193818777,0.4738771545547427,0.0011478886459811099,2.1169232573565595,-9.901086320279472e-17
