Electrode,Band,Hurst,DFA,Lyapunov,Sample Entropy,Correlation Dimension
Fp1,cA5,0.5717020776843625,0.7639394905703001,0.04295070998522696,1.636403507931269,4.779608715118858e-16
