Electrode,Band,Hurst,DFA,Lyapunov,Sample Entropy,Correlation Dimension
Fp1,cD4,0.5011316580764197,0.5257196672460794,0.0002424124515417386,1.9575513642736022,-4.3741719007913514e-17
