Electrode,Band,Hurst,DFA,Lyapunov,Sample Entropy,Correlation Dimension
C4,cD3,0.4388296017667909,0.48033640863281407,0.003072062405672627,2.097233882775329,1.1016408038352821e-15
