Electrode,Band,Hurst,DFA,Lyapunov,Sample Entropy,Correlation Dimension
Fp2,cA5,0.3959609211096805,0.6769273030649211,0.0325387870072087,1.4118224742500034,-1.3334339598452396e-15
