Electrode,Band,Hurst,DFA,Lyapunov,Sample Entropy,Correlation Dimension
F3,cD1,0.360637527215376,0.3212491795214377,0.010969266037549701,1.7632709101697122,4.753949990044712e-15
