Electrode,Band,Hurst,DFA,Lyapunov,Sample Entropy,Correlation Dimension
F4,cA5,0.6047760467826883,0.6910881757731823,0.009393131816304209,1.9792861437350266,-1.5748334395362964e-16
