Electrode,Band,Hurst,DFA,Lyapunov,Sample Entropy,Correlation Dimension
PO3,cD3,0.4404617111517617,0.46103334334073964,0.0019112673672763353,2.0792812875352737,9.911126984059844e-16
