Electrode,Band,Hurst,DFA,Lyapunov,Sample Entropy,Correlation Dimension
C4,cD3,0.4576268888376936,0.4302655940331221,-0.00015555295077233154,1.9525229532862953,-1.0584076210649244e-15
