Electrode,Band,Hurst,DFA,Lyapunov,Sample Entropy,Correlation Dimension
C4,cD2,0.46414143889521436,0.4347172623300727,0.0008462385697792873,1.95934806650644,5.409367849889239e-17
