Electrode,Band,Hurst,DFA,Lyapunov,Sample Entropy,Correlation Dimension
Fp2,cD1,0.33991447438406075,0.31692745398576705,0.004793669960715323,1.769263400501732,4.707051071858723e-15
