Electrode,Band,Hurst,DFA,Lyapunov,Sample Entropy,Correlation Dimension
PO3,cD3,0.408955002501194,0.42394494209651107,0.0033688545227049133,1.9983327980933485,-1.4381316107464757e-15
