Electrode,Band,Hurst,DFA,Lyapunov,Sample Entropy,Correlation Dimension
F3,cD2,0.44791504518999803,0.4404487292727348,0.00048034552371883227,1.9326928450082437,3.0443930729285226e-15
