Electrode,Band,Hurst,DFA,Lyapunov,Sample Entropy,Correlation Dimension
Fp2,cD2,0.4309256882814935,0.4501810086679281,0.0006083459565134623,1.981042850569418,4.108054893333295e-16
