Electrode,Band,Hurst,DFA,Lyapunov,Sample Entropy,Correlation Dimension
PO3,cA5,0.41627563455093636,0.5829498496590626,0.003934418071399754,1.9084798237430047,-4.820355612453693e-16
