Electrode,Band,Hurst,DFA,Lyapunov,Sample Entropy,Correlation Dimension
Fp1,cD5,0.46798674130565454,0.5134296865515838,0.004850118810480166,1.8934279402967071,7.435491925655264e-16
