Electrode,Band,Hurst,DFA,Lyapunov,Sample Entropy,Correlation Dimension
C3,cD2,0.44942437244163,0.44190530489741825,0.0006663120154172755,1.9966318912110153,-1.6876369821026102e-15
