Electrode,Band,Hurst,DFA,Lyapunov,Sample Entropy,Correlation Dimension
F3,cD5,0.5666361750220544,0.5471457572916372,0.013481360215407613,1.9554303905165544,8.038789156732585e-16
