Electrode,Band,Hurst,DFA,Lyapunov,Sample Entropy,Correlation Dimension
PO3,cD5,0.4367960748858539,0.47478442155800826,-0.0017404614072859441,2.0656362856581336,6.497165299943202e-16
