Electrode,Band,Hurst,DFA,Lyapunov,Sample Entropy,Correlation Dimension
C3,cA5,0.39230154805548667,0.5581988277478523,0.0018947543519913666,2.033666960294892,-4.0473365386727133e-16
