Electrode,Band,Hurst,DFA,Lyapunov,Sample Entropy,Correlation Dimension
Fp1,cD2,0.4602371182286883,0.43532448882665903,0.0030114433982156193,1.9994186730152432,1.9490748232010045e-15
