Electrode,Band,Hurst,DFA,Lyapunov,Sample Entropy,Correlation Dimension
Fp1,cD3,0.41025780934014433,0.40287018091855303,-0.0005089846524324878,2.0046438223137675,9.724621347667913e-16
