Electrode,Band,Hurst,DFA,Lyapunov,Sample Entropy,Correlation Dimension
PO3,cD1,0.3559604511793467,0.33877577425296795,0.005315035039728424,1.8126701542408379,-7.300766507510307e-17
