Electrode,Band,Hurst,DFA,Lyapunov,Sample Entropy,Correlation Dimension
C4,cA5,0.478812767190057,0.5225804478408955,0.008303099569946237,1.8973316474964714,-5.140158505067983e-16
