Electrode,Band,Hurst,DFA,Lyapunov,Sample Entropy,Correlation Dimension
Fp1,cD4,0.39851916540691057,0.43454489146366543,0.003891719471324386,1.9345341591751086,-1.5811003866902805e-16
