Electrode,Band,Hurst,DFA,Lyapunov,Sample Entropy,Correlation Dimension
F4,cD2,0.4339288941285121,0.44145672186651885,0.004169715534556636,1.900202589584423,5.077676239188225e-16
