Electrode,Band,Hurst,DFA,Lyapunov,Sample Entropy,Correlation Dimension
F4,cD4,0.4356929807361359,0.43003117566443694,0.00996659018776622,1.7648814507482717,3.4440230252743906e-16
