Electrode,Band,Hurst,DFA,Lyapunov,Sample Entropy,Correlation Dimension
F4,cA5,0.3752556705993402,0.5049448489257095,0.005524375221945962,2.0181670552289908,-3.715252589183892e-16
