Electrode,Band,Hurst,DFA,Lyapunov,Sample Entropy,Correlation Dimension
F3,cD1,0.360701989467917,0.31624318086845693,0.005237900127063878,1.6686410484473033,4.454532373716954e-15
