Electrode,Band,Hurst,DFA,Lyapunov,Sample Entropy,Correlation Dimension
C3,cD3,0.46438120669688976,0.42093563042111914,0.003836536407470878,2.002538786439364,8.626826186764564e-16
