Electrode,Band,Hurst,DFA,Lyapunov,Sample Entropy,Correlation Dimension
F4,cD3,0.40012192315585426,0.400148870037869,0.005711061304265895,1.8212491652353082,2.5218499243755213e-15
