Electrode,Band,Hurst,DFA,Lyapunov,Sample Entropy,Correlation Dimension
P4,cD5,0.5304295623879677,0.5247181837528905,0.0048567165027967145,1.9628306923211554,7.761759675378302e-16
