Electrode,Band,Hurst,DFA,Lyapunov,Sample Entropy,Correlation Dimension
F3,cD4,0.43104988774629643,0.42378148219872425,0.005743824351917363,1.8029628159283104,2.192025496144016e-15
