Electrode,Band,Hurst,DFA,Lyapunov,Sample Entropy,Correlation Dimension
Fp2,cD3,0.416610800644653,0.40279270175798226,0.009161805773115194,1.9194224808442844,3.974964281821471e-15
