Electrode,Band,Hurst,DFA,Lyapunov,Sample Entropy,Correlation Dimension
Fp1,cD1,0.3455875694503303,0.3097388726855299,0.005087869817560313,1.7864845198361128,4.607963146088553e-15
