Electrode,Band,Hurst,DFA,Lyapunov,Sample Entropy,Correlation Dimension
F3,cA5,0.4474731684042321,0.531273842213697,0.019200530205532917,1.963271945371229,-3.988122560396608e-16
