Electrode,Band,Hurst,DFA,Lyapunov,Sample Entropy,Correlation Dimension
C3,cD5,0.4839284116214878,0.5287559862901499,0.001090725985440309,1.9901290629243986,9.046568165711922e-16
