Electrode,Band,Hurst,DFA,Lyapunov,Sample Entropy,Correlation Dimension
C3,cD4,0.40289433300547006,0.42274346083397374,0.002023766257545631,1.8380313332697227,2.257946175617609e-15
