Electrode,Band,Hurst,DFA,Lyapunov,Sample Entropy,Correlation Dimension
C4,cD1,0.3695394298831518,0.3306722567951509,0.0013140302715872552,1.7473167430508447,3.632197484967408e-15
