Electrode,Band,Hurst,DFA,Lyapunov,Sample Entropy,Correlation Dimension
C4,cD4,0.4442796431144222,0.42936407162734097,0.010426067805790723,1.833375362859674,-9.933000903108402e-16
