Electrode,Band,Hurst,DFA,Lyapunov,Sample Entropy,Correlation Dimension
PO3,cD2,0.43395198620902153,0.39901773885844066,0.00127103978937294,1.9886672251606639,1.4036815432349107e-17
