Electrode,Band,Hurst,DFA,Lyapunov,Sample Entropy,Correlation Dimension
Fp2,cD4,0.4154653056631058,0.4408021269748319,0.0047705563631924635,1.8974906367274011,-1.0040150010701925e-16
