Electrode,Band,Hurst,DFA,Lyapunov,Sample Entropy,Correlation Dimension
C3,cD1,0.3608381500966297,0.32660273655573135,0.0013169201937583935,1.7102620271894977,0.00014625301011967273
