Electrode,Band,Hurst,DFA,Lyapunov,Sample Entropy,Correlation Dimension
Fp2,cA5,0.3970157939258667,0.6965787574231564,0.024861117794617152,1.89023850636947,-2.524109506596726e-16
