Electrode,Band,Hurst,DFA,Lyapunov,Sample Entropy,Correlation Dimension
F4,cD5,0.42967850403192176,0.4603821644251128,0.008578910694256257,1.9690754193528743,9.188270714334582e-16
