Electrode,Band,Hurst,DFA,Lyapunov,Sample Entropy,Correlation Dimension
F4,cD1,0.3743128723312742,0.34467043505701056,0.00444730411876287,1.5779841681254312,0.0001641438308057222
