Electrode,Band,Hurst,DFA,Lyapunov,Sample Entropy,Correlation Dimension
F3,cD3,0.4057777271764325,0.3807138013740959,0.009120777770356272,1.8805101331856182,3.750922672277212e-15
