Electrode,Band,Hurst,DFA,Lyapunov,Sample Entropy,Correlation Dimension
P4,cD4,0.4288199564751518,0.42071118308111033,0.003805455294522353,1.9112693570946662,8.796704008947358e-17
