Electrode,Band,Hurst,DFA,Lyapunov,Sample Entropy,Correlation Dimension
P4,cD1,0.36206417544959996,0.32284215001405114,0.004649162292480736,1.8507011753201263,-3.2610238191057272e-16
