Electrode,Band,Hurst,DFA,Lyapunov,Sample Entropy,Correlation Dimension
P4,cD3,0.4307086152390329,0.426900915924376,0.0015574541958892887,1.9964199106494767,-1.859554182501476e-15
