Electrode,Band,Hurst,DFA,Lyapunov,Sample Entropy,Correlation Dimension
Fp1,cA5,0.48414818568458,0.7634639984583643,0.013730615049928518,1.7611643486498523,5.176543897965589e-16
