Electrode,Band,Hurst,DFA,Lyapunov,Sample Entropy,Correlation Dimension
P4,cA5,0.4183877187970704,0.6413289396031071,0.05113275758512764,1.9575893244167266,-5.265349607643528e-16
