Electrode,Band,Hurst,DFA,Lyapunov,Sample Entropy,Correlation Dimension
Fp2,cD5,0.4369141441930079,0.4782473711752693,0.00305936119773159,2.0242417329894904,1.0301343091879561e-15
