Electrode,Band,Hurst,DFA,Lyapunov,Sample Entropy,Correlation Dimension
C4,cD5,0.5579926542636733,0.5295432264343098,0.006015820936723357,1.9471428748326476,8.431698270773605e-16
