Electrode,Band,Hurst,DFA,Lyapunov,Sample Entropy,Correlation Dimension
PO3,cD4,0.4253816151450479,0.4234743273895312,0.005350702459161814,1.9225993205308074,-1.1024383763725428e-15
