Electrode,Band,Hurst,DFA,Lyapunov,Sample Entropy,Correlation Dimension
P4,cD2,0.4511587883526478,0.43342222267325214,-7.918386750185287e-07,2.0421442394312157,-2.259139139663662e-16
