Electrode,Band,Hurst,DFA,Lyapunov,Sample Entropy,Correlation Dimension
C3,cA5,0.526715078044738,0.8061327709683437,0.010479993981829907,1.4939510890380672,6.695975519263049e-16
