Electrode,Band,Hurst,DFA,Lyapunov,Sample Entropy,Correlation Dimension
F4,cD5,0.3231377103178782,0.3175628656591513,0.009805152466247687,1.9467760314623543,6.613517650506199e-16
