Electrode,Band,Hurst,DFA,Lyapunov,Sample Entropy,Correlation Dimension
C3,cD2,0.437868632423707,0.44196715666613146,0.001201300187543825,2.06084550590707,8.737131030114812e-16
