Electrode,Band,Hurst,DFA,Lyapunov,Sample Entropy,Correlation Dimension
F3,cD3,0.4316110682536053,0.39820601203238154,0.0005933357007576857,2.0011862581471758,6.542630553858912e-16
