Electrode,Band,Hurst,DFA,Lyapunov,Sample Entropy,Correlation Dimension
C4,cA5,0.6341215751532284,0.7400973619952443,0.008254704775510394,1.943698574250473,-3.336039854176332e-16
