Electrode,Band,Hurst,DFA,Lyapunov,Sample Entropy,Correlation Dimension
PO3,cD2,0.44096920242644494,0.4125924582421245,0.0010204488580876888,2.0198063490786695,8.493376870691773e-16
