Electrode,Band,Hurst,DFA,Lyapunov,Sample Entropy,Correlation Dimension
Fp1,cD2,0.40525634744212546,0.41007117017151434,0.0037174484946508736,1.7845306292922098,2.664787508285966e-16
