Electrode,Band,Hurst,DFA,Lyapunov,Sample Entropy,Correlation Dimension
C3,cD5,0.4131909535313288,0.39271262203701995,0.00340681076049804,2.0637719558814895,2.1021197051541296e-15
