Electrode,Band,Hurst,DFA,Lyapunov,Sample Entropy,Correlation Dimension
C4,cD1,0.37237411637068474,0.3267823432008585,0.005061609094792931,1.8545826056243995,1.5418601364893885e-15
