Electrode,Band,Hurst,DFA,Lyapunov,Sample Entropy,Correlation Dimension
PO3,cD3,0.40869758879057005,0.41821397381322994,0.00435507514260045,2.0423561099816365,-6.412007477302524e-16
