Electrode,Band,Hurst,DFA,Lyapunov,Sample Entropy,Correlation Dimension
F3,cD4,0.3852934258349529,0.35608071292598026,0.009943845388773357,1.9458001487590477,-8.257208947444813e-16
