Electrode,Band,Hurst,DFA,Lyapunov,Sample Entropy,Correlation Dimension
PO3,cA5,0.44011052945155643,0.6720350405129247,0.0028907878772835406,1.7483333787131106,-5.012372288751561e-16
