Electrode,Band,Hurst,DFA,Lyapunov,Sample Entropy,Correlation Dimension
F4,cD1,0.38406080401998555,0.357241595985887,0.0010795477664828931,1.8899991434859513,1.4593002496301349e-15
