Electrode,Band,Hurst,DFA,Lyapunov,Sample Entropy,Correlation Dimension
F3,cA5,0.4408205777670816,0.721171159439355,0.013378504868392243,1.917251322502732,-5.843833462403727e-16
