Electrode,Band,Hurst,DFA,Lyapunov,Sample Entropy,Correlation Dimension
Fp1,cA5,0.6022190420009437,0.7429405826828073,0.0346434967525895,1.585207907929269,-4.842538794982412e-16
