Electrode,Band,Hurst,DFA,Lyapunov,Sample Entropy,Correlation Dimension
PO3,cD4,0.33750822978232675,0.2807293374160713,0.011379145242117784,1.76328507844147,5.642209311471872e-17
