Electrode,Band,Hurst,DFA,Lyapunov,Sample Entropy,Correlation Dimension
C3,cD4,0.3384340694139334,0.36550182689615845,0.003043547543612448,2.0123511964912217,-7.604371392104422e-17
