Electrode,Band,Hurst,DFA,Lyapunov,Sample Entropy,Correlation Dimension
P4,cD5,0.2866447706887014,0.27538016113032854,0.019113299610851186,1.8120001646508328,3.9562645186799406e-16
