Electrode,Band,Hurst,DFA,Lyapunov,Sample Entropy,Correlation Dimension
F4,cD4,0.37798906916563924,0.35265375286547984,0.006280690973455031,1.9587860686458882,3.347004361875984e-17
