Electrode,Band,Hurst,DFA,Lyapunov,Sample Entropy,Correlation Dimension
Fp1,cD3,0.43729043504373843,0.4422419137769249,0.0002776290431160978,1.908759238513083,-9.097466089007035e-16
