Electrode,Band,Hurst,DFA,Lyapunov,Sample Entropy,Correlation Dimension
C4,cD3,0.42080151727082105,0.41682467195835826,0.0038496971130370593,2.0283574854248205,9.1676429916824e-16
