Electrode,Band,Hurst,DFA,Lyapunov,Sample Entropy,Correlation Dimension
C3,cD3,0.44988919213726125,0.42122291965987113,0.004114896600896754,2.058254605751349,-1.1912502135610859e-15
