Electrode,Band,Hurst,DFA,Lyapunov,Sample Entropy,Correlation Dimension
C4,cD2,0.4499294710488623,0.40931953300458446,0.003718826987526215,2.0188740987611506,2.0487500015643885e-15
