Electrode,Band,Hurst,DFA,Lyapunov,Sample Entropy,Correlation Dimension
Fp1,cD5,0.3044867230808056,0.2702624486686957,0.010004603779399464,1.858847940977379,1.9175310332975447e-15
