Electrode,Band,Hurst,DFA,Lyapunov,Sample Entropy,Correlation Dimension
C4,cD5,0.3767331034647228,0.36383326407716937,0.010531475493958374,1.9472261118718854,2.4613929435510856e-15
