Electrode,Band,Hurst,DFA,Lyapunov,Sample Entropy,Correlation Dimension
C3,cD1,0.3583915373176866,0.3087073339103319,0.0045152750882235275,1.8794810885251978,4.623614422507607e-15
