Electrode,Band,Hurst,DFA,Lyapunov,Sample Entropy,Correlation Dimension
F3,cD2,0.4243026030939001,0.41679813669247123,0.00014158306699770456,2.016346945205085,3.8177430006231173e-16
