Electrode,Band,Hurst,DFA,Lyapunov,Sample Entropy,Correlation Dimension
P4,cA5,0.5897953578628253,0.7059122545571825,0.03383044802491678,1.9191379198025345,-5.34908145015338e-16
