Electrode,Band,Hurst,DFA,Lyapunov,Sample Entropy,Correlation Dimension
Fp2,cD2,0.39855224625862434,0.3912954270571539,0.003031739321621786,1.8120737265879803,-8.987547335128927e-16
