Electrode,Band,Hurst,DFA,Lyapunov,Sample Entropy,Correlation Dimension
F3,cD1,0.3470732927470793,0.3339013754533981,0.004696603254838212,1.8592592209913499,1.1504770212344252e-15
