Electrode,Band,Hurst,DFA,Lyapunov,Sample Entropy,Correlation Dimension
P4,cD4,0.34735326039988834,0.3348072212411593,0.015599994869022938,1.9212554332587952,2.0669366968079266e-15
