Electrode,Band,Hurst,DFA,Lyapunov,Sample Entropy,Correlation Dimension
Fp2,cD5,0.26520808998292117,0.2451101533405505,0.0091459100896666,1.8683896869053298,8.681921894092618e-16
