Electrode,Band,Hurst,DFA,Lyapunov,Sample Entropy,Correlation Dimension
Fp2,cD1,0.3688366891548309,0.33252684934818727,0.00500952113758463,1.7701486419691288,2.1279011351961656e-15
