Electrode,Band,Hurst,DFA,Lyapunov,Sample Entropy,Correlation Dimension
F3,cD5,0.38927740944933453,0.3594739856871838,0.009771060276698862,1.932209524480873,7.926662421971667e-16
