Electrode,Band,Hurst,DFA,Lyapunov,Sample Entropy,Correlation Dimension
PO3,cD5,0.23644000739453352,0.2108039581417216,0.025825100154667185,1.6223763018225605,-1.2073207698553597e-15
