Electrode,Band,Hurst,DFA,Lyapunov,Sample Entropy,Correlation Dimension
F4,cD3,0.4351851739333563,0.41159725445450196,0.0039235201748936506,2.0654035665793877,-6.51484092468023e-16
