Electrode,Band,Hurst,DFA,Lyapunov,Sample Entropy,Correlation Dimension
F4,cD2,0.4410506258424709,0.4287989655834633,0.00031867171778804615,2.031446457010244,-9.898008923447333e-16
