Electrode,Band,Hurst,DFA,Lyapunov,Sample Entropy,Correlation Dimension
PO3,cD1,0.3615341332884827,0.34261926789122593,0.004449922388249731,1.8558056727961234,9.019365978924204e-17
