Electrode,Band,Hurst,DFA,Lyapunov,Sample Entropy,Correlation Dimension
Fp1,cD4,0.3505754541518733,0.3607284080949424,0.00655229741876747,1.9859192976751872,1.015805565877387e-16
