Electrode,Band,Hurst,DFA,Lyapunov,Sample Entropy,Correlation Dimension
P4,cD1,0.3735870290004276,0.33087053518170645,0.0014455679691194074,1.90649521065781,-3.257177811696947e-16
