Electrode,Band,Hurst,DFA,Lyapunov,Sample Entropy,Correlation Dimension
C4,cD4,0.3669160659423528,0.3687266589269356,0.0055566961115054705,1.9610167285945794,-7.752600716733949e-17
