Electrode,Band,Hurst,DFA,Lyapunov,Sample Entropy,Correlation Dimension
Fp2,cA5,0.5819070446507595,0.7511728710811036,0.023656524631773493,1.4801755590641656,-1.1381307630832584e-15
