Electrode,Band,Hurst,DFA,Lyapunov,Sample Entropy,Correlation Dimension
P4,cD2,0.4310483891675818,0.4189332655866003,0.0026089841669254205,2.081680802423095,1.0738613456093497e-15
