Electrode,Band,Hurst,DFA,Lyapunov,Sample Entropy,Correlation Dimension
P4,cD3,0.45397397740345297,0.42929829151895255,0.003727843544699593,2.0821563929993103,-1.1179377741164626e-15
