Electrode,Band,Hurst,DFA,Lyapunov,Sample Entropy,Correlation Dimension
F4,cA5,0.5106457461811685,0.7463804053218576,0.04278982399308279,1.8254129742696976,-4.967621951286868e-16
