Electrode,Band,Hurst,DFA,Lyapunov,Sample Entropy,Correlation Dimension
Fp2,cD4,0.3706938118913703,0.3676657359684848,0.0053311868147411815,1.9541109063281032,-1.2453898414494892e-17
