Electrode,Band,Hurst,DFA,Lyapunov,Sample Entropy,Correlation Dimension
Fp1,cD5,0.3965251088254428,0.3802618464376966,0.017041746076647175,1.9378106966576594,8.390600764606185e-16
