Electrode,Band,Hurst,DFA,Lyapunov,Sample Entropy,Correlation Dimension
F4,cD3,0.44978600831372384,0.43440134598523555,0.002001164176247319,2.073333733915307,8.116951599971719e-16
