Electrode,Band,Hurst,DFA,Lyapunov,Sample Entropy,Correlation Dimension
PO3,cD5,0.38549244486033846,0.3224920908295151,0.04793687207358226,1.6883725535701721,-1.4003536269666438e-15
