Electrode,Band,Hurst,DFA,Lyapunov,Sample Entropy,Correlation Dimension
Fp1,cD1,0.34266210298165023,0.28598760171195364,0.004777032678777424,1.6714807753952887,4.42161237196819e-15
