Electrode,Band,Hurst,DFA,Lyapunov,Sample Entropy,Correlation Dimension
C3,cA5,0.45187463979048753,0.7764038941435568,0.01404654066441406,1.752546370742146,-3.7836521130316676e-16
