Electrode,Band,Hurst,DFA,Lyapunov,Sample Entropy,Correlation Dimension
Fp2,cD1,0.3486603746788909,0.3267045324376771,0.0046984759244053445,1.7570107522183753,1.5211424426837494e-15
