Electrode,Band,Hurst,DFA,Lyapunov,Sample Entropy,Correlation Dimension
F3,cD1,0.37150578503528,0.3279724971390736,0.004701597040349587,1.6335120759015647,-4.4566000801084114e-15
