Electrode,Band,Hurst,DFA,Lyapunov,Sample Entropy,Correlation Dimension
Fp1,cD3,0.47337701035614793,0.48185627031857514,0.0027790329673073257,2.022741412868707,8.294831519296519e-16
