Electrode,Band,Hurst,DFA,Lyapunov,Sample Entropy,Correlation Dimension
F4,cD4,0.3907723710203482,0.3470260225963676,0.0016325748328001998,2.0095168986717122,9.099864587346704e-17
