Electrode,Band,Hurst,DFA,Lyapunov,Sample Entropy,Correlation Dimension
PO3,cD3,0.42740106733098465,0.4092533249304162,0.0009096145629879372,2.0841447225909975,1.0555907082719703e-15
