Electrode,Band,Hurst,DFA,Lyapunov,Sample Entropy,Correlation Dimension
PO3,cD1,0.37268735087182675,0.34098553335527204,0.004298565604469699,1.8857088810978246,1.3161974517418113e-16
