Electrode,Band,Hurst,DFA,Lyapunov,Sample Entropy,Correlation Dimension
F3,cD2,0.46274173470780916,0.4685564604207099,0.00023938381310600464,1.7711046129445678,-3.537161249725075e-17
