Electrode,Band,Hurst,DFA,Lyapunov,Sample Entropy,Correlation Dimension
Fp2,cA5,0.6054513236862602,0.883297547201649,0.041312132676191056,1.1945240999736033,-1.3882638893668209e-15
