Electrode,Band,Hurst,DFA,Lyapunov,Sample Entropy,Correlation Dimension
PO3,cD4,0.31640259451766295,0.2818460866789575,0.005072715065696239,1.892901778473071,-1.3572457374257586e-17
