Electrode,Band,Hurst,DFA,Lyapunov,Sample Entropy,Correlation Dimension
F4,cD1,0.3347264607698606,0.3131326156307447,0.003086393529718437,1.7247423235969697,-8.830167560689095e-17
