Electrode,Band,Hurst,DFA,Lyapunov,Sample Entropy,Correlation Dimension
Fp1,cD4,0.45985987065476747,0.4111673616475846,0.004940821907736938,2.0238953866903007,-1.0098265831142042e-16
