Electrode,Band,Hurst,DFA,Lyapunov,Sample Entropy,Correlation Dimension
Fp2,cD5,0.39393879718338304,0.3912851282098828,0.015567161224701259,1.978612793802699,9.987797329687493e-16
