Electrode,Band,Hurst,DFA,Lyapunov,Sample Entropy,Correlation Dimension
C3,cD5,0.40306117832381383,0.41593407529407506,0.0010533014933261284,2.0759367761875476,9.90140833772481e-16
