Electrode,Band,Hurst,DFA,Lyapunov,Sample Entropy,Correlation Dimension
Fp2,cD4,0.4686935051002924,0.3712274739000408,-0.0009596622351444406,2.038953847708128,2.8032401203266963e-17
