Electrode,Band,Hurst,DFA,Lyapunov,Sample Entropy,Correlation Dimension
Fp2,cD3,0.48048349477232793,0.4782159153187419,1.1097301135505869e-06,2.0333321671395743,-9.152083717869475e-16
