Electrode,Band,Hurst,DFA,Lyapunov,Sample Entropy,Correlation Dimension
C3,cD1,0.3634119876126719,0.31027863831137376,0.0007428544940367351,1.4908554752933822,2.6040270524806157e-15
