Electrode,Band,Hurst,DFA,Lyapunov,Sample Entropy,Correlation Dimension
C3,cD4,0.39868621745190175,0.38782114188792266,0.0002200675733161676,2.0045273599106537,-3.2407323260189023e-16
