Electrode,Band,Hurst,DFA,Lyapunov,Sample Entropy,Correlation Dimension
Fp1,cD2,0.43565739077758875,0.4435494649553783,-0.0005519577951147313,1.91556584539086,2.4900583416483674e-15
