Electrode,Band,Hurst,DFA,Lyapunov,Sample Entropy,Correlation Dimension
F4,cD2,0.44674925048674147,0.45609045075047194,-0.0002339103005150845,1.9832416307480774,1.4209019534917328e-15
