Electrode,Band,Hurst,DFA,Lyapunov,Sample Entropy,Correlation Dimension
F3,cD4,0.3553674593229372,0.33187227704046857,0.001514059124570508,1.9877251422207673,1.527182127933439e-17
