Electrode,Band,Hurst,DFA,Lyapunov,Sample Entropy,Correlation Dimension
F3,cD3,0.44198392994962377,0.4441964343830077,0.003155300833962135,1.9222291387865267,1.2274731032654655e-15
