Electrode,Band,Hurst,DFA,Lyapunov,Sample Entropy,Correlation Dimension
PO3,cD2,0.4408567659073028,0.4628167291023711,0.00020086115056820036,2.117073210396918,-1.7861313993032232e-16
