Electrode,Band,Hurst,DFA,Lyapunov,Sample Entropy,Correlation Dimension
F3,cD5,0.3744034139880045,0.3735534263122772,0.015117634783735035,1.8773219089447537,4.005798758903231e-16
