Electrode,Band,Hurst,DFA,Lyapunov,Sample Entropy,Correlation Dimension
Fp1,cA5,0.5718937627636784,0.9024828773850487,0.009186264716842921,1.1698634299589363,-8.946788829810048e-16
