Electrode,Band,Hurst,DFA,Lyapunov,Sample Entropy,Correlation Dimension
C3,cD3,0.4514397306433549,0.46574088347525255,0.003191566467284845,1.8514287625475738,9.049767014032234e-16
