Electrode,Band,Hurst,DFA,Lyapunov,Sample Entropy,Correlation Dimension
PO3,cA5,0.4673330066543289,0.6861319185780477,0.012979706565102719,1.9486536350010641,-5.957575524680421e-16
