Electrode,Band,Hurst,DFA,Lyapunov,Sample Entropy,Correlation Dimension
F4,cA5,0.5760185526791416,0.6797249105907889,0.0012417244188706437,1.938289745015623,-4.205769160883111e-16
