Electrode,Band,Hurst,DFA,Lyapunov,Sample Entropy,Correlation Dimension
C3,cD2,0.44778513043986407,0.4479331923781691,3.299135150308706e-05,1.61560544626601,5.986856842619069e-15
