Electrode,Band,Hurst,DFA,Lyapunov,Sample Entropy,Correlation Dimension
F3,cA5,0.5669405131384988,0.6935064868738801,0.010071914512794728,1.94604453056462,-4.994834316040437e-16
