Electrode,Band,Hurst,DFA,Lyapunov,Sample Entropy,Correlation Dimension
F4,cD5,0.40246482811073747,0.3857625910576924,0.011701780599314617,1.9144943058432051,7.399104391173348e-16
