Electrode,Band,Hurst,DFA,Lyapunov,Sample Entropy,Correlation Dimension
Fp2,cD2,0.45239650592250263,0.4614042513852485,0.00022506713867174837,2.03300798591102,-9.153787059916036e-16
