Electrode,Band,Hurst,DFA,Lyapunov,Sample Entropy,Correlation Dimension
C3,cD2,0.4985326135297383,0.49964401129763863,0.0005481257583149344,1.2659840377265843,0.00019054598287686846
