Electrode,Band,Hurst,DFA,Lyapunov,Sample Entropy,Correlation Dimension
Fp2,cA5,0.41807507230614127,0.7801787716355477,0.010894054800776765,1.3962078650831118,2.464113601156041e-16
