Electrode,Band,Approximate Entropy,Permutation Entropy,Sample Entropy,SVD Entropy
F4,cD2,1.9719156785050904,2.5772206886804483,1.6750201214749962,1.5765363292983952
