Electrode,Band,Approximate Entropy,Permutation Entropy,Sample Entropy,SVD Entropy
C4,cA5,1.571565260137234,2.564413317956028,1.8610975416410624,1.4433660833678488
