Electrode,Band,Hurst,DFA,Lyapunov,Sample Entropy,Correlation Dimension
C3,cD5,0.4758445133617301,0.4886782825939981,0.004513298381458479,2.084277256045788,8.406068790469042e-16
