Electrode,Band,Approximate Entropy,Permutation Entropy,Sample Entropy,SVD Entropy
F3,cD3,2.133278841185593,2.5751586654780656,2.134248374013209,1.5679851594702439
