Electrode,Band,Approximate Entropy,Permutation Entropy,Sample Entropy,SVD Entropy
Fp1,cD4,2.0199369830862475,2.5774175926218437,2.1237936699086224,1.5679467931170517
