Electrode,Band,Hurst,DFA,Lyapunov,Sample Entropy,Correlation Dimension
Fp2,cD4,0.46801713919105903,0.45443455348785705,-0.000657260779178934,2.175018013125009,9.731777203090668e-16
