Electrode,Band,Approximate Entropy,Permutation Entropy,Sample Entropy,SVD Entropy
F3,cD1,2.0380512159205075,2.5474194516054225,1.9098526081542508,1.4724930975542811
