Electrode,Band,Approximate Entropy,Permutation Entropy,Sample Entropy,SVD Entropy
F3,cD2,2.196413937006688,2.5760031052081653,2.1318786916514436,1.5662555614328975
