Electrode,Band,Approximate Entropy,Permutation Entropy,Sample Entropy,SVD Entropy
P4,cD3,2.1284612594257606,2.581854631944243,2.131014174264454,1.5773624655969836
