Electrode,Band,Hurst,DFA,Lyapunov,Sample Entropy,Correlation Dimension
PO3,cD3,0.43704638844540894,0.4663584782880982,0.002834094654429828,2.15165008606499,1.0532467010637082e-15
