Electrode,Band,Hurst,DFA,Lyapunov,Sample Entropy,Correlation Dimension
F4,cD5,0.41434562897222105,0.4895571947265573,-0.003201172568581929,2.1129208551026846,1.0649858697444737e-15
