Electrode,Band,Hurst,DFA,Lyapunov,Sample Entropy,Correlation Dimension
PO3,cD4,0.47773500967730187,0.47515138077590124,-0.0010927258115830472,2.148134420338279,2.869340667009541e-17
