Electrode,Band,Approximate Entropy,Permutation Entropy,Sample Entropy,SVD Entropy
Fp2,cD5,1.734221976534779,2.5749177792703657,1.9420322212110763,1.5368474301209276
