Electrode,Band,Hurst,DFA,Lyapunov,Sample Entropy,Correlation Dimension
F4,cD3,0.48405417273152473,0.48079838389103574,0.002953329953280156,2.0607877657440086,9.60389450918882e-16
