Electrode,Band,Hurst,DFA,Lyapunov,Sample Entropy,Correlation Dimension
PO3,cA5,0.6413946220336972,0.6941137839852698,0.023881762467671742,1.7204516242826626,-3.085390813670656e-16
