Electrode,Band,Approximate Entropy,Permutation Entropy,Sample Entropy,SVD Entropy
PO3,cD2,2.141095172562305,2.5713301303786658,2.0442892094053216,1.5510318507346934
