Electrode,Band,Approximate Entropy,Permutation Entropy,Sample Entropy,SVD Entropy
Fp1,cD5,1.770916646423819,2.5781477500163907,1.9957359528247056,1.54772699855452
