Electrode,Band,Hurst,DFA,Lyapunov,Sample Entropy,Correlation Dimension
C4,cD2,0.45342917162986335,0.44890501090677776,0.000907360423694522,1.8717734454614423,7.98729143126541e-16
