Electrode,Band,Hurst,DFA,Lyapunov,Sample Entropy,Correlation Dimension
C4,cD4,0.44982458738419473,0.45134957917789736,0.00032744552149887603,2.11045705322323,2.1157733017782963e-16
