Electrode,Band,Hurst,DFA,Lyapunov,Sample Entropy,Correlation Dimension
F4,cD4,0.4457122275251432,0.475412037167578,0.00047013253876636003,2.138802095476053,-5.07411367046833e-18
