Electrode,Band,Approximate Entropy,Permutation Entropy,Sample Entropy,SVD Entropy
C3,cA5,1.6357034958580208,2.5665634130308863,2.0656608918110835,1.5170953518324835
