Electrode,Band,Approximate Entropy,Permutation Entropy,Sample Entropy,SVD Entropy
PO3,cD3,2.1298970247275717,2.5800183594843094,2.1320067402174194,1.5758968075606883
