Electrode,Band,Hurst,DFA,Lyapunov,Sample Entropy,Correlation Dimension
P4,cD2,0.4622087736274815,0.44515430461351047,0.0007587953047320492,1.9714704421790137,7.508117022727968e-16
