Electrode,Band,Hurst,DFA,Lyapunov,Sample Entropy,Correlation Dimension
C3,cD1,0.3519876094594175,0.32485460915029074,0.004657025770707317,0.9532905542865485,0.023222116048605725
