Electrode,Band,Hurst,DFA,Lyapunov,Sample Entropy,Correlation Dimension
C4,cA5,0.38764814096415207,0.6785217111117542,0.005005819147283392,1.9362923783561303,-2.786098625378724e-16
