Electrode,Band,Hurst,DFA,Lyapunov,Sample Entropy,Correlation Dimension
Fp1,cD2,0.455927521467503,0.448649505883456,0.0008842930649262275,1.9930768471991047,1.8892732475138566e-15
