Electrode,Band,Hurst,DFA,Lyapunov,Sample Entropy,Correlation Dimension
Fp2,cD1,0.35493703818043787,0.3263667922205675,0.004957485198974439,1.797707121690093,1.5287701897051271e-15
