Electrode,Band,Hurst,DFA,Lyapunov,Sample Entropy,Correlation Dimension
C3,cD3,0.4829719600629879,0.5005217280040741,0.0003411610921216594,1.6946019417252713,-7.891987613336663e-16
