Electrode,Band,Approximate Entropy,Permutation Entropy,Sample Entropy,SVD Entropy
C4,cD1,1.6953494682981995,2.536037401260758,1.3924937430772624,1.4226440922295729
