Electrode,Band,Hurst,DFA,Lyapunov,Sample Entropy,Correlation Dimension
P4,cD4,0.43965152106678795,0.45241924307399434,0.0036671465093436224,2.099707147565128,-3.636567938416885e-17
