Electrode,Band,Hurst,DFA,Lyapunov,Sample Entropy,Correlation Dimension
F4,cD2,0.44014825582424055,0.46023390761424793,0.0024281241677020283,1.933704660244834,2.031976639420597e-15
