Electrode,Band,Hurst,DFA,Lyapunov,Sample Entropy,Correlation Dimension
Fp1,cD4,0.44680086393765067,0.46554400589449796,0.004034978693181675,2.1517107737769856,1.6552064692010596e-17
