Electrode,Band,Approximate Entropy,Permutation Entropy,Sample Entropy,SVD Entropy
P4,cD5,1.659926994103551,2.569387973369173,1.8156342254094895,1.531280756333294
