Electrode,Band,Approximate Entropy,Permutation Entropy,Sample Entropy,SVD Entropy
PO3,cD4,1.9450387101375348,2.574922885240346,2.007930331966861,1.5222096345720144
