Electrode,Band,Approximate Entropy,Permutation Entropy,Sample Entropy,SVD Entropy
Fp1,cA5,1.4442548726153248,2.5282675718751095,1.566755629748271,1.3319541705794704
