Electrode,Band,Hurst,DFA,Lyapunov,Sample Entropy,Correlation Dimension
PO3,cD2,0.48400916276219746,0.46010562068338084,0.0001705458669953662,2.084107623923524,8.96530766340296e-16
