Electrode,Band,Hurst,DFA,Lyapunov,Sample Entropy,Correlation Dimension
P4,cA5,0.48684838551615417,0.8044643865045593,0.0702800664034755,1.6751111462098562,-4.231354474719913e-16
