Electrode,Band,Hurst,DFA,Lyapunov,Sample Entropy,Correlation Dimension
PO3,cD5,0.44420444555277494,0.47185376767386245,0.008965340436424503,2.1440145603541536,6.941516204359654e-16
