Electrode,Band,Approximate Entropy,Permutation Entropy,Sample Entropy,SVD Entropy
C3,cD1,2.0066877679945367,2.5491845731213667,1.8923249773652147,1.4566963159653357
