Electrode,Band,Approximate Entropy,Permutation Entropy,Sample Entropy,SVD Entropy
C4,cD4,2.0078363134632724,2.576816881915121,2.108993284707518,1.5560213695554403
