Electrode,Band,Hurst,DFA,Lyapunov,Sample Entropy,Correlation Dimension
Fp1,cD5,0.42132851778252717,0.5060195450946271,0.00914845861993153,2.104094300136332,7.640524026981647e-16
