Electrode,Band,Approximate Entropy,Permutation Entropy,Sample Entropy,SVD Entropy
PO3,cD1,1.9099269655052291,2.541392623495612,1.751958186378396,1.4245448028179872
