Electrode,Band,Approximate Entropy,Permutation Entropy,Sample Entropy,SVD Entropy
C4,cD2,1.9916164331144781,2.5784823398610754,1.7373215187321025,1.5750307207747793
