Electrode,Band,Approximate Entropy,Permutation Entropy,Sample Entropy,SVD Entropy
F4,cD3,2.0434861613468627,2.582549091564897,1.9934099987989466,1.58254422201824
