Electrode,Band,Hurst,DFA,Lyapunov,Sample Entropy,Correlation Dimension
C4,cD5,0.4649399015331452,0.5213648681215768,0.004663831537420072,2.0788536521861256,9.480897286598977e-16
