Electrode,Band,Hurst,DFA,Lyapunov,Sample Entropy,Correlation Dimension
C4,cD3,0.4627304553451127,0.4943847169963532,-0.00044465498490751926,2.014432092572602,1.2637481334211618e-15
