Electrode,Band,Hurst,DFA,Lyapunov,Sample Entropy,Correlation Dimension
F4,cA5,0.38866765286625515,0.4789688422270844,-0.0005312775120592036,2.078572102413358,-4.049479544314014e-16
