Electrode,Band,Hurst,DFA,Lyapunov,Sample Entropy,Correlation Dimension
Fp2,cD3,0.5083056517734089,0.4855342831982017,0.003610888394442052,2.10786158067871,7.577807441432717e-16
