Electrode,Band,Approximate Entropy,Permutation Entropy,Sample Entropy,SVD Entropy
Fp1,cD3,2.0790191145332866,2.583174186350704,2.023300361921398,1.5781738348774939
