Electrode,Band,Hurst,DFA,Lyapunov,Sample Entropy,Correlation Dimension
F4,cD1,0.36302781954257113,0.3195964685318167,0.001169250950668702,1.706642466372595,0.6364585124059943
