Electrode,Band,Hurst,DFA,Lyapunov,Sample Entropy,Correlation Dimension
Fp2,cD2,0.42794503805374745,0.4509824667769865,0.0005077708851206505,2.0342048454011845,1.967036265501756e-15
