Electrode,Band,Approximate Entropy,Permutation Entropy,Sample Entropy,SVD Entropy
F3,cA5,1.6059028938648217,2.5597434391974243,1.909165786100552,1.4346897222745625
