Electrode,Band,Approximate Entropy,Permutation Entropy,Sample Entropy,SVD Entropy
F4,cD4,1.9687136386331483,2.5771128552037643,2.0342498693682924,1.5562564188652126
