Electrode,Band,Hurst,DFA,Lyapunov,Sample Entropy,Correlation Dimension
P4,cD1,0.3811539379317017,0.3442536203766641,0.004823465058297884,1.7480099612753832,3.3410803290986213e-15
