Electrode,Band,Hurst,DFA,Lyapunov,Sample Entropy,Correlation Dimension
Fp1,cA5,0.5472990628140963,0.6216757390958889,0.013071725499911362,1.2197854559119587,2.2963197300083764e-15
