Electrode,Band,Hurst,DFA,Lyapunov,Sample Entropy,Correlation Dimension
C3,cD4,0.45782720328559273,0.4691339036152555,0.0008009823885830033,2.04222447350145,7.326267234066062e-18
