Electrode,Band,Approximate Entropy,Permutation Entropy,Sample Entropy,SVD Entropy
F4,cA5,1.5720986758738436,2.544283680244451,1.845593263793256,1.4316081041159185
