Electrode,Band,Hurst,DFA,Lyapunov,Sample Entropy,Correlation Dimension
Fp1,cD1,0.35088653508799317,0.3376831633495841,0.004433996027166172,1.7735782723010012,-1.0626551586158248e-16
