Electrode,Band,Hurst,DFA,Lyapunov,Sample Entropy,Correlation Dimension
PO3,cD1,0.3500047003567005,0.32328360239512943,0.0017174980857156995,1.8505818210883864,1.2190064327308902e-15
