Electrode,Band,Hurst,DFA,Lyapunov,Sample Entropy,Correlation Dimension
C3,cA5,0.5597395738007254,0.5551653243417753,0.002344070781361057,2.001937524473619,-5.447814456805709e-16
