Electrode,Band,Hurst,DFA,Lyapunov,Sample Entropy,Correlation Dimension
C4,cD1,0.3659539371207386,0.32452827643280835,0.005083907734263746,1.6114158641315086,2.3347631760603106e-15
