Electrode,Band,Hurst,DFA,Lyapunov,Sample Entropy,Correlation Dimension
P4,cD5,0.411009188026934,0.49788404996069197,-0.0007681181936556807,2.073170161508687,8.619442249148411e-16
