Electrode,Band,Hurst,DFA,Lyapunov,Sample Entropy,Correlation Dimension
Fp2,cD5,0.42510623165544215,0.49502703769268414,0.0017577864907003008,2.113493207647362,8.629255594585165e-16
