Electrode,Band,Approximate Entropy,Permutation Entropy,Sample Entropy,SVD Entropy
Fp2,cA5,1.4422940709265433,2.5243367231409084,1.5636008060189108,1.3347806540638316
