Electrode,Band,Hurst,DFA,Lyapunov,Sample Entropy,Correlation Dimension
Fp1,cD3,0.500127589869028,0.4949168388620699,0.002639683810147263,2.098096124679645,8.401549640711833e-16
