Electrode,Band,Approximate Entropy,Permutation Entropy,Sample Entropy,SVD Entropy
F4,cD1,1.7099264838519943,2.5404168678414103,1.337937793315257,1.4351814579757702
