Electrode,Band,Hurst,DFA,Lyapunov,Sample Entropy,Correlation Dimension
P4,cD3,0.447443845274158,0.44665809152246205,0.0009527379816225359,2.081212751421738,7.991902854136458e-16
