Electrode,Band,Hurst,DFA,Lyapunov,Sample Entropy,Correlation Dimension
F4,cD4,0.3930200305041783,0.367364186190444,0.0032247716730292465,2.06778764914769,1.2085120913132004e-16
