Electrode,Band,Hurst,DFA,Lyapunov,Sample Entropy,Correlation Dimension
C3,cD2,0.4506094357465229,0.4547570195799546,4.341819069613426e-05,2.058600091240929,-8.054965898178931e-16
