Electrode,Band,Hurst,DFA,Lyapunov,Sample Entropy,Correlation Dimension
Fp1,cD5,0.4077548230625175,0.45790026801225764,-0.001431996894605334,2.07688414196166,9.00994725956667e-16
