Electrode,Band,Hurst,DFA,Lyapunov,Sample Entropy,Correlation Dimension
F4,cA5,0.32476042563985336,0.6443886286883667,0.02846001530741633,1.9222815306618681,-3.1772063128504894e-16
