Electrode,Band,Hurst,DFA,Lyapunov,Sample Entropy,Correlation Dimension
P4,cD1,0.3019206720491423,0.3431794901912845,0.003692540255459527,1.9071216533621766,-2.2635312367882496e-15
