Electrode,Band,Hurst,DFA,Lyapunov,Sample Entropy,Correlation Dimension
PO3,cD3,0.40448887052893107,0.37528868481728644,0.0044508760625668504,2.045163980652085,2.9534477210857317e-15
