Electrode,Band,Hurst,DFA,Lyapunov,Sample Entropy,Correlation Dimension
C3,cD3,0.4129298104048074,0.38176618643283483,0.003976093639026427,2.0304454437539685,-1.1205126655495852e-15
