Electrode,Band,Hurst,DFA,Lyapunov,Sample Entropy,Correlation Dimension
Fp2,cA5,0.4271452777178435,0.8277985845856716,0.04573485976771317,1.0227669897545446,2.2119109403504774e-15
