Electrode,Band,Hurst,DFA,Lyapunov,Sample Entropy,Correlation Dimension
C4,cD1,0.3357723751250591,0.29503487364630926,0.010388302389228906,1.7296148475283524,1.481950904957357e-15
