Electrode,Band,Hurst,DFA,Lyapunov,Sample Entropy,Correlation Dimension
F3,cD4,0.38343751490468353,0.37588559115706355,-9.254686760191061e-05,2.088396781002935,3.2923587435281705e-18
