Electrode,Band,Hurst,DFA,Lyapunov,Sample Entropy,Correlation Dimension
P4,cD4,0.36736663056721036,0.3302658257982424,0.004480162533846489,2.0027191024303233,-7.691144744384766e-17
