Electrode,Band,Hurst,DFA,Lyapunov,Sample Entropy,Correlation Dimension
C3,cD1,0.33089634207309115,0.3116846139220995,0.010756980911275521,1.744094188979566,-3.6807910134109134e-17
