Electrode,Band,Hurst,DFA,Lyapunov,Sample Entropy,Correlation Dimension
PO3,cD1,0.38280197613230654,0.3561614003860755,0.0011551712498520364,1.8679378619776137,-3.329007459534969e-17
