Electrode,Band,Hurst,DFA,Lyapunov,Sample Entropy,Correlation Dimension
F4,cD5,0.48603044239944243,0.552711036540661,0.005219867012717598,2.1257656133540745,8.57031790785936e-16
