Electrode,Band,Hurst,DFA,Lyapunov,Sample Entropy,Correlation Dimension
F3,cD1,0.36892268742725515,0.3356180855577431,0.004568221352317002,1.7352676127523197,4.596350489497477e-15
