Electrode,Band,Hurst,DFA,Lyapunov,Sample Entropy,Correlation Dimension
P4,cD2,0.4398840027073937,0.4300498920209336,0.002714148434726023,2.037972667756361,1.6786977470554148e-15
