Electrode,Band,Hurst,DFA,Lyapunov,Sample Entropy,Correlation Dimension
Fp2,cD2,0.44589551746393175,0.43309961824026844,0.0027991728349163318,1.9000153368124426,8.878274353744975e-16
