Electrode,Band,Hurst,DFA,Lyapunov,Sample Entropy,Correlation Dimension
F3,cD3,0.3901084906227496,0.368322486391651,0.0006344708529384653,2.0067137444690455,9.010991108867636e-16
