Electrode,Band,Hurst,DFA,Lyapunov,Sample Entropy,Correlation Dimension
PO3,cD2,0.4363919134477464,0.42897613851157795,0.001059214274088353,2.0659749288675004,1.8507549346656206e-15
