Electrode,Band,Hurst,DFA,Lyapunov,Sample Entropy,Correlation Dimension
PO3,cD5,0.47036607862942775,0.5269160959342022,-0.0005399703979493216,2.107740428995333,8.73526714878084e-16
