Electrode,Band,Hurst,DFA,Lyapunov,Sample Entropy,Correlation Dimension
F4,cD1,0.3538344023961615,0.31788246608565873,0.0013363693699683318,1.8039084068301434,-1.6841802432230114e-17
