Electrode,Band,Hurst,DFA,Lyapunov,Sample Entropy,Correlation Dimension
F3,cD5,0.4527827153040592,0.48907538676652074,0.00398835268887639,2.1169952828466068,9.657227363181199e-16
