Electrode,Band,Hurst,DFA,Lyapunov,Sample Entropy,Correlation Dimension
PO3,cD4,0.381222809477216,0.3667341562913602,0.009093954846575745,1.9948300471962166,-1.199719498371184e-16
