Electrode,Band,Hurst,DFA,Lyapunov,Sample Entropy,Correlation Dimension
Fp1,cD1,0.34751796676817454,0.33389421951919673,0.0010763919714718176,1.6042634232131876,0.00010346359580494195
