Electrode,Band,Hurst,DFA,Lyapunov,Sample Entropy,Correlation Dimension
C4,cD5,0.4902197427989507,0.550229590347987,-0.00206441590280248,2.0681629582776453,-1.1431004383085127e-15
