Electrode,Band,Hurst,DFA,Lyapunov,Sample Entropy,Correlation Dimension
P4,cA5,0.45937535901037874,0.6432384517121874,0.014934438701865818,1.8809100152026064,-4.2072817320803483e-16
