Electrode,Band,Hurst,DFA,Lyapunov,Sample Entropy,Correlation Dimension
Fp1,cD3,0.44501507428934656,0.4363589557064711,0.0033887516368519047,1.989236886480447,-7.287911945862761e-16
