Electrode,Band,Hurst,DFA,Lyapunov,Sample Entropy,Correlation Dimension
P4,cD5,0.43542888948297614,0.4837465964362569,-0.0008146863995178226,2.054650677588216,1.0640406129947362e-15
