Electrode,Band,Hurst,DFA,Lyapunov,Sample Entropy,Correlation Dimension
Fp2,cD3,0.4131625015892796,0.38977665641663095,0.000879883043693271,1.969717924346823,1.031246766836839e-15
