Electrode,Band,Hurst,DFA,Lyapunov,Sample Entropy,Correlation Dimension
P4,cD3,0.3812756916588667,0.35217914627806257,0.0007193767663201973,2.0203965171919593,9.00116079490978e-16
