Electrode,Band,Hurst,DFA,Lyapunov,Sample Entropy,Correlation Dimension
C4,cA5,0.588803856667707,0.6941789692213675,0.008317388291111607,1.9953542071864476,-5.454110459886736e-16
