Electrode,Band,Hurst,DFA,Lyapunov,Sample Entropy,Correlation Dimension
C4,cD4,0.3626617839071301,0.3344761892489772,0.0005160649617510901,2.047507168203417,-8.459709467757327e-17
