Electrode,Band,Hurst,DFA,Lyapunov,Sample Entropy,Correlation Dimension
C3,cD5,0.4367686059112608,0.4830863151682327,0.004150425304066036,2.0818293988608305,8.854310481174373e-16
