Electrode,Band,Hurst,DFA,Lyapunov,Sample Entropy,Correlation Dimension
PO3,cA5,0.40141528420343525,0.6940729964799868,0.025304893084934728,1.909167059038091,-4.221251174651711e-16
