Electrode,Band,Hurst,DFA,Lyapunov,Sample Entropy,Correlation Dimension
Fp1,cA5,0.41535461391009143,0.6924470035287247,0.042747179906170996,1.111606716918656,-4.0766139667886837e-16
