Electrode,Band,Hurst,DFA,Lyapunov,Sample Entropy,Correlation Dimension
Fp2,cD4,0.4089906785319831,0.38737310678172693,0.0028676813299004207,2.072303995877492,-8.317466794143008e-17
