Electrode,Band,Hurst,DFA,Lyapunov,Sample Entropy,Correlation Dimension
F3,cD2,0.45168712916626597,0.46113660384443483,0.0036857778375796735,1.9935714250432433,-9.502746529504377e-16
