Electrode,Band,Hurst,DFA,Lyapunov,Sample Entropy,Correlation Dimension
C4,cD3,0.39806814582729433,0.393131287481409,0.0020565726540303815,2.020635586744629,9.137244850926211e-16
