Electrode,Band,Hurst,DFA,Lyapunov,Sample Entropy,Correlation Dimension
F4,cD2,0.44964227935005613,0.47252156793894357,0.002171620455654944,2.039186333137541,6.758367496616753e-16
