Electrode,Band,Hurst,DFA,Lyapunov,Sample Entropy,Correlation Dimension
Fp2,cD5,0.44552728365658006,0.49918984068532885,0.003649971701881797,2.096559178659933,7.618823198302295e-16
