Electrode,Band,Hurst,DFA,Lyapunov,Sample Entropy,Correlation Dimension
C3,cA5,0.3321578454802085,0.5891656196294186,0.018511944026737438,2.021997535948756,-1.2626456473387767e-15
