Electrode,Band,Hurst,DFA,Lyapunov,Sample Entropy,Correlation Dimension
Fp2,cD1,0.3424477942540697,0.30228453888914336,0.005121569199995589,1.6577220687378829,1.4555876543878417e-15
