Electrode,Band,Hurst,DFA,Lyapunov,Sample Entropy,Correlation Dimension
C3,cD4,0.3437986966862742,0.32960507308241305,-0.0003591826467808685,2.0472034330012967,-2.8394533510768447e-17
