Electrode,Band,Hurst,DFA,Lyapunov,Sample Entropy,Correlation Dimension
Fp1,cD4,0.4477190644788481,0.4136009096371839,0.00265463915738195,2.0889202856343796,-2.005411594066291e-16
