Electrode,Band,Hurst,DFA,Lyapunov,Sample Entropy,Correlation Dimension
Fp1,cD2,0.46051458135709905,0.45166208992331885,0.0019777558066629026,1.8452065441540166,1.382926681965053e-15
