Electrode,Band,Hurst,DFA,Lyapunov,Sample Entropy,Correlation Dimension
C4,cD2,0.44894626397164267,0.46752926299290853,2.7685454392354104e-06,2.0554036606857484,2.8443082617159e-17
