Electrode,Band,Hurst,DFA,Lyapunov,Sample Entropy,Correlation Dimension
F3,cA5,0.5247182720432086,0.7085860393989847,0.016258899982159177,1.9798296700214777,-5.917060139259823e-16
