Electrode,Band,Hurst,DFA,Lyapunov,Sample Entropy,Correlation Dimension
Fp1,cD1,0.32065972632794293,0.3006078808350429,0.002348917180841347,1.7333821445945354,2.706518253176504e-15
