Electrode,Band,Hurst,DFA,Lyapunov,Sample Entropy,Correlation Dimension
Fp1,cD5,0.45635330454017525,0.5136755191242549,0.003828473524613645,1.8517470976317574,7.294829552028371e-16
