Electrode,Band,Hurst,DFA,Lyapunov,Sample Entropy,Correlation Dimension
F3,cD4,0.4308977795911484,0.4195573708053281,0.000742600180886021,2.062759178624518,2.0135723532365174e-16
