Electrode,Band,Hurst,DFA,Lyapunov,Sample Entropy,Correlation Dimension
F4,cD5,0.46527296158757714,0.5244768352982662,0.0006933270078714653,2.118701407312453,4.703357268449231e-16
