Electrode,Band,Hurst,DFA,Lyapunov,Sample Entropy,Correlation Dimension
P4,cD1,0.34161461971858564,0.325105826191708,0.005259765373481125,1.561584018859521,1.6279096064548932e-05
