Electrode,Band,Hurst,DFA,Lyapunov,Sample Entropy,Correlation Dimension
Fp2,cD5,0.474977638679705,0.5565509082164708,0.0017040310483987006,1.9907147048198195,1.0645334451827745e-15
