Electrode,Band,Hurst,DFA,Lyapunov,Sample Entropy,Correlation Dimension
P4,cA5,0.576329736103083,0.659344840996672,0.006858738985928529,1.932594373079541,-3.226977321657212e-16
