Electrode,Band,Hurst,DFA,Lyapunov,Sample Entropy,Correlation Dimension
F4,cD2,0.4589538124572124,0.46681584763795225,0.0002933559995705488,2.065767461354394,-4.826068269081225e-16
