Electrode,Band,Hurst,DFA,Lyapunov,Sample Entropy,Correlation Dimension
PO3,cD3,0.5203532601291966,0.5033698206678868,0.00035402124578298445,2.1150245789724216,8.305696750145687e-16
