Electrode,Band,Hurst,DFA,Lyapunov,Sample Entropy,Correlation Dimension
C3,cD3,0.51047196077839,0.5149485832900608,0.0020262891596013626,2.1227442983033518,8.051559019368517e-16
