Electrode,Band,Hurst,DFA,Lyapunov,Sample Entropy,Correlation Dimension
C3,cD1,0.28610776799419013,0.24534575398111944,0.0020366321910509286,1.555878291941038,-2.4369111543768736e-16
