Electrode,Band,Hurst,DFA,Lyapunov,Sample Entropy,Correlation Dimension
PO3,cA5,0.6230199711429532,0.6760050595569215,0.03259576068204979,1.8796538484825627,-3.2919715800849025e-16
