Electrode,Band,Hurst,DFA,Lyapunov,Sample Entropy,Correlation Dimension
Fp1,cD2,0.46464218910848404,0.4594055026548027,0.0009980057225080104,2.0349233707985896,-7.209313834005277e-16
