Electrode,Band,Hurst,DFA,Lyapunov,Sample Entropy,Correlation Dimension
C3,cD5,0.5449129425419749,0.5654065603931103,0.004732747511430076,2.083022238990955,9.78497992587463e-16
