Electrode,Band,Hurst,DFA,Lyapunov,Sample Entropy,Correlation Dimension
F3,cD5,0.4491524912092758,0.5100328006583655,0.004677122289484108,2.050295054879659,9.309275316043192e-16
