Electrode,Band,Hurst,DFA,Lyapunov,Sample Entropy,Correlation Dimension
Fp1,cA5,0.49984029271566704,0.9228200416251993,0.033345235337835746,0.8033798080168896,0.0030440160484586395
