Electrode,Band,Hurst,DFA,Lyapunov,Sample Entropy,Correlation Dimension
PO3,cD1,0.34410973083220964,0.3075426017481283,0.0011048923839220048,1.7315504265378319,1.2447317902548601e-15
