Electrode,Band,Hurst,DFA,Lyapunov,Sample Entropy,Correlation Dimension
F3,cD2,0.48215867539243407,0.48153514097268735,0.00392819276619725,2.022176512921567,1.3669487365714214e-16
