Electrode,Band,Hurst,DFA,Lyapunov,Sample Entropy,Correlation Dimension
C3,cA5,0.5309123492660894,0.654401230534585,0.008352799849076999,1.9110524507824629,-5.572697603299068e-16
