Electrode,Band,Hurst,DFA,Lyapunov,Sample Entropy,Correlation Dimension
P4,cD5,0.4856158564888578,0.5208623191029708,0.0007408142089843407,2.0387536280529015,9.748739269900301e-16
