Electrode,Band,Hurst,DFA,Lyapunov,Sample Entropy,Correlation Dimension
F3,cD1,0.3371991054253148,0.3085272970503202,0.011433129924145214,1.692359056897861,2.9958445772492994e-15
