Electrode,Band,Hurst,DFA,Lyapunov,Sample Entropy,Correlation Dimension
C3,cD2,0.48931028793081877,0.46995405488717634,-0.0003314914125385816,2.0018820602337106,-9.812915523004384e-16
