Electrode,Band,Hurst,DFA,Lyapunov,Sample Entropy,Correlation Dimension
Fp2,cD1,0.29753277177494075,0.26164995183014017,0.005785777352072763,1.7188479585637055,3.330874422085116e-15
