Electrode,Band,Hurst,DFA,Lyapunov,Sample Entropy,Correlation Dimension
P4,cD2,0.4690242091132245,0.4851855905533574,0.0005213072805686458,1.9577483400878908,-1.106506167749501e-17
