Electrode,Band,Hurst,DFA,Lyapunov,Sample Entropy,Correlation Dimension
P4,cD4,0.4220404991450932,0.400226404511449,0.0002502268010919147,2.0256725727703717,-2.796258627041549e-17
