Electrode,Band,Hurst,DFA,Lyapunov,Sample Entropy,Correlation Dimension
Fp1,cD4,0.43856614396473625,0.47041543850875234,0.003280891071666332,2.124497896988479,-4.433291097324285e-17
