Electrode,Band,Hurst,DFA,Lyapunov,Sample Entropy,Correlation Dimension
Fp2,cD2,0.45047424803829716,0.44797042174173096,1.591191147268491e-05,2.063119392369695,-2.566401540352519e-16
