Electrode,Band,Hurst,DFA,Lyapunov,Sample Entropy,Correlation Dimension
F4,cD1,0.3456925434769449,0.30400899150816785,0.005491343411532325,1.7846406082204411,3.173587202601745e-15
