Electrode,Band,Hurst,DFA,Lyapunov,Sample Entropy,Correlation Dimension
PO3,cD5,0.4864264548543502,0.5533275406882825,-0.00012530124548737568,2.0574095655595386,1.7451245393591915e-15
