Electrode,Band,Hurst,DFA,Lyapunov,Sample Entropy,Correlation Dimension
F4,cA5,0.4844402323937238,0.6835008451495201,0.0006094325672495125,1.979263417528993,-5.346201525293962e-16
