Electrode,Band,Hurst,DFA,Lyapunov,Sample Entropy,Correlation Dimension
C3,cD4,0.4314728074863997,0.4546131541715154,0.0007993929313887772,2.027844900662906,1.2062274328110833e-15
