Electrode,Band,Hurst,DFA,Lyapunov,Sample Entropy,Correlation Dimension
Fp1,cD3,0.49084616252294144,0.5192008979525501,0.00036226908365855385,2.091798681043288,-7.094817303904531e-16
