Electrode,Band,Hurst,DFA,Lyapunov,Sample Entropy,Correlation Dimension
PO3,cD2,0.4735241681573928,0.4426100857719035,0.0002859115600582785,2.0106272213756937,-2.2214207776535444e-16
