Electrode,Band,Hurst,DFA,Lyapunov,Sample Entropy,Correlation Dimension
F4,cD3,0.49370251588296005,0.4713604960059407,0.0030339067632499696,2.127382681410313,6.418075520361305e-16
