Electrode,Band,Hurst,DFA,Lyapunov,Sample Entropy,Correlation Dimension
Fp2,cA5,0.5752305700229418,0.8985796924034904,0.0482110025912902,1.0499479977444857,-1.6578249697913923e-15
