Electrode,Band,Hurst,DFA,Lyapunov,Sample Entropy,Correlation Dimension
F3,cA5,0.4153009714783249,0.6801550875449286,0.02892440125182408,1.8577439198602974,-4.820849066314766e-16
