Electrode,Band,Hurst,DFA,Lyapunov,Sample Entropy,Correlation Dimension
F3,cD3,0.517149421829049,0.5016010546992161,-0.0008625319509796519,2.114958050559758,8.592806130978553e-16
