Electrode,Band,Hurst,DFA,Lyapunov,Sample Entropy,Correlation Dimension
Fp2,cD3,0.49042329642683824,0.5153342949286189,-0.00033184976288798396,2.119477465206966,7.514972641399387e-16
