Electrode,Band,Hurst,DFA,Lyapunov,Sample Entropy,Correlation Dimension
Fp2,cD4,0.46269652656614807,0.4704377549908106,0.0013531887170037432,2.1638530723736644,6.410067653174923e-17
