Electrode,Band,Hurst,DFA,Lyapunov,Sample Entropy,Correlation Dimension
F4,cD4,0.3867224325547782,0.4183007776572703,0.0005892146717418966,2.119762822925265,-2.0643579982857421e-16
