Electrode,Band,Hurst,DFA,Lyapunov,Sample Entropy,Correlation Dimension
P4,cD3,0.4812477011548187,0.4966013585053001,0.003485558249733627,2.0960355328371825,4.188673608509905e-15
