Electrode,Band,Hurst,DFA,Lyapunov,Sample Entropy,Correlation Dimension
PO3,cD4,0.4125098612899136,0.4057723263085109,0.0013407447121360503,2.027971837668683,-5.602345033597738e-17
