Electrode,Band,Hurst,DFA,Lyapunov,Sample Entropy,Correlation Dimension
P4,cD5,0.3872296062921009,0.44492312852518107,0.003991508483886694,2.086357633378209,9.648889029507137e-16
