Electrode,Band,Hurst,DFA,Lyapunov,Sample Entropy,Correlation Dimension
C3,cD2,0.48639236887444137,0.4837573649840167,0.0004918127348928484,2.110532148380349,1.4584588213173272e-15
