Electrode,Band,Hurst,DFA,Lyapunov,Sample Entropy,Correlation Dimension
PO3,cD2,0.41918061759752834,0.4447848196656881,0.0004517237345373076,2.0873182832193904,5.918898422152736e-16
