Electrode,Band,Hurst,DFA,Lyapunov,Sample Entropy,Correlation Dimension
P4,cD3,0.4787264338819841,0.48287211018160714,-0.00025361956972074146,2.177663834368224,9.653359054961249e-16
