Electrode,Band,Hurst,DFA,Lyapunov,Sample Entropy,Correlation Dimension
Fp1,cD5,0.38676099370323036,0.409005823559369,0.004699152166193055,1.9823610427405625,1.0246374405853848e-15
