Electrode,Band,Hurst,DFA,Lyapunov,Sample Entropy,Correlation Dimension
PO3,cD1,0.3188194146331864,0.28587892754446986,0.01040411886767793,1.8032408762774925,-1.6188175353175506e-15
