Electrode,Band,Hurst,DFA,Lyapunov,Sample Entropy,Correlation Dimension
C3,cA5,0.6791836312543342,0.7471171500049312,0.00749915213231243,1.6634032752299952,-2.3552344048393796e-16
