Electrode,Band,Hurst,DFA,Lyapunov,Sample Entropy,Correlation Dimension
C3,cD4,0.467151935431414,0.4796801635563406,0.0005218216867154957,2.16328963584276,-1.802333743431827e-17
