Electrode,Band,Hurst,DFA,Lyapunov,Sample Entropy,Correlation Dimension
C3,cD5,0.4000993788366778,0.4888972705833227,0.0016343434651689957,2.1395530956471864,8.044315214859845e-16
