Electrode,Band,Hurst,DFA,Lyapunov,Sample Entropy,Correlation Dimension
Fp1,cD1,0.333938814135794,0.3031743796870433,0.004875694621693158,1.7789404766462986,4.431348012186639e-15
