Electrode,Band,Hurst,DFA,Lyapunov,Sample Entropy,Correlation Dimension
Fp2,cD4,0.4776909425716947,0.49341305427505017,0.0011649912053885404,2.1002391367414677,1.1222148613354962e-15
