Electrode,Band,Hurst,DFA,Lyapunov,Sample Entropy,Correlation Dimension
P4,cA5,0.3937879788782419,0.8581179628321494,0.011606067747581697,1.7123188674925707,-1.9248643561453822e-16
