Electrode,Band,Hurst,DFA,Lyapunov,Sample Entropy,Correlation Dimension
Fp2,cD3,0.4927091803726678,0.4927436901356156,0.00013424844452806462,2.0122444751750286,2.7154749706856426e-15
