Electrode,Band,Hurst,DFA,Lyapunov,Sample Entropy,Correlation Dimension
C3,cD3,0.44927727941872564,0.46909247895593936,0.0003563274036757783,2.1440209250096696,7.493477039749235e-16
