Electrode,Band,Hurst,DFA,Lyapunov,Sample Entropy,Correlation Dimension
Fp2,cD1,0.30308892859550496,0.2719855076847678,0.010700305858692666,1.487866964704817,0.00028051503650131077
