Electrode,Band,Hurst,DFA,Lyapunov,Sample Entropy,Correlation Dimension
PO3,cA5,0.3866840904888773,0.8115366760547605,0.009749270940231028,1.627552419472877,-2.3279949851539326e-16
