Electrode,Band,Hurst,DFA,Lyapunov,Sample Entropy,Correlation Dimension
F3,cD1,0.32871782729935134,0.2905140744305666,0.005094484849409496,1.6754302656138036,-4.330230698541621e-15
