Electrode,Band,Hurst,DFA,Lyapunov,Sample Entropy,Correlation Dimension
Fp1,cA5,0.4832152807610418,0.8969631234568357,0.01761191961333513,0.6684264350322916,0.08305195284329141
