Electrode,Band,Hurst,DFA,Lyapunov,Sample Entropy,Correlation Dimension
PO3,cD3,0.46045146131716685,0.4820183292560008,0.0004675200491237939,2.131951028552934,8.814401387350603e-16
