Electrode,Band,Hurst,DFA,Lyapunov,Sample Entropy,Correlation Dimension
F3,cD3,0.515584948312074,0.523925581059231,-8.097561922942128e-05,2.1410559008690955,8.695148830585034e-16
