Electrode,Band,Hurst,DFA,Lyapunov,Sample Entropy,Correlation Dimension
Fp2,cD2,0.47592191036697945,0.4779994708829245,0.0015616272435042952,1.8216325777602473,2.186627640925722e-15
