Electrode,Band,Hurst,DFA,Lyapunov,Sample Entropy,Correlation Dimension
P4,cD4,0.4116528356280836,0.4573138320947103,-0.0004995519464667349,2.151852060977994,9.895126292937044e-17
