Electrode,Band,Hurst,DFA,Lyapunov,Sample Entropy,Correlation Dimension
P4,cD1,0.3498717630177942,0.30420331866826095,0.009967157057115435,1.8417399646398283,1.3163782299938286e-15
