Electrode,Band,Hurst,DFA,Lyapunov,Sample Entropy,Correlation Dimension
Fp1,cD3,0.4538617577135857,0.4906190619747775,0.0008897318984520749,2.056885157665424,9.899301686366723e-16
