Electrode,Band,Hurst,DFA,Lyapunov,Sample Entropy,Correlation Dimension
F3,cD5,0.44837071219594754,0.45686675895541384,0.0029357389970263246,2.077208234714218,7.361641678632478e-16
