Electrode,Band,Hurst,DFA,Lyapunov,Sample Entropy,Correlation Dimension
F3,cD2,0.4553631410822469,0.4557001656525614,0.003291528875177172,2.0699525447727676,1.392259628270338e-16
