Electrode,Band,Hurst,DFA,Lyapunov,Sample Entropy,Correlation Dimension
F3,cD4,0.4475252009536119,0.47992057032720764,0.0086024105130876,2.1431579115269166,1.2051304882477766e-16
