Electrode,Band,Hurst,DFA,Lyapunov,Sample Entropy,Correlation Dimension
PO3,cD5,0.3792134458010829,0.37658423881987707,0.0040117177096279655,1.9212769397000595,8.618666243769621e-16
