Electrode,Band,Hurst,DFA,Lyapunov,Sample Entropy,Correlation Dimension
PO3,cD4,0.43136726122381863,0.43895072307829364,0.0037270545959471385,2.050552500615933,1.1512582297312948e-16
