Electrode,Band,Hurst,DFA,Lyapunov,Sample Entropy,Correlation Dimension
C3,cD1,0.33344722565807033,0.31762891988552766,0.010545367710739984,1.814215266172433,4.876301270895267e-15
