Electrode,Band,Hurst,DFA,Lyapunov,Sample Entropy,Correlation Dimension
Fp2,cA5,0.6869390013845446,0.951813245102103,0.04129255645129162,0.881173399351104,0.010344622226220838
