Electrode,Band,Hurst,DFA,Lyapunov,Sample Entropy,Correlation Dimension
P4,cD2,0.45436440692010605,0.4568699625991943,0.0008185820146040311,2.1066006423810695,8.541088646064876e-16
