Electrode,Band,Hurst,DFA,Lyapunov,Sample Entropy,Correlation Dimension
Fp1,cD2,0.4357045477381378,0.45282720714175756,0.0038813157515088796,2.0218195758660262,2.334240577517855e-16
