Electrode,Band,Hurst,DFA,Lyapunov,Sample Entropy,Correlation Dimension
Fp1,cD4,0.44374734483096306,0.4754168717512978,0.0004326097892989203,2.105069730261234,1.5882547263736143e-16
