Electrode,Band,Hurst,DFA,Lyapunov,Sample Entropy,Correlation Dimension
Fp2,cD5,0.38387548619021433,0.4072305634908953,0.004512457414106636,2.009688252373767,9.176663340878382e-16
