Electrode,Band,Hurst,DFA,Lyapunov,Sample Entropy,Correlation Dimension
F3,cA5,0.6714681936960599,0.840986238872645,0.0189998255682956,1.5280447656626925,-1.1033698155943868e-15
