Electrode,Band,Hurst,DFA,Lyapunov,Sample Entropy,Correlation Dimension
C4,cA5,0.404371175901758,0.5645952904827691,0.004273197867653447,2.142863368117332,-6.590065682039438e-16
