Electrode,Band,Approximate Entropy,Permutation Entropy,Sample Entropy,SVD Entropy
C4,cA5,1.6527790349669935,2.5807222540569192,2.142863368117332,1.5724179272222083
C4,cD1,2.039934845874045,2.553757656043516,1.9297732984546403,1.479063887096795
C4,cD2,2.12038494569469,2.5684325849878498,2.044290072788081,1.5409226513885157
C4,cD3,2.0147376541597994,2.561777778097097,1.971740100033348,1.5208400935031872
C4,cD4,1.9882451268969552,2.5810580905761333,2.080101188546557,1.5554083335149658
C4,cD5,1.7699486538612517,2.5772300783111586,1.94523923323008,1.5617555146294244
