Electrode,Band,Hurst,DFA,Lyapunov,Sample Entropy,Correlation Dimension
C4,cD2,0.44805344441901057,0.43032835396591945,0.003394066203724057,2.0442900727880815,-6.71170100861682e-16
