Electrode,Band,Hurst,DFA,Lyapunov,Sample Entropy,Correlation Dimension
C4,cD1,0.3779360983840304,0.3294423577679189,0.001029950922185653,1.9297732984546405,2.2854056047790604e-15
