Electrode,Band,Hurst,DFA,Lyapunov,Sample Entropy,Correlation Dimension
C4,cD3,0.41532588190534414,0.41298378405728947,0.004166030883788979,1.9717401000333479,-3.053881743939186e-17
