Electrode,Band,Hurst,DFA,Lyapunov,Sample Entropy,Correlation Dimension
C4,cD5,0.46172281752975886,0.4846868682111937,0.004673454978249269,1.9452392332300796,8.73849464062317e-16
