Electrode,Band,Hurst,DFA,Lyapunov,Sample Entropy,Correlation Dimension
C4,cD4,0.35971323734845895,0.3499960490328026,-0.0009623845418296101,2.0801011885465575,-1.2842251322712356e-16
