Electrode,Band,Hurst,DFA,Lyapunov,Sample Entropy,Correlation Dimension
F4,cD3,0.42549258412271257,0.40687727866807677,0.00022499778053963821,2.00412224939842,3.747146492251481e-15
