Electrode,Band,Hurst,DFA,Lyapunov,Sample Entropy,Correlation Dimension
C4,cD4,0.33406354125396936,0.3370512122295807,0.0016696236350317807,1.985953030999693,2.5834257804865465e-17
