Electrode,Band,Hurst,DFA,Lyapunov,Sample Entropy,Correlation Dimension
F4,cD2,0.48669206542836696,0.46927827541694445,0.0007635636763134886,2.004737116803844,7.358615736401633e-16
