Electrode,Band,Hurst,DFA,Lyapunov,Sample Entropy,Correlation Dimension
PO3,cD5,0.33074571594442637,0.31346412327827256,0.0784543139593941,1.4962636285659396,6.451247714544707e-16
