Electrode,Band,Hurst,DFA,Lyapunov,Sample Entropy,Correlation Dimension
PO3,cD4,0.32633795208628913,0.3124273251350991,0.0027493736960669973,1.8651826332814878,1.9993801969369706e-16
