Electrode,Band,Hurst,DFA,Lyapunov,Sample Entropy,Correlation Dimension
F4,cD5,0.34142379894288866,0.34634968458547766,0.03505770038155972,1.809510206267899,1.0102113593175462e-15
