Electrode,Band,Hurst,DFA,Lyapunov,Sample Entropy,Correlation Dimension
C3,cD3,0.4117301518692609,0.36456171823158123,0.0015018116344100894,1.9095190009675096,7.008844658945271e-16
