Electrode,Band,Hurst,DFA,Lyapunov,Sample Entropy,Correlation Dimension
Fp2,cD4,0.398737322632204,0.41785179109188175,0.008311415052081095,2.0740634622969356,9.425004724576344e-17
