Electrode,Band,Hurst,DFA,Lyapunov,Sample Entropy,Correlation Dimension
C4,cD1,0.3715568606513476,0.37010342868286855,0.0009658986871887369,1.8042123701031667,-2.6440290825533085e-16
