Electrode,Band,Hurst,DFA,Lyapunov,Sample Entropy,Correlation Dimension
F4,cD4,0.3738815905851645,0.36185647522950803,0.00946392712893202,2.0288904590606687,-1.142584388085454e-16
