Electrode,Band,Hurst,DFA,Lyapunov,Sample Entropy,Correlation Dimension
P4,cD2,0.43436740863987966,0.43398601233077916,0.003284194252707491,2.0152788230387704,1.7487020543660805e-15
