Electrode,Band,Hurst,DFA,Lyapunov,Sample Entropy,Correlation Dimension
P4,cD4,0.3568877837332729,0.33851985467718504,0.01531502964732451,1.838021925434327,3.779350074418008e-15
