Electrode,Band,Hurst,DFA,Lyapunov,Sample Entropy,Correlation Dimension
Fp2,cD3,0.4563730279032973,0.4681520371139797,0.0013572692871090235,2.038541874179265,3.8776809657381326e-15
