Electrode,Band,Hurst,DFA,Lyapunov,Sample Entropy,Correlation Dimension
PO3,cA5,0.4320945377629032,0.7852531739772896,0.026080955253852397,1.7303701826965667,-3.7179838282794653e-16
