Electrode,Band,Hurst,DFA,Lyapunov,Sample Entropy,Correlation Dimension
F4,cD1,0.3718426244585049,0.33357776940015704,0.0009695920077231671,1.7457571240050005,-1.4082489888974292e-15
