Electrode,Band,Hurst,DFA,Lyapunov,Sample Entropy,Correlation Dimension
F3,cD2,0.4653665090199024,0.4550765492621405,-0.0005596565477778293,2.0243321937165315,7.505401861968032e-16
