Electrode,Band,Hurst,DFA,Lyapunov,Sample Entropy,Correlation Dimension
PO3,cD1,0.357572812517442,0.3311817296227324,0.0013352191809449842,1.7710009051246358,1.4002299662976005e-15
