Electrode,Band,Hurst,DFA,Lyapunov,Sample Entropy,Correlation Dimension
PO3,cD3,0.4208732697860081,0.38733014994049036,0.004115867614746032,1.9900462801761432,-1.1125666920349062e-15
