Electrode,Band,Hurst,DFA,Lyapunov,Sample Entropy,Correlation Dimension
Fp1,cD2,0.41642731710275394,0.42568416344111665,0.0037193558432838366,1.9498953904676457,-3.548237020163833e-16
