Electrode,Band,Hurst,DFA,Lyapunov,Sample Entropy,Correlation Dimension
C3,cD5,0.3940480172039325,0.37949576433059246,0.05141930003742604,1.9249285758237984,8.654157301098664e-16
