Electrode,Band,Hurst,DFA,Lyapunov,Sample Entropy,Correlation Dimension
F3,cD4,0.40495119902592064,0.39905675539360275,0.002039181102405715,2.09794591328203,1.3026431024447742e-16
