Electrode,Band,Hurst,DFA,Lyapunov,Sample Entropy,Correlation Dimension
C4,cD5,0.42330766617877774,0.425236238233916,0.007236966219815221,1.8713574359558574,1.13677241366584e-15
