Electrode,Band,Hurst,DFA,Lyapunov,Sample Entropy,Correlation Dimension
Fp1,cA5,0.5103858254683327,0.8816542277794844,0.03795408341414629,0.90916601980203,0.027338079177309387
