Electrode,Band,Hurst,DFA,Lyapunov,Sample Entropy,Correlation Dimension
Fp2,cA5,0.6639098439869591,0.8830800658039283,0.029601960517515475,0.9369272218339413,0.004980288496963455
