Electrode,Band,Hurst,DFA,Lyapunov,Sample Entropy,Correlation Dimension
C4,cA5,0.37786463810196325,0.6996942820165257,0.004432574185458185,1.813960648415468,-6.392213557268484e-16
