Electrode,Band,Hurst,DFA,Lyapunov,Sample Entropy,Correlation Dimension
C3,cD1,0.34996397660773443,0.33668886625458017,0.0013223648071286531,1.6344136044480304,-1.49119456267599e-15
