Electrode,Band,Hurst,DFA,Lyapunov,Sample Entropy,Correlation Dimension
C4,cD3,0.36919165685219985,0.3184038963310338,0.005519719557328645,1.8834094450396865,6.022981324778662e-17
