Electrode,Band,Hurst,DFA,Lyapunov,Sample Entropy,Correlation Dimension
C3,cA5,0.4177808587217583,0.6381631609033662,0.004128378087824006,1.7499738577328197,5.543676256374861e-16
