Electrode,Band,Hurst,DFA,Lyapunov,Sample Entropy,Correlation Dimension
Fp1,cD5,0.3413231661394247,0.30441087755694773,0.05744987609339704,1.6614348533997672,-1.0160683004281125e-16
