Electrode,Band,Hurst,DFA,Lyapunov,Sample Entropy,Correlation Dimension
P4,cD3,0.3833202173604153,0.3526248457896447,0.008907688247574387,1.9336327638585902,-7.478082926452935e-16
