Electrode,Band,Hurst,DFA,Lyapunov,Sample Entropy,Correlation Dimension
F3,cD5,0.3261337194800013,0.30703732610005857,0.05605846059088599,1.6709575633544196,8.732237418854293e-16
