Electrode,Band,Hurst,DFA,Lyapunov,Sample Entropy,Correlation Dimension
F3,cD3,0.4262106135927155,0.4284930904754718,0.0036630457097833104,2.0905789622276143,7.506451434117237e-16
