Electrode,Band,Hurst,DFA,Lyapunov,Sample Entropy,Correlation Dimension
Fp2,cD1,0.3320147624224578,0.3075112520688139,0.004613546891646012,1.7214468496761464,3.63041897325474e-15
