Electrode,Band,Hurst,DFA,Lyapunov,Sample Entropy,Correlation Dimension
Fp1,cD1,0.31459657206476016,0.2827824344704832,0.001364673267711124,1.7039032306457702,3.550255095265878e-15
