Electrode,Band,Hurst,DFA,Lyapunov,Sample Entropy,Correlation Dimension
C3,cD4,0.35845509714265866,0.3348478724337861,0.010124990156481191,2.0081998432645958,6.649402503562089e-17
