Electrode,Band,Hurst,DFA,Lyapunov,Sample Entropy,Correlation Dimension
P4,cD1,0.35700123305780473,0.33135143638881265,0.001364424734404049,1.8358482722052483,1.2877272787865894e-15
