Electrode,Band,Hurst,DFA,Lyapunov,Sample Entropy,Correlation Dimension
PO3,cD2,0.42803711404246625,0.4540241188771876,0.0032133535905316144,1.9870674796427379,1.1069545347018018e-19
