Electrode,Band,Hurst,DFA,Lyapunov,Sample Entropy,Correlation Dimension
P4,cD5,0.3180294411029033,0.26680650273015183,0.04581845975389672,1.2469032565967817,3.970364697945001e-15
