Electrode,Band,Hurst,DFA,Lyapunov,Sample Entropy,Correlation Dimension
F3,cA5,0.4566873668115926,0.7807565756233359,0.009842879408496695,1.576430259668063,-1.4959980872014246e-15
