Electrode,Band,Hurst,DFA,Lyapunov,Sample Entropy,Correlation Dimension
F4,cA5,0.609615309686983,0.7628110886655076,0.006540602021297845,1.6631284974123313,1.817313277975795e-15
