Electrode,Band,Hurst,DFA,Lyapunov,Sample Entropy,Correlation Dimension
Fp2,cD5,0.35524461113070505,0.305675461123194,0.045680520938480317,1.6291241257675122,2.6468629132344023e-16
