Electrode,Band,Hurst,DFA,Lyapunov,Sample Entropy,Correlation Dimension
Fp1,cD3,0.48126075498453913,0.4748041192141842,0.000613929286147852,2.100168975019505,8.672868085224544e-16
