Electrode,Band,Hurst,DFA,Lyapunov,Sample Entropy,Correlation Dimension
F3,cD1,0.32821538869371747,0.30565245948319864,0.0012109236283731042,1.6482479234629424,0.00011209415165287625
