Electrode,Band,Hurst,DFA,Lyapunov,Sample Entropy,Correlation Dimension
Fp2,cD2,0.43598780620363276,0.4350568101426725,0.0022871884432707945,1.95241634522099,2.050505104493684e-16
