Electrode,Band,Hurst,DFA,Lyapunov,Sample Entropy,Correlation Dimension
Fp1,cD4,0.4047884350084672,0.43218553275137,0.0037616903131656057,2.122803980007763,-1.0529079677529558e-16
