Electrode,Band,Hurst,DFA,Lyapunov,Sample Entropy,Correlation Dimension
C4,cD2,0.4563812742837831,0.4444098563623608,0.0003193421797313586,2.0317847526907564,1.7702325697577447e-15
