Electrode,Band,Hurst,DFA,Lyapunov,Sample Entropy,Correlation Dimension
P4,cA5,0.5258631732007314,0.7482745225528865,0.009982375831871199,1.7782562203336116,-4.1257831169871384e-16
