Electrode,Band,Hurst,DFA,Lyapunov,Sample Entropy,Correlation Dimension
C3,cD2,0.4424178289413982,0.44223835241403636,0.0009237867413145703,1.9073227683509926,2.966831166828768e-15
