Electrode,Band,Hurst,DFA,Lyapunov,Sample Entropy,Correlation Dimension
C3,cD5,0.4518753223828009,0.44128991146703633,0.0003992254083804757,2.087824205453111,1.0698658783638515e-15
