Electrode,Band,Hurst,DFA,Lyapunov,Sample Entropy,Correlation Dimension
F4,cD4,0.42498863541482657,0.4592352339705824,0.0027589694762120065,2.1246345796684185,9.339623102266095e-17
