Electrode,Band,Hurst,DFA,Lyapunov,Sample Entropy,Correlation Dimension
PO3,cD1,0.3514447230154041,0.3214136732629043,0.004509596391157947,1.8894224279919716,3.601353770668779e-17
