Electrode,Band,Hurst,DFA,Lyapunov,Sample Entropy,Correlation Dimension
P4,cD2,0.42952297200032685,0.4074518515852044,0.004815578460693238,2.0161944757074464,-6.735273069245842e-16
