Electrode,Band,Hurst,DFA,Lyapunov,Sample Entropy,Correlation Dimension
F3,cD2,0.4300268560594574,0.43148922471645657,0.003484231775457496,1.6831035192604795,-3.219897097888824e-16
