Electrode,Band,Hurst,DFA,Lyapunov,Sample Entropy,Correlation Dimension
Fp2,cD5,0.40558153476242065,0.4020116754940379,-0.0012853795831857802,2.0757286661274095,8.008089259246701e-16
