Electrode,Band,Hurst,DFA,Lyapunov,Sample Entropy,Correlation Dimension
P4,cA5,0.44444031423672964,0.6842493847883319,0.021041550785822198,1.9549331716889564,-5.389504898828834e-16
