Electrode,Band,Hurst,DFA,Lyapunov,Sample Entropy,Correlation Dimension
F4,cA5,0.38210944980146316,0.6948274532302379,0.01456119201995567,1.9647880072319022,-2.9177985836286617e-16
