Electrode,Band,Hurst,DFA,Lyapunov,Sample Entropy,Correlation Dimension
C3,cD4,0.3647353316912587,0.35233587649233716,0.0030293724753638653,2.0774775202382414,1.6923290854765492e-18
