Electrode,Band,Hurst,DFA,Lyapunov,Sample Entropy,Correlation Dimension
P4,cD1,0.3573190342012006,0.3296421381708446,0.0010175473762281991,1.921781241629209,1.5294580335855524e-15
