Electrode,Band,Hurst,DFA,Lyapunov,Sample Entropy,Correlation Dimension
PO3,cA5,0.4098657085058873,0.6447644405935461,0.008292918438678373,1.9731274124356775,-5.546012329476901e-16
