Electrode,Band,Hurst,DFA,Lyapunov,Sample Entropy,Correlation Dimension
PO3,cD3,0.43161784117353724,0.40341130772011674,0.004082679748535056,2.0194345564210443,7.309991399669972e-16
