Electrode,Band,Hurst,DFA,Lyapunov,Sample Entropy,Correlation Dimension
C4,cD4,0.35748950656581,0.32848275280458045,0.0015024185180658343,2.1065744664343966,-9.024685730666637e-17
