Electrode,Band,Hurst,DFA,Lyapunov,Sample Entropy,Correlation Dimension
P4,cD4,0.3962442280051235,0.38531151277389003,0.0010920206705723875,2.0921186308214956,-1.0424517647121906e-17
