Electrode,Band,Hurst,DFA,Lyapunov,Sample Entropy,Correlation Dimension
Fp2,cD4,0.4844651318773025,0.4927263371987688,-0.00011029676957596006,2.1620509867527247,7.39663865239487e-17
