Electrode,Band,Hurst,DFA,Lyapunov,Sample Entropy,Correlation Dimension
Fp2,cD2,0.4022946274777971,0.3726054376814503,0.000826847192012295,1.9038018607931348,6.026514122069871e-15
