Electrode,Band,Hurst,DFA,Lyapunov,Sample Entropy,Correlation Dimension
C3,cD3,0.3989527565012308,0.3717547753626777,0.010745431993392097,1.9923178772043797,6.290557067228109e-16
