Electrode,Band,Hurst,DFA,Lyapunov,Sample Entropy,Correlation Dimension
F4,cD2,0.44581985614065867,0.41847130978932184,0.0005149378921044363,2.064903657896635,-2.870599217062468e-17
