Electrode,Band,Hurst,DFA,Lyapunov,Sample Entropy,Correlation Dimension
F4,cD1,0.36055197839340714,0.3326396599609879,0.005328854647549624,1.8731667467586999,3.7900084771435e-15
