Electrode,Band,Hurst,DFA,Lyapunov,Sample Entropy,Correlation Dimension
C4,cD2,0.41132550480980723,0.409827457150513,0.0012690746422964983,2.03881552261266,2.0806422144539728e-15
