Electrode,Band,Hurst,DFA,Lyapunov,Sample Entropy,Correlation Dimension
Fp1,cD3,0.45890920445578065,0.47274697926855813,0.0030901128595524708,1.9668565115536971,-3.735716861799018e-17
