Electrode,Band,Hurst,DFA,Lyapunov,Sample Entropy,Correlation Dimension
Fp1,cA5,0.5335225210916569,0.8312951717396293,0.04339476410223517,1.6028253735428752,-4.383887028150293e-16
