Electrode,Band,Hurst,DFA,Lyapunov,Sample Entropy,Correlation Dimension
PO3,cD2,0.43676353468628637,0.39507013094870136,0.002658679268576747,2.0357558599970225,3.643421044435989e-16
