Electrode,Band,Hurst,DFA,Lyapunov,Sample Entropy,Correlation Dimension
C4,cD1,0.3426766383020886,0.30984551775707914,0.0012988812995683406,1.8697095666241086,3.4656196414856552e-15
