Electrode,Band,Hurst,DFA,Lyapunov,Sample Entropy,Correlation Dimension
PO3,cD4,0.41691749812031187,0.3994709792414911,0.008975901075365996,2.0536983045230857,2.327828675568389e-16
