Electrode,Band,Hurst,DFA,Lyapunov,Sample Entropy,Correlation Dimension
Fp1,cD2,0.39122206436576135,0.37460289351782244,0.0036878672513095925,1.8091246013548783,5.9784174655725106e-15
