Electrode,Band,Hurst,DFA,Lyapunov,Sample Entropy,Correlation Dimension
C4,cA5,0.44708438501836945,0.5965764481661578,0.0027958176352761866,2.095486749212883,-5.685807776334129e-16
