Electrode,Band,Hurst,DFA,Lyapunov,Sample Entropy,Correlation Dimension
F3,cD1,0.3568762696058957,0.3172325548028971,0.004687092520973951,1.5126188872059605,0.00015908941237719447
