Electrode,Band,Hurst,DFA,Lyapunov,Sample Entropy,Correlation Dimension
C3,cD1,0.3435274611883856,0.32168521401342,0.004765683954412214,1.8665111367333271,3.945534239703608e-15
