Electrode,Band,Hurst,DFA,Lyapunov,Sample Entropy,Correlation Dimension
PO3,cD5,0.352290148684994,0.33357146871107457,0.02401817057661938,1.9248342997571655,3.3207520649386135e-16
