Electrode,Band,Hurst,DFA,Lyapunov,Sample Entropy,Correlation Dimension
F4,cD3,0.40208938993225896,0.4090961664715824,0.0009518363259051618,2.028932485539951,-8.560406979655755e-16
