Electrode,Band,Hurst,DFA,Lyapunov,Sample Entropy,Correlation Dimension
Fp1,cD5,0.41828484879524463,0.4231095662579142,0.001068433125813491,2.1023769546202233,8.520761338228311e-16
