Electrode,Band,Hurst,DFA,Lyapunov,Sample Entropy,Correlation Dimension
F3,cD4,0.43884562335997757,0.4356692056056996,0.008691954244905178,2.0062245923780613,1.3857189158956858e-16
