Electrode,Band,Hurst,DFA,Lyapunov,Sample Entropy,Correlation Dimension
Fp1,cD4,0.5139538865753491,0.5091062385902846,0.0017054124311966909,2.0530901190201614,1.0082323548352532e-16
