Electrode,Band,Hurst,DFA,Lyapunov,Sample Entropy,Correlation Dimension
C3,cA5,0.515902033843797,0.5877962980709576,0.004849017750133262,2.1426130703828346,-4.528190588832333e-16
