Electrode,Band,Hurst,DFA,Lyapunov,Sample Entropy,Correlation Dimension
C4,cD5,0.42285486575782605,0.4158492277240953,0.003477113897150345,2.019330577364567,9.12932184485521e-16
