Electrode,Band,Hurst,DFA,Lyapunov,Sample Entropy,Correlation Dimension
P4,cD3,0.43991354858364146,0.41593269279355044,0.004608240994540036,2.02505857573576,-1.2761386892375972e-15
