Electrode,Band,Hurst,DFA,Lyapunov,Sample Entropy,Correlation Dimension
P4,cD5,0.37764643200613757,0.37431348901685335,0.0014121026703805513,2.002033403655349,9.163759425418598e-16
