Electrode,Band,Hurst,DFA,Lyapunov,Sample Entropy,Correlation Dimension
F3,cD5,0.40171944450045244,0.41526200656167345,0.009077443982909397,2.0281557703598914,8.415951771560903e-16
