Electrode,Band,Hurst,DFA,Lyapunov,Sample Entropy,Correlation Dimension
C4,cD3,0.3952733481349275,0.36113484079156266,0.009625221465851569,1.9493158761604694,-1.1603673664963647e-15
