Electrode,Band,Hurst,DFA,Lyapunov,Sample Entropy,Correlation Dimension
Fp1,cD1,0.32746443829881833,0.28059113553557574,0.004529207403009624,1.741345525864697,6.700618126684671e-05
