Electrode,Band,Hurst,DFA,Lyapunov,Sample Entropy,Correlation Dimension
Fp2,cD1,0.34276982895182173,0.29701137253782833,0.005391398343172795,1.8214585694818166,-1.555684468818429e-15
