Electrode,Band,Hurst,DFA,Lyapunov,Sample Entropy,Correlation Dimension
Fp2,cD3,0.4544529588948935,0.4683189197568767,0.0032396403225988584,2.018862491522775,-9.077216347306046e-16
