Electrode,Band,Hurst,DFA,Lyapunov,Sample Entropy,Correlation Dimension
C3,cD2,0.41164451332956037,0.3962127109110759,0.0005432013309361389,2.046626938855901,1.613719201926289e-15
