Electrode,Band,Hurst,DFA,Lyapunov,Sample Entropy,Correlation Dimension
F3,cA5,0.4862228778748629,0.687195915340458,0.001218882474032384,2.0315026781413037,-4.121188272014808e-16
