Electrode,Band,Hurst,DFA,Lyapunov,Sample Entropy,Correlation Dimension
F4,cD5,0.448443720547319,0.42808406923884745,0.0047619646245780555,2.0678413273746763,7.276132831368546e-16
