Electrode,Band,Hurst,DFA,Lyapunov,Sample Entropy,Correlation Dimension
Fp2,cA5,0.5500120647371021,0.8444077858082552,0.023440283569030496,1.671705084254349,5.194358578238126e-16
