Electrode,Band,Hurst,DFA,Lyapunov,Sample Entropy,Correlation Dimension
F3,cD3,0.4179567600023111,0.41316904553443384,0.005021294680508722,1.8848563644508485,3.698969753688951e-15
