Electrode,Band,Hurst,DFA,Lyapunov,Sample Entropy,Correlation Dimension
F4,cA5,0.3947966862898108,0.5292965689989562,0.008755990675279643,1.9795456067982669,3.751001490971928e-16
