Electrode,Band,Hurst,DFA,Lyapunov,Sample Entropy,Correlation Dimension
C4,cD3,0.4534940009592013,0.42277814312964934,0.002964158491654944,2.1171475007273037,-1.0559714445625508e-15
