Electrode,Band,Hurst,DFA,Lyapunov,Sample Entropy,Correlation Dimension
P4,cD2,0.44505515771632526,0.41051592633931444,0.0029243122447625315,2.0660560942236863,-1.8720837039882283e-15
