Electrode,Band,Hurst,DFA,Lyapunov,Sample Entropy,Correlation Dimension
F4,cD5,0.4603762553876661,0.4373992836473778,0.023393228551843524,1.6412669353914227,-1.269530280909804e-15
