Electrode,Band,Hurst,DFA,Lyapunov,Sample Entropy,Correlation Dimension
PO3,cD4,0.33168601645843754,0.3123815207447061,0.02146348122520318,1.8428092342053217,1.5443748423288894e-15
