Electrode,Band,Hurst,DFA,Lyapunov,Sample Entropy,Correlation Dimension
F3,cD4,0.33699084535357327,0.315484902736211,0.00917687115969407,1.9330475343954487,3.2345983924811753e-18
