Electrode,Band,Hurst,DFA,Lyapunov,Sample Entropy,Correlation Dimension
PO3,cD3,0.4591576322179509,0.4651470977029759,-0.0001568245165278534,2.141230170115229,9.09562664467949e-16
