Electrode,Band,Hurst,DFA,Lyapunov,Sample Entropy,Correlation Dimension
F3,cD2,0.42420343051472603,0.4075750056955274,0.003235470164906014,2.0823827685086425,6.532828293947674e-16
