Electrode,Band,Hurst,DFA,Lyapunov,Sample Entropy,Correlation Dimension
C3,cD4,0.3235607801261941,0.316828832841608,0.009102964734697867,1.8862696184814456,-2.674282095763463e-16
