Electrode,Band,Hurst,DFA,Lyapunov,Sample Entropy,Correlation Dimension
PO3,cD5,0.36223119576222257,0.3246364812120078,0.049628665203649454,1.2514166167481258,-3.228258811668813e-15
