Electrode,Band,Hurst,DFA,Lyapunov,Sample Entropy,Correlation Dimension
Fp2,cD4,0.40665520283539036,0.37080572350905244,0.010335372044490627,1.9932985513645818,-4.1755801532853843e-19
