Electrode,Band,Hurst,DFA,Lyapunov,Sample Entropy,Correlation Dimension
Fp2,cD1,0.3275915170886767,0.30708410481962284,0.005181711370294533,1.855833307966463,3.626742542513014e-15
