Electrode,Band,Hurst,DFA,Lyapunov,Sample Entropy,Correlation Dimension
P4,cD1,0.34046517236627116,0.30661010728264604,0.004164687069979264,1.8717583216043647,-1.2224236376988049e-16
