Electrode,Band,Hurst,DFA,Lyapunov,Sample Entropy,Correlation Dimension
F3,cD5,0.49146853135209506,0.44066753427359184,0.04155934737622553,1.6683057422663417,1.5116352788042745e-15
