Electrode,Band,Hurst,DFA,Lyapunov,Sample Entropy,Correlation Dimension
F4,cD2,0.43832257243834877,0.4467306570467067,0.0009127472386212835,2.0667478582706718,6.942438912922228e-16
