Electrode,Band,Hurst,DFA,Lyapunov,Sample Entropy,Correlation Dimension
F4,cD1,0.3407578214864746,0.32340362800998385,0.0045232686129481935,1.8872191376535596,2.4327545251869674e-15
