Electrode,Band,Hurst,DFA,Lyapunov,Sample Entropy,Correlation Dimension
C4,cD1,0.3530214983482305,0.32125604227761634,0.0011343753699101517,1.893606723788341,2.4959284342300637e-15
