Electrode,Band,Hurst,DFA,Lyapunov,Sample Entropy,Correlation Dimension
P4,cA5,0.45702185676823803,0.6465714058336643,0.013629321213607475,1.638608673059301,-3.616171854958532e-16
