Electrode,Band,Hurst,DFA,Lyapunov,Sample Entropy,Correlation Dimension
C4,cD2,0.43670522269434275,0.42651648574427375,0.003513206135143235,2.0780041186131606,-9.264285665522211e-16
