Electrode,Band,Hurst,DFA,Lyapunov,Sample Entropy,Correlation Dimension
Fp1,cD2,0.4421008066330785,0.4000934611851037,0.0033306175178576198,1.9989204111437788,1.1100002513803141e-15
