Electrode,Band,Hurst,DFA,Lyapunov,Sample Entropy,Correlation Dimension
Fp2,cD5,0.4356499098287919,0.4039205418840231,0.06723092817792722,1.5781056763579502,2.837848124264804e-16
