Electrode,Band,Hurst,DFA,Lyapunov,Sample Entropy,Correlation Dimension
C4,cA5,0.5115802850956264,0.6515910073887297,4.122473976782411e-05,1.9907304192427293,-4.247004666378705e-16
