Electrode,Band,Hurst,DFA,Lyapunov,Sample Entropy,Correlation Dimension
Fp2,cA5,0.4667957761393753,0.6716386997375113,0.009204954534144296,1.995599739451485,-5.004616836050717e-16
