Electrode,Band,Hurst,DFA,Lyapunov,Sample Entropy,Correlation Dimension
P4,cD3,0.40051723013909213,0.38736751880060905,-0.0002620465827713174,2.057537357435103,9.695782023685422e-16
