Electrode,Band,Hurst,DFA,Lyapunov,Sample Entropy,Correlation Dimension
PO3,cD2,0.427192435948872,0.40387026005923854,0.0036448478698730903,2.0219082385908527,-1.7697083584245493e-15
