Electrode,Band,Hurst,DFA,Lyapunov,Sample Entropy,Correlation Dimension
C3,cA5,0.5307104509512882,0.6259153518816643,0.012295028765562838,1.9456387786330238,-6.562467237909462e-16
