Electrode,Band,Hurst,DFA,Lyapunov,Sample Entropy,Correlation Dimension
F3,cD1,0.35305106338487724,0.3312889512349778,0.004952300678599806,1.9055269502354895,1.0408511123299194e-16
