Electrode,Band,Hurst,DFA,Lyapunov,Sample Entropy,Correlation Dimension
Fp1,cD3,0.46849494007796966,0.4770458015755967,0.001833222129128079,2.0787566968923663,8.501978761375063e-16
