Electrode,Band,Hurst,DFA,Lyapunov,Sample Entropy,Correlation Dimension
Fp1,cD5,0.42819047180579833,0.39697496273596444,0.0882327582809954,1.6241015944699793,3.125542267107028e-15
