Electrode,Band,Hurst,DFA,Lyapunov,Sample Entropy,Correlation Dimension
P4,cD4,0.30154687762714083,0.25506323871008874,0.017916810381543795,1.7563114077278366,2.6951060322234964e-15
