Electrode,Band,Hurst,DFA,Lyapunov,Sample Entropy,Correlation Dimension
Fp2,cD3,0.4651635482742562,0.47661637282027536,-0.0005051063768793384,2.0802960826279757,1.1861992186227847e-15
