Electrode,Band,Hurst,DFA,Lyapunov,Sample Entropy,Correlation Dimension
C4,cD5,0.39125756074243795,0.4129178048558237,0.028151587077549656,1.7138988325379518,2.5621790754618064e-16
