Electrode,Band,Hurst,DFA,Lyapunov,Sample Entropy,Correlation Dimension
C3,cD3,0.40775717035352355,0.4531096567293405,-0.00028794028542278495,2.1355011216877684,7.76655100940518e-16
