Electrode,Band,Hurst,DFA,Lyapunov,Sample Entropy,Correlation Dimension
Fp1,cD1,0.33039684430602745,0.2991863816014926,0.004840330644086908,1.8559717152070283,1.0995837674785198e-16
