Electrode,Band,Hurst,DFA,Lyapunov,Sample Entropy,Correlation Dimension
Fp2,cD2,0.415532784708926,0.40142410244836557,-0.00025520902691497584,2.009109226027155,1.3491770956180738e-15
