Electrode,Band,Hurst,DFA,Lyapunov,Sample Entropy,Correlation Dimension
C3,cD2,0.42554952609410257,0.42051210897814867,0.0034553094343703367,2.097172182888189,-8.856873459486353e-16
