Electrode,Band,Hurst,DFA,Lyapunov,Sample Entropy,Correlation Dimension
PO3,cA5,0.3764138544584065,0.5620751302453346,0.016710994007823766,1.8212161214609772,-2.863705978446143e-16
