Electrode,Band,Hurst,DFA,Lyapunov,Sample Entropy,Correlation Dimension
C4,cD4,0.3639067849566887,0.35053649898101286,0.010989180478182401,1.9491489496312273,9.927328003527667e-16
