Electrode,Band,Hurst,DFA,Lyapunov,Sample Entropy,Correlation Dimension
PO3,cD1,0.32034748845110755,0.28648623242103977,9.690487023546911e-05,1.8039289295949152,-1.246790700461718e-15
