Electrode,Band,Hurst,DFA,Lyapunov,Sample Entropy,Correlation Dimension
F4,cD3,0.4521555456625141,0.44536714024511304,-5.2053278142979485e-05,2.0884493956792167,1.2043913790212232e-15
