Electrode,Band,Hurst,DFA,Lyapunov,Sample Entropy,Correlation Dimension
F3,cA5,0.39705202907062703,0.6234037269671707,0.013568024058918918,1.9986801850353775,1.9494237208283435e-15
