Electrode,Band,Hurst,DFA,Lyapunov,Sample Entropy,Correlation Dimension
P4,cD5,0.3224849663125982,0.31615918706266494,0.05794343247133155,1.2514558054653455,0.005279845342249743
