Electrode,Band,Hurst,DFA,Lyapunov,Sample Entropy,Correlation Dimension
Fp1,cD4,0.40188829017755,0.3869892983401435,0.001089367722019971,2.011155164516974,5.517318744859863e-18
