Electrode,Band,Hurst,DFA,Lyapunov,Sample Entropy,Correlation Dimension
F4,cD4,0.31151950838227926,0.29774570992206495,0.01083855195478915,1.9117153236401092,2.183339369647272e-15
