Electrode,Band,Hurst,DFA,Lyapunov,Sample Entropy,Correlation Dimension
Fp1,cA5,0.4969966712330847,0.7411639506551575,0.021306704426859613,1.951389614819939,-5.00375338108447e-16
