Electrode,Band,Hurst,DFA,Lyapunov,Sample Entropy,Correlation Dimension
F3,cD3,0.4395763413310315,0.43292127889546156,0.0021436951377175194,2.110315985189175,7.415583785638919e-16
