Electrode,Band,Hurst,DFA,Lyapunov,Sample Entropy,Correlation Dimension
C3,cD1,0.32738854237525455,0.29660534406442823,0.0012511629046811957,1.8541555028482792,4.4850483746469004e-15
