Electrode,Band,Hurst,DFA,Lyapunov,Sample Entropy,Correlation Dimension
C3,cD5,0.4220089849563679,0.449045167611923,0.028998443058558872,1.6602297149754142,1.0740438143818e-15
