Electrode,Band,Hurst,DFA,Lyapunov,Sample Entropy,Correlation Dimension
C4,cD2,0.46647431075367213,0.4670747851213393,0.00048707326253264393,1.8528068837766947,2.95453862129477e-15
