Electrode,Band,Hurst,DFA,Lyapunov,Sample Entropy,Correlation Dimension
C4,cD5,0.34566451150789085,0.35743146194144204,0.005920236760919513,2.0620212033206307,7.910101508560331e-16
