Electrode,Band,Hurst,DFA,Lyapunov,Sample Entropy,Correlation Dimension
C4,cD4,0.44378786823024774,0.465603165256938,0.004092728007923107,2.1442946520497412,-1.434921836300403e-16
