Electrode,Band,Hurst,DFA,Lyapunov,Sample Entropy,Correlation Dimension
C4,cD1,0.34959292063138125,0.32538075818797635,0.004824109510941507,1.6130666508486593,-1.4332803586947131e-15
