Electrode,Band,Hurst,DFA,Lyapunov,Sample Entropy,Correlation Dimension
C4,cA5,0.47145926747570177,0.767503328619686,0.012197127304677941,1.8465584335428358,-5.243095497926707e-16
