Electrode,Band,Hurst,DFA,Lyapunov,Sample Entropy,Correlation Dimension
C4,cD3,0.46726774041392616,0.4601099598943554,0.0015479810310127281,2.001632320909252,9.049331733642995e-17
