Electrode,Band,Approximate Entropy,Permutation Entropy,Sample Entropy,SVD Entropy
C4,cA5,1.5432664948409505,2.5323434641700464,1.846558433542836,1.4549341675664156
C4,cD1,1.8515769223855052,2.5471606300133294,1.6130666508486593,1.4583235063235347
C4,cD2,2.0162238136196304,2.5718180707911773,1.852806883776695,1.5617107823110592
C4,cD3,2.0558746711708658,2.5716510256218075,2.001632320909252,1.5636159533990548
C4,cD4,2.029674714575596,2.57862166485528,2.144294652049741,1.5694375021643638
C4,cD5,1.8057326390775792,2.583872328925412,2.0620212033206307,1.5579667217309623
