Electrode,Band,Hurst,DFA,Lyapunov,Sample Entropy,Correlation Dimension,Approximate Entropy,Permutation Entropy,Sample Entropy,SVD Entropy
C4,cA5,0.4714592674757017,0.767503328619686,0.0121971273046779,1.846558433542836,-5.243095497926707e-16,1.5432664948409505,2.5323434641700464,1.846558433542836,1.4549341675664156
C4,cD1,0.3495929206313812,0.3253807581879763,0.0048241095109415,1.6130666508486593,-1.4332803586947133e-15,1.8515769223855048,2.5471606300133294,1.6130666508486593,1.4583235063235347
C4,cD2,0.4664743107536721,0.4670747851213393,0.0004870732625326,1.852806883776695,2.9545386212947704e-15,2.0162238136196304,2.5718180707911773,1.852806883776695,1.5617107823110592
C4,cD3,0.4672677404139261,0.4601099598943554,0.0015479810310127,2.001632320909252,9.049331733642995e-17,2.0558746711708658,2.5716510256218075,2.001632320909252,1.5636159533990548
C4,cD4,0.4437878682302477,0.465603165256938,0.0040927280079231,2.144294652049741,-1.434921836300403e-16,2.029674714575596,2.57862166485528,2.144294652049741,1.5694375021643638
C4,cD5,0.3456645115078908,0.357431461941442,0.0059202367609195,2.0620212033206307,7.910101508560331e-16,1.8057326390775792,2.583872328925412,2.0620212033206307,1.5579667217309623
