Electrode,Band,Hurst,DFA,Lyapunov,Sample Entropy,Correlation Dimension
P4,cA5,0.362129461126773,0.40819834103151975,0.02477548233585679,2.1770218700187,1.4778040922591171e-15
