Electrode,Band,Hurst,DFA,Lyapunov,Sample Entropy,Correlation Dimension
Fp1,cD5,0.5117762419879117,0.5369424726713773,0.004990733753551309,2.0988673893607177,9.727714139872343e-16
