Electrode,Band,Hurst,DFA,Lyapunov,Sample Entropy,Correlation Dimension
Fp1,cD2,0.4375370553707294,0.41475994587514065,0.004702802137895017,1.9206279846114676,1.9275934483208117e-15
