Electrode,Band,Hurst,DFA,Lyapunov,Sample Entropy,Correlation Dimension
C3,cD1,0.39491354158679925,0.3649352520843878,0.0015852957060844067,1.87978815689345,-5.264615724193664e-18
