Electrode,Band,Hurst,DFA,Lyapunov,Sample Entropy,Correlation Dimension
PO3,cD2,0.44733151007364186,0.4495438986347324,0.0001037597656245779,1.9861701783040548,3.9211278625309605e-16
