Electrode,Band,Hurst,DFA,Lyapunov,Sample Entropy,Correlation Dimension
C3,cD5,0.44058598521390335,0.5003456946121877,-0.0003566568548031517,2.077695140864397,1.1377974500512745e-15
