Electrode,Band,Hurst,DFA,Lyapunov,Sample Entropy,Correlation Dimension
C4,cD1,0.25994577868384283,0.2663326678047812,0.011788412152686166,0.9547233283759287,0.05618034200441861
