Electrode,Band,Hurst,DFA,Lyapunov,Sample Entropy,Correlation Dimension
Fp2,cD4,0.5059688170638457,0.5135327015654512,0.004366649280894758,2.1173518720721125,-6.602879808047011e-17
