Electrode,Band,Hurst,DFA,Lyapunov,Sample Entropy,Correlation Dimension
F3,cD4,0.4086807831755385,0.4204173075065192,0.00035165728944743803,2.0031741933993263,-1.8151046039416461e-16
