Electrode,Band,Hurst,DFA,Lyapunov,Sample Entropy,Correlation Dimension
C4,cD5,0.5103008054342189,0.5184944850020347,0.004192803122780256,2.029434566547457,8.812914542077214e-16
