Electrode,Band,Hurst,DFA,Lyapunov,Sample Entropy,Correlation Dimension
Fp2,cD5,0.435243398793323,0.5300196694497571,0.0005987051761512711,2.1754358520684103,6.695109857849148e-16
