Electrode,Band,Hurst,DFA,Lyapunov,Sample Entropy,Correlation Dimension
C3,cA5,0.4738896169859937,0.5374776919529889,0.01158578579242449,2.126898816614947,-2.899000191955855e-16
