Electrode,Band,Hurst,DFA,Lyapunov,Sample Entropy,Correlation Dimension
Fp2,cD1,0.2819282068285135,0.24009841384306044,0.0066946376453744716,1.5302111253526318,2.0957621024132202e-17
