Electrode,Band,Hurst,DFA,Lyapunov,Sample Entropy,Correlation Dimension
F3,cD3,0.49269677201560175,0.48514580537816687,-0.0005502931999441506,1.9354134827659113,-7.305841680081779e-16
