Electrode,Band,Hurst,DFA,Lyapunov,Sample Entropy,Correlation Dimension
F4,cD2,0.48452202858127424,0.48828529979951363,0.0029754291881212073,1.6694991522774003,-2.01750025759414e-15
