Electrode,Band,Hurst,DFA,Lyapunov,Sample Entropy,Correlation Dimension
PO3,cD1,0.3593161765339441,0.3183657839955539,0.001414726719711721,1.752429828674903,-1.852851399686293e-15
