Electrode,Band,Hurst,DFA,Lyapunov,Sample Entropy,Correlation Dimension
C3,cD2,0.46370963301778023,0.4897037305065484,-0.00023226304487761426,2.050812550515202,-8.624246633399825e-16
