Electrode,Band,Hurst,DFA,Lyapunov,Sample Entropy,Correlation Dimension
Fp2,cA5,0.5495796310997,0.6646250901187792,0.016551064920949925,1.9174228762207313,-5.5097517438088245e-16
