Electrode,Band,Hurst,DFA,Lyapunov,Sample Entropy,Correlation Dimension
F3,cD2,0.45259683698827513,0.5282467213303199,0.0012222001046846584,1.5962305472420932,0.00017373248106112988
