Electrode,Band,Hurst,DFA,Lyapunov,Sample Entropy,Correlation Dimension
C3,cD4,0.4922088395898832,0.5118529177227904,-4.019881739763135e-05,2.0869156867968703,4.225206820033043e-17
