Electrode,Band,Hurst,DFA,Lyapunov,Sample Entropy,Correlation Dimension
C4,cD4,0.4408283357250981,0.43481429983993586,0.004050098765980421,1.9600579878511746,2.129073127139473e-16
