Electrode,Band,Hurst,DFA,Lyapunov,Sample Entropy,Correlation Dimension
Fp1,cD4,0.4793341585452193,0.4954329619916031,0.0034185149452902273,2.15511840288562,-1.9974065887991837e-18
