Electrode,Band,Hurst,DFA,Lyapunov,Sample Entropy,Correlation Dimension
F4,cA5,0.3837443710217735,0.5382261712604086,0.019475985097361065,2.0159851880746342,-6.333281379265861e-16
