Electrode,Band,Hurst,DFA,Lyapunov,Sample Entropy,Correlation Dimension
C4,cD3,0.5077553811981942,0.5422845538819547,0.0031935345042834887,1.7440357485709188,3.309563484432941e-15
