Electrode,Band,Hurst,DFA,Lyapunov,Sample Entropy,Correlation Dimension
F4,cD4,0.42651477913249697,0.43376344585681004,0.0016471978389852534,2.022898796318841,-7.64755773067336e-17
