Electrode,Band,Hurst,DFA,Lyapunov,Sample Entropy,Correlation Dimension
Fp2,cD2,0.41930265459267624,0.40853083373784754,0.0020153450243398712,1.8417713523334436,-9.704548486586808e-16
