Electrode,Band,Hurst,DFA,Lyapunov,Sample Entropy,Correlation Dimension
P4,cD3,0.43013799745966497,0.47684459460966955,-0.0008915698889535605,2.028268079261379,1.2886383849953205e-15
