Electrode,Band,Hurst,DFA,Lyapunov,Sample Entropy,Correlation Dimension
PO3,cD3,0.455770589135185,0.4622003420589232,0.0024274698385104636,2.1006597260257664,1.1427375583672778e-15
