Electrode,Band,Hurst,DFA,Lyapunov,Sample Entropy,Correlation Dimension
F4,cD5,0.5060481505606111,0.5271578240989069,0.0026805617592551216,2.0550912633334155,7.893890116317495e-16
