Electrode,Band,Hurst,DFA,Lyapunov,Sample Entropy,Correlation Dimension
C4,cA5,0.42178189595015153,0.4924182904498887,0.020545079157902782,2.02117263355586,-3.4555092686896403e-16
