Electrode,Band,Hurst,DFA,Lyapunov,Sample Entropy,Correlation Dimension
P4,cD4,0.35964445384673305,0.36544529513025975,0.0008816458962179231,1.940509034639831,-5.076308826934682e-17
