Electrode,Band,Hurst,DFA,Lyapunov,Sample Entropy,Correlation Dimension
F4,cD3,0.43955336448299115,0.4594795709900982,0.0009090943769974381,1.9027347228964955,3.82082034691917e-15
