Electrode,Band,Hurst,DFA,Lyapunov,Sample Entropy,Correlation Dimension
P4,cD5,0.4797954145039876,0.5117435302804857,0.007735879486310814,2.0403340403459893,4.971733386220939e-16
