Electrode,Band,Hurst,DFA,Lyapunov,Sample Entropy,Correlation Dimension
Fp2,cD3,0.47105822465252833,0.4842258092306202,0.0006640174172141123,2.0813948339766304,7.718310808484337e-16
