Electrode,Band,Hurst,DFA,Lyapunov,Sample Entropy,Correlation Dimension
PO3,cA5,0.4872930676014914,0.526601498540221,0.023905998190450008,2.18629177284837,-2.625734292847132e-16
