Electrode,Band,Hurst,DFA,Lyapunov,Sample Entropy,Correlation Dimension
Fp1,cD1,0.29856471308902854,0.25982879905371437,0.0055347269231618475,1.622073887939893,5.3912639902891066e-05
