Electrode,Band,Hurst,DFA,Lyapunov,Sample Entropy,Correlation Dimension
C3,cD3,0.46827225532029043,0.4954034946994387,-0.000489414099491218,2.1068193419631402,-1.1012160438851308e-15
