Electrode,Band,Hurst,DFA,Lyapunov,Sample Entropy,Correlation Dimension
Fp1,cA5,0.39936595194098023,0.6491220346192025,0.020372093116844375,1.9058122561298116,-3.865197674943431e-16
