Electrode,Band,Hurst,DFA,Lyapunov,Sample Entropy,Correlation Dimension
P4,cD1,0.3128329976612023,0.2927713855380648,0.0012133049242422764,1.5104597274988056,5.964286464246857e-05
