Electrode,Band,Hurst,DFA,Lyapunov,Sample Entropy,Correlation Dimension
F3,cA5,0.38633567541603275,0.5028390927616402,0.024274986130850648,2.100775684154827,-4.0502625192850595e-16
