Electrode,Band,Hurst,DFA,Lyapunov,Sample Entropy,Correlation Dimension
P4,cD2,0.4547275615756193,0.46900505159487127,0.0007641243212150031,1.841670790730146,2.6836194764453037e-15
