Electrode,Band,Hurst,DFA,Lyapunov,Sample Entropy,Correlation Dimension
PO3,cD4,0.4417227846666455,0.3971093312012264,0.00037080013390712,2.0355512058877188,5.089301720065159e-17
