Electrode,Band,Hurst,DFA,Lyapunov,Sample Entropy,Correlation Dimension
C4,cD2,0.4729658285532584,0.5047615551096218,0.0009096434622097973,1.385449877235228,7.994508116270935e-16
