Electrode,Band,Hurst,DFA,Lyapunov,Sample Entropy,Correlation Dimension
PO3,cD5,0.4592010479104828,0.47473319601399055,0.008605634012529562,2.057011516824906,9.68907101222225e-16
