Electrode,Band,Hurst,DFA,Lyapunov,Sample Entropy,Correlation Dimension
F3,cD1,0.32898643777517833,0.2713711347696851,0.010828887827405863,1.2250131630748877,0.0007546281489553452
