Electrode,Band,Hurst,DFA,Lyapunov,Sample Entropy,Correlation Dimension
F3,cD5,0.5394056613174816,0.5090992865776793,-0.0002440423676461384,2.079402912998035,7.429633203055232e-16
