Electrode,Band,Hurst,DFA,Lyapunov,Sample Entropy,Correlation Dimension
F4,cD1,0.327076697870645,0.27972257156949193,0.0058651577342643995,1.2880315371165805,0.001505668036713037
