Electrode,Band,Hurst,DFA,Lyapunov,Sample Entropy,Correlation Dimension
F3,cD4,0.5146414675791321,0.5091366165601058,0.0037596702575685074,2.0823577154558537,8.405020243998426e-17
