Electrode,Band,Hurst,DFA,Lyapunov,Sample Entropy,Correlation Dimension
PO3,cD4,0.42442497498699683,0.41098498609431894,0.0001867063117749044,2.0403795022901807,1.1179446615671236e-16
