Electrode,Band,Hurst,DFA,Lyapunov,Sample Entropy,Correlation Dimension
Fp2,cD5,0.4551921973013799,0.4922120677850127,0.007640621878884105,1.7561327424111444,8.745371250499181e-16
