Electrode,Band,Hurst,DFA,Lyapunov,Sample Entropy,Correlation Dimension
F3,cA5,0.3254004399034949,0.6972353327668787,0.015053392290235793,1.3085904698815074,7.589471908347874e-16
