Electrode,Band,Hurst,DFA,Lyapunov,Sample Entropy,Correlation Dimension
F4,cD2,0.45085951399232954,0.46170433533428995,0.0012462962757455497,1.9290031506679537,-1.9494409621950096e-15
