Electrode,Band,Hurst,DFA,Lyapunov,Sample Entropy,Correlation Dimension
C3,cD5,0.4122933770740914,0.4743260450605684,0.004673402959650047,1.9661128563728327,8.330915834620509e-16
