Electrode,Band,Hurst,DFA,Lyapunov,Sample Entropy,Correlation Dimension
PO3,cD5,0.41532154378789277,0.4224349526215814,0.004242810336026204,1.8788495040013065,9.175347331676146e-16
