Electrode,Band,Hurst,DFA,Lyapunov,Sample Entropy,Correlation Dimension
P4,cA5,0.3213393898927077,0.46839185055201105,0.048014741785386054,1.1048283148991158,-1.744373490558324e-15
