Electrode,Band,Hurst,DFA,Lyapunov,Sample Entropy,Correlation Dimension
P4,cD1,0.3512652301887888,0.3147747999787741,0.004226701909845317,1.6619650595046358,3.2254716179347216e-15
