Electrode,Band,Hurst,DFA,Lyapunov,Sample Entropy,Correlation Dimension
F4,cD4,0.5000720432025346,0.5188187848735846,0.0006682135842063746,2.0942546140617515,9.057660753751626e-17
