Electrode,Band,Hurst,DFA,Lyapunov,Sample Entropy,Correlation Dimension
P4,cD2,0.44398308281977716,0.458877127919575,0.0033221591602670573,1.8562853817248288,2.0247603822588507e-16
