Electrode,Band,Hurst,DFA,Lyapunov,Sample Entropy,Correlation Dimension
F4,cD3,0.4334012921569675,0.4608376390323103,0.000770603526722001,2.051215815001336,-1.4622724434784247e-16
