Electrode,Band,Hurst,DFA,Lyapunov,Sample Entropy,Correlation Dimension
C3,cA5,0.271610270569612,0.46169591934349286,0.025656882485190765,1.6097945140247563,-6.696175697011855e-16
