Electrode,Band,Hurst,DFA,Lyapunov,Sample Entropy,Correlation Dimension
C3,cD4,0.4329772413192814,0.47429527388343395,0.008464152996357,1.9651737360340278,-8.03919460156591e-16
