Electrode,Band,Hurst,DFA,Lyapunov,Sample Entropy,Correlation Dimension
P4,cD5,0.441262254793705,0.44366106578618025,-0.0008646704933860212,1.8771744077807135,8.599567455737198e-16
