Electrode,Band,Hurst,DFA,Lyapunov,Sample Entropy,Correlation Dimension
PO3,cD2,0.4233602392367656,0.4592746025310596,0.002608021822842376,1.912231525198202,-2.577454865594005e-16
