Electrode,Band,Hurst,DFA,Lyapunov,Sample Entropy,Correlation Dimension
C3,cD2,0.4350292434189711,0.49798544406865725,0.0033489053899591454,1.1051416060087957,0.0017357027085437785
