Electrode,Band,Hurst,DFA,Lyapunov,Sample Entropy,Correlation Dimension
C4,cA5,0.21948625618654594,0.48039504983929315,0.060839744652209794,1.150946584868305,-1.9223854775346118e-15
