Electrode,Band,Hurst,DFA,Lyapunov,Sample Entropy,Correlation Dimension
Fp2,cD1,0.28309892591244323,0.2535882752823082,0.010546584229369806,1.6390349504689277,-1.7795491553771765e-15
