Electrode,Band,Hurst,DFA,Lyapunov,Sample Entropy,Correlation Dimension
C4,cD1,0.33157022620719345,0.3231828379200128,0.0054381457242097244,1.263146836939239,0.0003454446768201749
