Electrode,Band,Hurst,DFA,Lyapunov,Sample Entropy,Correlation Dimension
Fp1,cD2,0.443514736129746,0.43936458500569814,0.004680130698463758,1.990162689883959,1.6798142723738787e-16
