Electrode,Band,Hurst,DFA,Lyapunov,Sample Entropy,Correlation Dimension
C4,cD4,0.46913851007955687,0.48148732971834896,0.009675259356732243,2.0268790008199256,-1.5540057156113698e-18
