Electrode,Band,Hurst,DFA,Lyapunov,Sample Entropy,Correlation Dimension
F4,cD1,0.3098310311143608,0.2992472552688751,0.0017629392219309567,1.5987562438534515,-1.5163544679792388e-15
