Electrode,Band,Hurst,DFA,Lyapunov,Sample Entropy,Correlation Dimension
F4,cA5,0.26103550706095185,0.46959233061496075,0.022198444276344056,1.4599607449429617,-2.1236661927898003e-16
