Electrode,Band,Hurst,DFA,Lyapunov,Sample Entropy,Correlation Dimension
Fp2,cA5,0.4375739329865774,0.16322733112203403,0.1069436715061502,0.48266245835621924,0.20623178583141083
