Electrode,Band,Hurst,DFA,Lyapunov,Sample Entropy,Correlation Dimension
PO3,cD1,0.3504765921079811,0.3275692526499539,0.009655452274776613,1.6874604482395772,-4.4955005268546606e-15
