Electrode,Band,Hurst,DFA,Lyapunov,Sample Entropy,Correlation Dimension
Fp1,cD5,0.34052825391446573,0.4125838206820523,0.009247398376464787,1.4263335134493416,2.501382696159657e-15
