Electrode,Band,Hurst,DFA,Lyapunov,Sample Entropy,Correlation Dimension
PO3,cA5,0.19708596541587753,0.24529267465569204,0.08067256329106352,1.147564034576219,-1.151246057978379e-15
