Electrode,Band,Hurst,DFA,Lyapunov,Sample Entropy,Correlation Dimension
C4,cD5,0.46436948521956767,0.4526901349525271,0.003018327192826376,1.9995416286045957,9.661001598654912e-16
