Electrode,Band,Hurst,DFA,Lyapunov,Sample Entropy,Correlation Dimension
F3,cD1,0.3532135972596408,0.31249213383112445,0.009864043522548611,1.6440797194975967,1.4893574873491288e-15
