Electrode,Band,Hurst,DFA,Lyapunov,Sample Entropy,Correlation Dimension
C4,cD3,0.47286257857560016,0.48174224117143205,-0.0009640549168447461,1.7710034097909204,-3.0403509211098735e-17
