Electrode,Band,Hurst,DFA,Lyapunov,Sample Entropy,Correlation Dimension
C3,cD3,0.5113263573587498,0.6286332597101202,0.0035438710992987525,1.4052379475006853,1.2555435961797804e-15
