Electrode,Band,Hurst,DFA,Lyapunov,Sample Entropy,Correlation Dimension
P4,cD3,0.48362930131240944,0.4935090448653236,-0.0006123282692655355,2.0131127078658073,-1.486786345812485e-15
