Electrode,Band,Hurst,DFA,Lyapunov,Sample Entropy,Correlation Dimension
F3,cD5,0.4189830998881051,0.4693695985819512,0.004776902632279684,1.992713874304409,6.791207106387579e-16
