Electrode,Band,Hurst,DFA,Lyapunov,Sample Entropy,Correlation Dimension
C3,cD1,0.3590940162694059,0.3402104283550157,0.005240475047718381,1.0613118304524667,0.003971592887457874
