Electrode,Band,Hurst,DFA,Lyapunov,Sample Entropy,Correlation Dimension
P4,cD4,0.40876222128737577,0.4037936635397043,0.0003270120331730099,2.038624590490802,-1.830761706143067e-16
