Electrode,Band,Hurst,DFA,Lyapunov,Sample Entropy,Correlation Dimension
Fp2,cD4,0.4356383380371514,0.4526365341455737,0.0009071176702322186,2.139697922683663,-1.1333143983505517e-16
