Electrode,Band,Hurst,DFA,Lyapunov,Sample Entropy,Correlation Dimension
Fp2,cD3,0.45099628976324785,0.4800729233895096,-0.0011864459875861515,2.146304107954912,8.349189154372188e-16
