Electrode,Band,Hurst,DFA,Lyapunov,Sample Entropy,Correlation Dimension
Fp1,cD4,0.47013756599629586,0.5089838010936282,0.0010163798476708868,2.057050512046722,5.720542668165922e-17
