Electrode,Band,Hurst,DFA,Lyapunov,Sample Entropy,Correlation Dimension
F3,cD2,0.4822416315920518,0.5016266572349523,0.0035876274108886655,1.8876789271643897,-1.6375208227944053e-17
