Electrode,Band,Hurst,DFA,Lyapunov,Sample Entropy,Correlation Dimension
Fp2,cD2,0.4393609710798145,0.41431060460225827,0.0005332079800690887,2.0521863351744605,-1.0382318786438814e-15
