Electrode,Band,Hurst,DFA,Lyapunov,Sample Entropy,Correlation Dimension
Fp1,cD3,0.428661470635828,0.4702490108272176,9.260466604500265e-05,2.109452721793457,-9.777374826165306e-16
