Electrode,Band,Hurst,DFA,Lyapunov,Sample Entropy,Correlation Dimension
C4,cD2,0.46763592508800206,0.5226130682403158,0.0035376895557749023,1.4941399018633754,3.3478520106430973e-15
