Electrode,Band,Hurst,DFA,Lyapunov,Sample Entropy,Correlation Dimension
F3,cD3,0.4656210314218529,0.5080086902871485,0.00041404492927268,1.9975704628636266,-1.0350078582152856e-15
