Electrode,Band,Hurst,DFA,Lyapunov,Sample Entropy,Correlation Dimension
Fp1,cD1,0.28341292316539846,0.26683716311830796,0.006012561104514323,1.6313692393988937,3.222783637437598e-15
