Electrode,Band,Hurst,DFA,Lyapunov,Sample Entropy,Correlation Dimension
Fp1,cA5,0.1973466050659169,0.33662262568425527,0.1115246278002746,0.4300731755513769,0.3301921365176524
