Electrode,Band,Hurst,DFA,Lyapunov,Sample Entropy,Correlation Dimension
F4,cD5,0.4785886317357051,0.5309598340689713,0.004688913171941542,2.0664109713208734,8.939496646965717e-16
