Electrode,Band,Hurst,DFA,Lyapunov,Sample Entropy,Correlation Dimension
Fp2,cD1,0.30085798778189365,0.26353839078556424,0.005175425789573199,1.7150581417943664,8.762979735833832e-05
