Electrode,Band,Hurst,DFA,Lyapunov,Sample Entropy,Correlation Dimension
F3,cD5,0.3459056040135522,0.320926179097782,0.026632225451691874,1.9198764228753988,7.250552026098684e-16
