Electrode,Band,Hurst,DFA,Lyapunov,Sample Entropy,Correlation Dimension
F4,cA5,0.4568927045614858,0.8330000907962422,0.015385868785145885,1.9142102741895184,2.634427522267993e-15
