Electrode,Band,Hurst,DFA,Lyapunov,Sample Entropy,Correlation Dimension
C4,cD1,0.3235116463767981,0.2872744312094043,0.005461978912353409,1.7543931195659146,-1.3434653779432929e-15
