Electrode,Band,Hurst,DFA,Lyapunov,Sample Entropy,Correlation Dimension
Fp1,cD1,0.33986250365814075,0.3087362388804272,0.004340613972057244,1.749614156187987,2.558681160230053e-15
