Electrode,Band,Hurst,DFA,Lyapunov,Sample Entropy,Correlation Dimension
F4,cD1,0.34916461176236024,0.31872476841717995,0.0020414410215434413,1.8137441955179172,2.874718656856836e-15
