Electrode,Band,Hurst,DFA,Lyapunov,Sample Entropy,Correlation Dimension
C4,cD4,0.448692957333899,0.48354978526019554,0.009368676405687146,2.0336945712159706,1.7876759662780428e-16
