Electrode,Band,Hurst,DFA,Lyapunov,Sample Entropy,Correlation Dimension
P4,cD4,0.412323926759232,0.4360532797301261,0.005136810649525034,2.0296388684635507,4.2970955708058215e-17
