Electrode,Band,Hurst,DFA,Lyapunov,Sample Entropy,Correlation Dimension
P4,cA5,0.5534564908322276,0.8450611373519862,0.042289885834194754,1.7125126671813684,2.0557959389235898e-15
