Electrode,Band,Hurst,DFA,Lyapunov,Sample Entropy,Correlation Dimension
C4,cD3,0.4730018411699161,0.4960098458103187,0.0007973526463361379,1.9647094193333479,-1.0370418457040247e-15
