Electrode,Band,Hurst,DFA,Lyapunov,Sample Entropy,Correlation Dimension
Fp1,cD4,0.5039129823500976,0.5249226477575019,0.0002542495727534426,2.110413862532474,6.833271918038424e-17
