Electrode,Band,Hurst,DFA,Lyapunov,Sample Entropy,Correlation Dimension
F3,cD2,0.46093267148390393,0.4556169797755782,0.0016411087729713647,1.9692158702056661,1.4168489689022112e-15
