Electrode,Band,Hurst,DFA,Lyapunov,Sample Entropy,Correlation Dimension
F4,cD5,0.43687037272547596,0.3573684525599262,0.023636938451410936,1.8600606037989817,3.7629931362892863e-16
