Electrode,Band,Hurst,DFA,Lyapunov,Sample Entropy,Correlation Dimension
F4,cD3,0.49042678025028213,0.49050252696939345,0.00368472012606517,1.9991030945720285,-7.950191074106328e-16
