Electrode,Band,Hurst,DFA,Lyapunov,Sample Entropy,Correlation Dimension
P4,cD1,0.33778755798113147,0.2927263311584331,0.0009546915690102788,1.7983989468888033,4.336034319247559e-15
