Electrode,Band,Hurst,DFA,Lyapunov,Sample Entropy,Correlation Dimension
Fp1,cD3,0.4610042760612443,0.49825673674835114,0.0033639647743922713,1.8934735793723398,1.2913547622897247e-15
