Electrode,Band,Hurst,DFA,Lyapunov,Sample Entropy,Correlation Dimension
Fp2,cA5,0.7553609830060581,0.9986007750483744,0.013305862426757837,1.1711014564407372,-1.1492849353010582e-15
