Electrode,Band,Hurst,DFA,Lyapunov,Sample Entropy,Correlation Dimension
Fp2,cD2,0.3899367953043962,0.3841193245036972,0.004120826721191317,1.82623153582483,3.5833942225749186e-15
