Electrode,Band,Hurst,DFA,Lyapunov,Sample Entropy,Correlation Dimension
C3,cA5,0.5888793309224178,0.7769112154710007,0.011505622863769388,1.8645255452731984,-4.541088895697692e-16
