Electrode,Band,Hurst,DFA,Lyapunov,Sample Entropy,Correlation Dimension
Fp1,cD5,0.34245305764597805,0.3102845185705984,0.019573950505518856,1.8401196987222412,5.684634788856547e-16
