Electrode,Band,Hurst,DFA,Lyapunov,Sample Entropy,Correlation Dimension
F3,cD4,0.45583581267683554,0.49774526838814154,0.002737565474076651,2.1174470216597356,2.583375620870049e-16
