Electrode,Band,Hurst,DFA,Lyapunov,Sample Entropy,Correlation Dimension
C4,cA5,0.48965537100979256,0.8069243417077276,0.04201608509212365,1.7518886977378274,-5.318776112996212e-16
