Electrode,Band,Hurst,DFA,Lyapunov,Sample Entropy,Correlation Dimension
F4,cD2,0.4102277241052432,0.40465637633854373,0.0004985404737060369,1.9478793110014523,2.0843968784369067e-15
