Electrode,Band,Hurst,DFA,Lyapunov,Sample Entropy,Correlation Dimension
F4,cD4,0.4318979009472511,0.457613269916847,0.008876356435669565,2.1088023004155856,-1.2676816338845849e-16
