Electrode,Band,Hurst,DFA,Lyapunov,Sample Entropy,Correlation Dimension
C3,cD3,0.4638673490309334,0.48179629858525036,0.0005828510631207596,2.1010317408704973,1.0779673098252148e-15
