Electrode,Band,Hurst,DFA,Lyapunov,Sample Entropy,Correlation Dimension
P4,cD2,0.44049293283744123,0.42134304853257315,0.0003621766061494243,1.9760992239778112,4.2791155629319063e-16
