Electrode,Band,Hurst,DFA,Lyapunov,Sample Entropy,Correlation Dimension
Fp2,cD5,0.4060244925136485,0.34027810974027206,0.03084433209765063,1.7997017266677962,1.0922794242904095e-15
