Electrode,Band,Hurst,DFA,Lyapunov,Sample Entropy,Correlation Dimension
C4,cD2,0.4532280374870487,0.43373803952092294,0.0004766637628725832,1.9426716711623566,-7.995598978703135e-16
