Electrode,Band,Hurst,DFA,Lyapunov,Sample Entropy,Correlation Dimension
Fp2,cD4,0.45294797934456804,0.48666517248081403,0.0038103883916681264,2.0906455485336544,-1.185524506783925e-16
