Electrode,Band,Hurst,DFA,Lyapunov,Sample Entropy,Correlation Dimension
C3,cD5,0.3773746099173386,0.42799576857960486,0.015808950463714264,2.1091903079270478,9.543676457302513e-16
