Electrode,Band,Hurst,DFA,Lyapunov,Sample Entropy,Correlation Dimension
C3,cD2,0.3785613243943721,0.3876198920948073,-0.0003956303452004206,1.938967713051256,3.142785305719901e-16
