Electrode,Band,Hurst,DFA,Lyapunov,Sample Entropy,Correlation Dimension
C4,cD5,0.36590539262896893,0.29818750443467146,0.023017292487912507,1.8307699879507149,8.594523964481753e-16
