Electrode,Band,Hurst,DFA,Lyapunov,Sample Entropy,Correlation Dimension
F3,cA5,0.5692994355372024,0.9286692295030174,0.009616369963318286,1.4337128083893422,-1.0347488342142483e-15
