Electrode,Band,Hurst,DFA,Lyapunov,Sample Entropy,Correlation Dimension
P4,cD5,0.3129621830105559,0.2663342094406071,0.042859520089734544,1.559166376511798,3.7611249698165543e-16
