Electrode,Band,Hurst,DFA,Lyapunov,Sample Entropy,Correlation Dimension
Fp2,cD3,0.47593176975744983,0.5019708651802319,0.0007461721246888886,1.892245245366359,-1.4241003614464295e-15
