Electrode,Band,Hurst,DFA,Lyapunov,Sample Entropy,Correlation Dimension
Fp1,cA5,0.7469199950013888,1.0699149577546043,0.01701170507103537,1.0604019800814808,2.552367040878787e-15
