Electrode,Band,Hurst,DFA,Lyapunov,Sample Entropy,Correlation Dimension
C3,cD1,0.2781385119389277,0.25429815922885574,0.010797944102254617,1.6473432099247782,8.895231098267337e-05
