Electrode,Band,Hurst,DFA,Lyapunov,Sample Entropy,Correlation Dimension
F3,cD1,0.3145618253423905,0.28395824731440655,0.010401438999843554,1.6182508327491811,-4.4249976943892595e-15
