Electrode,Band,Hurst,DFA,Lyapunov,Sample Entropy,Correlation Dimension
Fp1,cD2,0.40991825360192297,0.4169134473412388,0.0006457588889380826,1.876765259481191,-1.3109648110020488e-15
