Electrode,Band,Hurst,DFA,Lyapunov,Sample Entropy,Correlation Dimension
P4,cD3,0.46961322371759834,0.47459006424423716,0.0026580810546874703,2.02696355003789,2.848641380576984e-15
