Electrode,Band,Hurst,DFA,Lyapunov,Sample Entropy,Correlation Dimension
C3,cD4,0.44984921713584625,0.5196904024238541,6.813280510158263e-05,2.1212772801271185,8.06015614928129e-17
