Electrode,Band,Hurst,DFA,Lyapunov,Sample Entropy,Correlation Dimension
F3,cD3,0.4741244411311779,0.503828366442146,0.0009477730953330496,2.069966127477973,1.1357720812173433e-15
