Electrode,Band,Hurst,DFA,Lyapunov,Sample Entropy,Correlation Dimension
P4,cD3,0.5057862914915895,0.4828238141115819,0.0010442560369322085,2.1413772772700614,7.392458186404531e-16
