Electrode,Band,Hurst,DFA,Lyapunov,Sample Entropy,Correlation Dimension
F3,cD3,0.4577642358173666,0.46024168014816214,0.0035440531643952788,2.13691804890491,8.91190902498538e-16
