Electrode,Band,Hurst,DFA,Lyapunov,Sample Entropy,Correlation Dimension
C3,cD4,0.36462451079903146,0.34427888376445076,0.0022491975264111877,1.9339086851039164,-1.6383408672330042e-16
