Electrode,Band,Hurst,DFA,Lyapunov,Sample Entropy,Correlation Dimension
F3,cD4,0.37095318183138415,0.3598442407802633,0.0018496195475256128,1.9870391607257907,1.0277160416620354e-15
