Electrode,Band,Hurst,DFA,Lyapunov,Sample Entropy,Correlation Dimension
Fp2,cD1,0.34004658617588235,0.3108239722811605,0.0010983207009050123,1.760723024736508,1.3418572932348146e-16
