Electrode,Band,Hurst,DFA,Lyapunov,Sample Entropy,Correlation Dimension
Fp2,cD2,0.47470185093569905,0.4517765451340826,0.0027495470913970056,2.0104732904658382,2.3655539150323236e-15
