Electrode,Band,Hurst,DFA,Lyapunov,Sample Entropy,Correlation Dimension
Fp1,cD1,0.3295057334449627,0.2991769103196144,0.0055728218772198536,1.8001177015840082,3.4513289891394765e-16
