Electrode,Band,Hurst,DFA,Lyapunov,Sample Entropy,Correlation Dimension
C4,cD4,0.35662307513481883,0.32027307252557896,0.003409064899791384,1.9121178265181267,-8.383252218432464e-17
