Electrode,Band,Hurst,DFA,Lyapunov,Sample Entropy,Correlation Dimension
P4,cD2,0.4487464069247998,0.45441225438832744,-0.0002615899750681093,2.0909998731369464,1.6645186023196326e-15
