Electrode,Band,Hurst,DFA,Lyapunov,Sample Entropy,Correlation Dimension
F3,cD1,0.3177774117157013,0.285485964456863,0.004535475644198926,1.803223503621058,3.097090724975714e-15
