Electrode,Band,Hurst,DFA,Lyapunov,Sample Entropy,Correlation Dimension
Fp2,cD4,0.42414402770455883,0.3839226542707068,0.009717164339719536,2.0811108644743452,-5.144672815557681e-17
