Electrode,Band,Hurst,DFA,Lyapunov,Sample Entropy,Correlation Dimension
F3,cD2,0.4740959807507086,0.45990754318676347,5.7740644969256015e-06,2.115907438874038,2.1773346901804927e-15
