Electrode,Band,Hurst,DFA,Lyapunov,Sample Entropy,Correlation Dimension
C3,cA5,0.36807487172947967,0.4830313696341048,-0.0026521740537703152,1.9379419794061366,-3.7597759559032097e-16
