Electrode,Band,Hurst,DFA,Lyapunov,Sample Entropy,Correlation Dimension
C3,cD1,0.3134995946141764,0.2821458604178886,0.001310232913854958,1.7711926637622093,-4.526580430859319e-15
