Electrode,Band,Hurst,DFA,Lyapunov,Sample Entropy,Correlation Dimension
P4,cD1,0.3229882271617896,0.2803381598677635,0.012010029384068055,1.7510091618650763,-1.1734186321988406e-15
