Electrode,Band,Hurst,DFA,Lyapunov,Sample Entropy,Correlation Dimension
F4,cD1,0.3539973310895358,0.31364180380012374,0.0047135526483706195,1.8232132303220665,1.563335904362958e-15
