Electrode,Band,Hurst,DFA,Lyapunov,Sample Entropy,Correlation Dimension
F4,cD5,0.3772763219031598,0.3558049540129198,0.015341952606872315,1.8911412356783843,7.85287602061014e-16
