Electrode,Band,Hurst,DFA,Lyapunov,Sample Entropy,Correlation Dimension
C4,cD1,0.34092957190875184,0.31371032937284615,0.004985896023836571,1.8513426868415566,1.5909453154108218e-15
