Electrode,Band,Hurst,DFA,Lyapunov,Sample Entropy,Correlation Dimension
C4,cD2,0.4483395890712406,0.4590362142205301,-0.0006750222408415403,2.116265027691374,4.787113353165414e-16
