Electrode,Band,Hurst,DFA,Lyapunov,Sample Entropy,Correlation Dimension
P4,cD5,0.3375649690092026,0.2928167597508672,0.038188873542534175,1.589365120073414,-1.2216685008667058e-15
