Electrode,Band,Hurst,DFA,Lyapunov,Sample Entropy,Correlation Dimension
F3,cD5,0.32177340993750436,0.30760612102510504,0.023850686541833237,1.8391643997641498,8.2027144457118325e-16
