Electrode,Band,Hurst,DFA,Lyapunov,Sample Entropy,Correlation Dimension
C3,cD2,0.4553299039993683,0.4564742270440638,-0.0001408316872336735,2.067899077809634,-2.4041607674330108e-17
