Electrode,Band,Hurst,DFA,Lyapunov,Sample Entropy,Correlation Dimension
PO3,cD4,0.3719558914703227,0.36637801288545363,0.0090695961372004,2.009787942846692,1.0685899676848519e-15
