Electrode,Band,Hurst,DFA,Lyapunov,Sample Entropy,Correlation Dimension
C3,cD3,0.4580224769503143,0.4466473651935589,0.0033876592462715152,2.090249628952411,9.240398641122054e-16
