Electrode,Band,Hurst,DFA,Lyapunov,Sample Entropy,Correlation Dimension
C4,cD3,0.4370958927750167,0.43366399100111597,0.001738539609041945,2.0879888822025485,8.782791644074512e-16
