Electrode,Band,Hurst,DFA,Lyapunov,Sample Entropy,Correlation Dimension
Fp1,cD2,0.45476462148067387,0.4504145000105304,0.0007373694217566848,2.1133469271127474,-6.801337377275555e-16
