Electrode,Band,Hurst,DFA,Lyapunov,Sample Entropy,Correlation Dimension
P4,cD4,0.34494631950871224,0.3074727340038571,0.018669231788261822,1.9821318659138047,-8.844264540788361e-16
