Electrode,Band,Hurst,DFA,Lyapunov,Sample Entropy,Correlation Dimension
PO3,cD2,0.47837667285501667,0.46456815232981913,0.00036070274584240765,2.1243064401845193,1.8297608212795208e-15
