Electrode,Band,Hurst,DFA,Lyapunov,Sample Entropy,Correlation Dimension
F4,cA5,0.3857141107071156,0.4580795225481217,0.0023652596907181578,2.0194843469568275,-3.966837174554647e-16
