Electrode,Band,Hurst,DFA,Lyapunov,Sample Entropy,Correlation Dimension
Fp2,cD5,0.352334423318514,0.3132392173507862,0.03264897746743335,1.698913697201918,2.6514861384565356e-16
