Electrode,Band,Hurst,DFA,Lyapunov,Sample Entropy,Correlation Dimension
PO3,cD1,0.3458877690609191,0.31615279426981996,0.0052465352145107304,1.8335996581289131,3.241324468745171e-15
