Electrode,Band,Hurst,DFA,Lyapunov,Sample Entropy,Correlation Dimension
Fp1,cA5,0.440462148918641,0.5349623346973795,0.028360349791390464,1.8106279535324379,-1.8625982361883637e-16
