Electrode,Band,Hurst,DFA,Lyapunov,Sample Entropy,Correlation Dimension
Fp1,cD5,0.332864231682505,0.29931510214039725,0.026332488426795374,1.6899967491513526,8.798609213541139e-16
