Electrode,Band,Hurst,DFA,Lyapunov,Sample Entropy,Correlation Dimension
Fp2,cD3,0.47391254924417237,0.48698444544665515,0.0009477962147106645,2.0522601501634137,6.052703580610706e-16
