Electrode,Band,Hurst,DFA,Lyapunov,Sample Entropy,Correlation Dimension
P4,cA5,0.39887262332048956,0.36993287855180546,0.026584243774414165,1.7377781106633658,5.26299804783972e-16
