Electrode,Band,Hurst,DFA,Lyapunov,Sample Entropy,Correlation Dimension
F4,cD2,0.4786646876960543,0.45377777707808215,0.0004374475190133308,2.112822559946673,-1.7493138769229872e-15
