Electrode,Band,Hurst,DFA,Lyapunov,Sample Entropy,Correlation Dimension
C3,cD5,0.36291275572084525,0.3606894548609584,0.0012690630826078435,1.8876220773498071,8.715888763514178e-16
