Electrode,Band,Hurst,DFA,Lyapunov,Sample Entropy,Correlation Dimension
F4,cD3,0.45640846727028644,0.46246161930307117,0.0019350398670541476,2.134300743668838,1.0346718856611766e-15
