Electrode,Band,Hurst,DFA,Lyapunov,Sample Entropy,Correlation Dimension
C4,cD5,0.3884173929465732,0.37435295983481104,0.012835355905386633,1.8489513030881817,1.0493284268897225e-15
