Electrode,Band,Hurst,DFA,Lyapunov,Sample Entropy,Correlation Dimension
F3,cA5,0.3177815058953405,0.44821752883626415,0.014924525522528652,1.9838611319651047,-5.72640394942433e-16
