Electrode,Band,Hurst,DFA,Lyapunov,Sample Entropy,Correlation Dimension
Fp1,cD4,0.3768561217554874,0.36681729691716874,0.004573232477361545,2.024647678531791,-6.024884265826598e-17
