Electrode,Band,Hurst,DFA,Lyapunov,Sample Entropy,Correlation Dimension
PO3,cD5,0.3639184029949852,0.37752396452545256,0.01492385264043223,1.7880064270155847,8.5861380559764e-16
