Electrode,Band,Hurst,DFA,Lyapunov,Sample Entropy,Correlation Dimension
PO3,cA5,0.3625796349274117,0.4386719663028033,0.04085033101991013,1.9135125230109107,-1.825511882710543e-16
