Electrode,Band,Hurst,DFA,Lyapunov,Sample Entropy,Correlation Dimension
F4,cD4,0.4011261703277411,0.37721296039887503,0.003993242437189267,2.012707155803485,-9.293898247695674e-16
