Electrode,Band,Hurst,DFA,Lyapunov,Sample Entropy,Correlation Dimension
PO3,cD3,0.49040766517906703,0.47679255256021646,0.0024356928738679382,2.1417554523310462,9.037632979159296e-16
