Electrode,Band,Hurst,DFA,Lyapunov,Sample Entropy,Correlation Dimension
Fp2,cA5,0.5448393645895454,0.571373992451801,0.02411929120074265,1.8046612577599814,-4.754102383998673e-16
