Electrode,Band,Hurst,DFA,Lyapunov,Sample Entropy,Correlation Dimension
Fp1,cD3,0.4532823576767681,0.46689389359991706,0.000782140096028508,2.1306276897462366,8.851416560154361e-16
