Electrode,Band,Hurst,DFA,Lyapunov,Sample Entropy,Correlation Dimension
C4,cA5,0.33550026472506567,0.4508805059251849,0.014392354986170277,1.8729572819520568,9.258221465068312e-16
