Electrode,Band,Hurst,DFA,Lyapunov,Sample Entropy,Correlation Dimension
Fp2,cD1,0.3374736466748561,0.28297692414133513,0.0021366061586319193,1.4690551826311697,0.0005277653121416304
