Electrode,Band,Hurst,DFA,Lyapunov,Sample Entropy,Correlation Dimension
Fp1,cD3,0.4812716305703468,0.5287906059426739,-0.0006647398977569026,2.008466917291743,2.800062593126736e-15
