Electrode,Band,Hurst,DFA,Lyapunov,Sample Entropy,Correlation Dimension
P4,cD5,0.242880698640836,0.2141007198836303,0.02591057138128627,1.6363404706752747,1.0283867787009127e-16
