Electrode,Band,Hurst,DFA,Lyapunov,Sample Entropy,Correlation Dimension
F3,cD3,0.4958533140024581,0.522969650564191,0.0010716467192675946,2.0399743773356596,-1.0868228781913435e-15
