Electrode,Band,Hurst,DFA,Lyapunov,Sample Entropy,Correlation Dimension
F3,cD5,0.22845203050236496,0.18566705917136664,0.049310873536502424,1.5597322114954535,-3.9336340070178035e-16
