Electrode,Band,Hurst,DFA,Lyapunov,Sample Entropy,Correlation Dimension
PO3,cD4,0.41206246335615004,0.3630775507145715,0.016691527523837756,2.045263928258836,1.4930511223420273e-16
