Electrode,Band,Hurst,DFA,Lyapunov,Sample Entropy,Correlation Dimension
F4,cD5,0.2766428474647253,0.21377005085605022,0.03253591741834359,1.6867853231291143,-5.339176323934954e-16
