Electrode,Band,Hurst,DFA,Lyapunov,Sample Entropy,Correlation Dimension
Fp1,cD4,0.4303106242547506,0.43862360382187665,0.0018431576815513234,2.1652792170086728,-1.780189486650017e-16
