Electrode,Band,Hurst,DFA,Lyapunov,Sample Entropy,Correlation Dimension
C4,cD5,0.3404534760034819,0.3134694135873344,0.023766251448746775,1.8621462016179675,6.613564002174831e-16
