Electrode,Band,Hurst,DFA,Lyapunov,Sample Entropy,Correlation Dimension
F3,cD4,0.4279614919404698,0.4294934865214393,0.004811919819224748,2.136988679552009,-1.128956377967855e-16
