Electrode,Band,Hurst,DFA,Lyapunov,Sample Entropy,Correlation Dimension
C3,cD2,0.43830921596811767,0.4420085017794599,-0.00062025821570236,1.2637465194717323,0.0041367945504467395
