Electrode,Band,Hurst,DFA,Lyapunov,Sample Entropy,Correlation Dimension
Fp2,cD2,0.4472041359685662,0.4862755421993359,0.0007369301535866574,1.8767670159310808,1.3237999375407527e-15
