Electrode,Band,Hurst,DFA,Lyapunov,Sample Entropy,Correlation Dimension
F3,cA5,0.3978836067322663,0.49922279278485976,0.02235716515844986,1.8829435964978307,-2.3040540566095763e-16
