Electrode,Band,Hurst,DFA,Lyapunov,Sample Entropy,Correlation Dimension
P4,cD4,0.41790109696561484,0.4105041077079909,0.0010432676835492353,2.100319126701391,-1.2365889715201501e-17
