Electrode,Band,Hurst,DFA,Lyapunov,Sample Entropy,Correlation Dimension
Fp1,cD2,0.45158661456733,0.4722939900005924,-0.00013627139004813012,1.7954563814791216,2.314204804162929e-15
