Electrode,Band,Hurst,DFA,Lyapunov,Sample Entropy,Correlation Dimension
F4,cD2,0.45021657005300075,0.45881516775197856,-0.00041695797082214975,1.0994067543531083,0.004175804831857114
