Electrode,Band,Hurst,DFA,Lyapunov,Sample Entropy,Correlation Dimension
C4,cD4,0.48216078555479247,0.5083124519543811,0.0015363404245085184,2.095447096253799,-1.0643054447311986e-15
