Electrode,Band,Hurst,DFA,Lyapunov,Sample Entropy,Correlation Dimension
Fp2,cD5,0.2527865810091857,0.211177143944819,0.0599444585687976,1.6010505205271957,5.900421888107125e-16
