Electrode,Band,Hurst,DFA,Lyapunov,Sample Entropy,Correlation Dimension
F4,cD4,0.47343448702763935,0.4842231116915524,0.0003750772187199431,2.0126965701757733,2.148767616484958e-15
