Electrode,Band,Hurst,DFA,Lyapunov,Sample Entropy,Correlation Dimension
F4,cA5,0.4139602838922551,0.5083347203447692,0.028594395092555566,1.8141942726057467,-3.150694815613033e-16
