Electrode,Band,Hurst,DFA,Lyapunov,Sample Entropy,Correlation Dimension
C4,cD3,0.5024276517886429,0.5324079771664528,0.0005829782196973009,1.8696796072850683,1.3484192116206884e-15
