Electrode,Band,Hurst,DFA,Lyapunov,Sample Entropy,Correlation Dimension
P4,cD1,0.2786833996446675,0.26691840409758466,0.01867013082016934,1.1919987932916696,0.007612858558041436
