Electrode,Band,Hurst,DFA,Lyapunov,Sample Entropy,Correlation Dimension
PO3,cA5,0.3883650684526,0.45976552725885134,0.03333577769143247,1.7773598267100068,-6.688786424967787e-16
