Electrode,Band,Hurst,DFA,Lyapunov,Sample Entropy,Correlation Dimension
PO3,cD1,0.3061257367633944,0.2711367307741585,0.0114077134565873,1.3925378090612257,0.0005141625857510491
