Electrode,Band,Hurst,DFA,Lyapunov,Sample Entropy,Correlation Dimension
C3,cD3,0.504900917843007,0.5431172842104223,0.0018063631924713141,1.3567601593148007,0.00033449495265041164
