Electrode,Band,Hurst,DFA,Lyapunov,Sample Entropy,Correlation Dimension
C3,cD1,0.2854895745017936,0.28090602478642945,0.01158445865124262,1.0462702709387532,0.04694456414876509
