Electrode,Band,Hurst,DFA,Lyapunov,Sample Entropy,Correlation Dimension
P4,cA5,0.34195507461688807,0.44424423838170946,0.042073139957353234,1.772210655872238,-5.325624902080866e-16
