Electrode,Band,Hurst,DFA,Lyapunov,Sample Entropy,Correlation Dimension
P4,cD2,0.4662165636392424,0.4841685254802979,0.0029656496914951726,1.5751556517290288,-7.589705714923018e-16
