Electrode,Band,Hurst,DFA,Lyapunov,Sample Entropy,Correlation Dimension
P4,cD3,0.5305432093417425,0.5282150814276445,0.0012829607183280059,1.8651373894257994,1.511637084475085e-15
