Electrode,Band,Hurst,DFA,Lyapunov,Sample Entropy,Correlation Dimension
Fp2,cD4,0.4099405351312128,0.4286357456817856,0.004031259363347764,2.1349748575410117,4.1818330460816784e-18
