Electrode,Band,Hurst,DFA,Lyapunov,Sample Entropy,Correlation Dimension
Fp1,cD1,0.3168340749944474,0.2809591685592718,0.005132848566228342,1.3690977759614478,0.0031535835990814946
