Electrode,Band,Hurst,DFA,Lyapunov,Sample Entropy,Correlation Dimension
F3,cD1,0.3117699055389632,0.28490362837353267,0.005714780634099952,1.3933225076632134,0.0023998255667577574
