Electrode,Band,Hurst,DFA,Lyapunov,Sample Entropy,Correlation Dimension
C3,cD4,0.476879515137957,0.5206431490627169,0.000901337825890431,1.8925991429642834,1.9907883987984912e-16
