Electrode,Band,Hurst,DFA,Lyapunov,Sample Entropy,Correlation Dimension
Fp1,cA5,0.45808600458518295,0.6467167687356028,0.020323183248331395,1.9730001952211995,-3.9716395907886636e-16
