Electrode,Band,Hurst,DFA,Lyapunov,Sample Entropy,Correlation Dimension
F4,cD3,0.5111423804176671,0.5410166352423865,-0.00030381173798528597,1.4003064386118853,-6.513146487877701e-16
