Electrode,Band,Hurst,DFA,Lyapunov,Sample Entropy,Correlation Dimension
F3,cD2,0.455807774912081,0.4628810457153767,0.0027665918523616675,1.8381936240105254,2.6497133467857724e-15
