Electrode,Band,Hurst,DFA,Lyapunov,Sample Entropy,Correlation Dimension
Fp1,cD5,0.24068745211288833,0.21444821960842253,0.03562478678567068,1.5976004549685865,4.60096571106517e-16
