Electrode,Band,Hurst,DFA,Lyapunov,Sample Entropy,Correlation Dimension
F4,cD1,0.29446277557196254,0.2871011766514896,0.004824829101562677,0.8281925770782799,0.7516418713907416
