Electrode,Band,Hurst,DFA,Lyapunov,Sample Entropy,Correlation Dimension
PO3,cD2,0.46380260848217386,0.4610529342450826,-0.00044149918989738556,1.7722884424244123,1.392231124566339e-16
