Electrode,Band,Hurst,DFA,Lyapunov,Sample Entropy,Correlation Dimension
C4,cD1,0.2764490114218112,0.2480497039930391,0.01048216786417943,1.0304729917603404,0.04752094246972157
