Electrode,Band,Hurst,DFA,Lyapunov,Sample Entropy,Correlation Dimension
PO3,cD5,0.26216858622333644,0.18380423033609208,0.07639926394125579,1.4293662499132536,-1.2776715485054715e-15
