Electrode,Band,Hurst,DFA,Lyapunov,Sample Entropy,Correlation Dimension
Fp2,cA5,0.42187178288182814,0.6154995688699805,0.03084949181543148,1.9739105956849972,-4.553885836594697e-16
