Electrode,Band,Hurst,DFA,Lyapunov,Sample Entropy,Correlation Dimension
C3,cA5,0.3691207737953818,0.4938939124128626,0.0170062872079709,1.9789807246278095,-2.2013742908693423e-16
