Electrode,Band,Hurst,DFA,Lyapunov,Sample Entropy,Correlation Dimension
PO3,cD3,0.4866405967129504,0.5389495162787095,-5.895441232563466e-07,2.006373440665638,-1.587567707607449e-15
