Electrode,Band,Hurst,DFA,Lyapunov,Sample Entropy,Correlation Dimension
C4,cA5,0.40181007867046203,0.531844222326743,0.08264454928311453,1.885014927859606,-4.504172726306377e-16
