Electrode,Band,Hurst,DFA,Lyapunov,Sample Entropy,Correlation Dimension
Fp2,cD3,0.48651227067609837,0.5252050900646951,-0.0010342164473101864,2.0722947806888334,3.491244783537917e-15
