Electrode,Band,Hurst,DFA,Lyapunov,Sample Entropy,Correlation Dimension
C4,cD2,0.44254059102688187,0.4522241344691723,0.0027136715975673914,1.5311229439380147,-6.673129414134313e-16
