Electrode,Band,Hurst,DFA,Lyapunov,Sample Entropy,Correlation Dimension
C3,cD5,0.44560888609982985,0.3932024745439229,0.010176561929129715,1.9939987924628326,8.93243336155398e-16
