Electrode,Band,Hurst,DFA,Lyapunov,Sample Entropy,Correlation Dimension
PO3,cD2,0.4567741625342212,0.4683427085733453,0.0025915579362344966,2.028209974677154,1.1013459632636382e-15
