Electrode,Band,Hurst,DFA,Lyapunov,Sample Entropy,Correlation Dimension
P4,cD4,0.4885757690881404,0.4917933747450354,0.0012433225458317824,2.1924771597587616,-2.943479974195003e-16
