Electrode,Band,Hurst,DFA,Lyapunov,Sample Entropy,Correlation Dimension
P4,cD3,0.48266304423937395,0.5094490427935564,0.00041219537908356854,2.179721318099626,1.0755643550247841e-15
