Electrode,Band,Hurst,DFA,Lyapunov,Sample Entropy,Correlation Dimension
F4,cD5,0.4640458876191212,0.5026759016883482,0.0017202488787753595,2.1042210047177394,1.0333581569452817e-15
