Electrode,Band,Hurst,DFA,Lyapunov,Sample Entropy,Correlation Dimension
PO3,cD1,0.34486916581514393,0.3049535729566478,0.00573557940396402,1.7334328115670177,2.50713481158386e-15
