Electrode,Band,Hurst,DFA,Lyapunov,Sample Entropy,Correlation Dimension
PO3,cD4,0.46085171245529527,0.4597964532596639,0.004555658860639975,2.101443556986919,-1.3416654538530252e-17
