Electrode,Band,Hurst,DFA,Lyapunov,Sample Entropy,Correlation Dimension
F4,cD3,0.5041752756442912,0.5237501660615492,0.00353487188165839,2.077153064531581,9.43042875907082e-16
