Electrode,Band,Hurst,DFA,Lyapunov,Sample Entropy,Correlation Dimension
C4,cD5,0.5465094765925572,0.5804998738701047,0.005965432253750792,2.0726536733969034,2.4742343437114103e-15
