Electrode,Band,Hurst,DFA,Lyapunov,Sample Entropy,Correlation Dimension
C3,cD5,0.4964368747997421,0.5271442322168653,0.0031820730729539156,2.134593361754916,7.951735738748566e-16
