Electrode,Band,Hurst,DFA,Lyapunov,Sample Entropy,Correlation Dimension
C3,cA5,0.4399902307646698,0.6099619593839036,0.02047849176123559,1.8880905781664872,-5.248136237741072e-16
