Electrode,Band,Hurst,DFA,Lyapunov,Sample Entropy,Correlation Dimension
Fp1,cD4,0.47989764427803977,0.5192867380932417,0.0008861946337147862,2.128624304757867,-1.332770778488282e-16
