Electrode,Band,Hurst,DFA,Lyapunov,Sample Entropy,Correlation Dimension
C3,cD3,0.4778116991481107,0.5120752924596169,0.0001604773781514512,1.9035096786008168,2.5130222456304816e-15
