Electrode,Band,Hurst,DFA,Lyapunov,Sample Entropy,Correlation Dimension
PO3,cA5,0.5269927487179245,0.7959499658900553,0.0020596937699752203,1.7258697667464866,-5.795392364079946e-16
