Electrode,Band,Hurst,DFA,Lyapunov,Sample Entropy,Correlation Dimension
C4,cD1,0.3051827213955004,0.2860945034701553,0.009878995103415627,1.6297520045972662,-1.1950793691060962e-15
