Electrode,Band,Hurst,DFA,Lyapunov,Sample Entropy,Correlation Dimension
Fp1,cD2,0.47657933919389805,0.46205353964620793,0.001188873522209501,1.8938685507140747,1.5013553235278057e-15
