Electrode,Band,Hurst,DFA,Lyapunov,Sample Entropy,Correlation Dimension
F3,cD4,0.4649783563743288,0.4929052852556352,-0.00010786923495262746,2.0764984304105005,-1.959589444214099e-16
