Electrode,Band,Hurst,DFA,Lyapunov,Sample Entropy,Correlation Dimension
C3,cD2,0.4701654409045319,0.4491475822724719,0.0003307284730849714,1.785711280064664,2.898644870707076e-16
