Electrode,Band,Hurst,DFA,Lyapunov,Sample Entropy,Correlation Dimension
Fp2,cA5,0.5315271633715842,0.8770501381124352,0.034909834433635295,1.3013238011651136,-1.7715050204157261e-15
