Electrode,Band,Hurst,DFA,Lyapunov,Sample Entropy,Correlation Dimension
C4,cD4,0.42881087161508624,0.46184441543743143,0.0038932020013980415,2.0340311479545177,-9.948736480243234e-16
