Electrode,Band,Hurst,DFA,Lyapunov,Sample Entropy,Correlation Dimension
Fp1,cA5,0.7070625268826042,0.9072122464468244,0.039698297935620026,1.3209995692013472,4.346560767746741e-16
