Electrode,Band,Hurst,DFA,Lyapunov,Sample Entropy,Correlation Dimension
F3,cD1,0.2982140954944045,0.2703397599699235,0.0010395454637931872,1.5430687292781464,0.00018008334948265545
