Electrode,Band,Hurst,DFA,Lyapunov,Sample Entropy,Correlation Dimension
Fp2,cD1,0.30373575934280217,0.2906011071271058,0.0010796864827473335,1.7323410747729815,1.6792207380100642e-15
