Electrode,Band,Hurst,DFA,Lyapunov,Sample Entropy,Correlation Dimension
F4,cD2,0.45965215820303273,0.44250768134520463,0.003950734571977099,1.9176536559548336,1.0744004822118009e-15
