Electrode,Band,Hurst,DFA,Lyapunov,Sample Entropy,Correlation Dimension
C4,cD3,0.5072057726462327,0.5010228758967289,0.002925421974875216,2.03647748006049,9.703326679571033e-16
