Electrode,Band,Hurst,DFA,Lyapunov,Sample Entropy,Correlation Dimension
P4,cD5,0.4732243847546773,0.4805386256436415,-0.0009589455344461008,2.1736430882121676,9.65856786150747e-16
