Electrode,Band,Hurst,DFA,Lyapunov,Sample Entropy,Correlation Dimension
F4,cD1,0.2971240802272278,0.2630916919411777,0.01039298672542371,1.642869932899922,-4.5933235466613454e-15
