Electrode,Band,Hurst,DFA,Lyapunov,Sample Entropy,Correlation Dimension
Fp2,cD3,0.5117581600598982,0.5123584964879903,0.0031681841070002226,2.033809303414336,-1.333752736598952e-15
