Electrode,Band,Hurst,DFA,Lyapunov,Sample Entropy,Correlation Dimension
F3,cA5,0.622021930150945,0.8170589477194302,0.014933508024440942,1.755046211983282,-5.228796069104137e-16
