Electrode,Band,Hurst,DFA,Lyapunov,Sample Entropy,Correlation Dimension
P4,cD1,0.390091598680423,0.36151341434595885,0.0013152613784326271,1.9563341880920475,-2.4313554157505138e-15
