Electrode,Band,Hurst,DFA,Lyapunov,Sample Entropy,Correlation Dimension
C3,cD4,0.4139694194088167,0.44872219783084477,-9.248328931438984e-05,2.0459340045208005,-1.1298527311668523e-16
