Electrode,Band,Hurst,DFA,Lyapunov,Sample Entropy,Correlation Dimension
Fp2,cD4,0.4580002087710923,0.4840556414932958,0.0023623466491696447,2.0918814334960936,2.385708651999032e-16
