Electrode,Band,Hurst,DFA,Lyapunov,Sample Entropy,Correlation Dimension
Fp1,cD5,0.42743883244487685,0.4410180373204565,-0.0009915091774682797,2.038405520506311,-3.3844248222984224e-16
