Electrode,Band,Hurst,DFA,Lyapunov,Sample Entropy,Correlation Dimension
P4,cD2,0.4857437734993065,0.46868406688850583,0.00047980799819420346,2.1559135626006847,9.92870752964603e-16
