Electrode,Band,Hurst,DFA,Lyapunov,Sample Entropy,Correlation Dimension
Fp2,cD2,0.44373532075935773,0.42393547750676286,-1.4391812411402315e-05,1.9810525768252845,-1.1967638809168383e-16
