Electrode,Band,Hurst,DFA,Lyapunov,Sample Entropy,Correlation Dimension
Fp1,cD1,0.29422249938088146,0.23987410904001766,0.001976250157211518,1.5778238459582046,-2.5940939277898226e-16
