Electrode,Band,Hurst,DFA,Lyapunov,Sample Entropy,Correlation Dimension
F3,cD2,0.4971898358110247,0.4577684920379417,0.00019073486328128637,1.8384959133966712,-1.3165529128502497e-16
