Electrode,Band,Hurst,DFA,Lyapunov,Sample Entropy,Correlation Dimension
F3,cD3,0.46520126726796357,0.495041841593345,0.0030063802545722495,1.976065432218685,-1.4141475484683697e-15
