Electrode,Band,Hurst,DFA,Lyapunov,Sample Entropy,Correlation Dimension
C4,cD2,0.46412392917911316,0.46385911303600175,0.0020038518038664956,1.9601879171718635,-7.573566435808e-17
