Electrode,Band,Hurst,DFA,Lyapunov,Sample Entropy,Correlation Dimension
Fp2,cD5,0.4507841507002077,0.47514036930973613,-0.00043319933342238285,2.0241503200609063,7.152354595416746e-16
