Electrode,Band,Hurst,DFA,Lyapunov,Sample Entropy,Correlation Dimension
P4,cA5,0.4956980773448102,0.6459670114541622,0.007431843897679923,1.96520960263459,-6.0156108130699595e-16
