Electrode,Band,Hurst,DFA,Lyapunov,Sample Entropy,Correlation Dimension
C4,cA5,0.4111474558585269,0.6054136823773437,0.004607842185280664,1.989463353687804,-5.45700760809727e-16
