Electrode,Band,Hurst,DFA,Lyapunov,Sample Entropy,Correlation Dimension
F3,cD5,0.43335198181707174,0.45659672195303497,0.0033435127951880503,2.118515116670117,9.70330352034874e-16
