Electrode,Band,Hurst,DFA,Lyapunov,Sample Entropy,Correlation Dimension
F4,cA5,0.43988756892891195,0.7933763435100954,0.014037625587592108,1.7369436440690063,-6.050966641719968e-16
