Electrode,Band,Hurst,DFA,Lyapunov,Sample Entropy,Correlation Dimension
C3,cD1,0.32307221575774725,0.29204176226584505,0.004924063249067986,1.4848953321911755,0.00012987936121321982
