Electrode,Band,Hurst,DFA,Lyapunov,Sample Entropy,Correlation Dimension
Fp1,cD3,0.46526950357050334,0.5187952408180325,0.0010382681181930536,2.02595101596013,-6.467482663847394e-16
