Electrode,Band,Hurst,DFA,Lyapunov,Sample Entropy,Correlation Dimension
PO3,cD5,0.42400911820353115,0.43398258112408417,0.0016530123623932779,1.9745572522319317,8.555797447051476e-16
