Electrode,Band,Hurst,DFA,Lyapunov,Sample Entropy,Correlation Dimension
PO3,cD3,0.49274366245218076,0.5064630464719928,0.00046243956594686347,2.111670951988025,-1.7159315777354538e-15
