Electrode,Band,Hurst,DFA,Lyapunov,Sample Entropy,Correlation Dimension
F4,cD4,0.4560952906731283,0.47832005903308406,0.00010827382405578932,2.1573978342849944,4.1430230310989536e-16
