Electrode,Band,Hurst,DFA,Lyapunov,Sample Entropy,Correlation Dimension
F3,cD3,0.4761155152234536,0.4824419803759858,0.0005496516372212432,2.1046050688623046,1.0372060440760937e-15
