Electrode,Band,Hurst,DFA,Lyapunov,Sample Entropy,Correlation Dimension
F4,cD1,0.346447432339935,0.3248762962509541,0.004663710160688849,1.757522631573069,0.0001467121906342916
