Electrode,Band,Hurst,DFA,Lyapunov,Sample Entropy,Correlation Dimension
C3,cD1,0.3496917148231899,0.3081288719355231,0.010232239762676868,1.8053253871461208,4.648252588351898e-15
