Electrode,Band,Hurst,DFA,Lyapunov,Sample Entropy,Correlation Dimension
F4,cA5,0.5760367881478031,0.6669834857586385,0.0011053432117808025,1.9723025038186182,-5.539058731603771e-16
