Electrode,Band,Hurst,DFA,Lyapunov,Sample Entropy,Correlation Dimension
F3,cD5,0.5368804865509237,0.4806275383433053,0.005053130063143767,2.0710085490711325,7.648529865371391e-16
