Electrode,Band,Hurst,DFA,Lyapunov,Sample Entropy,Correlation Dimension
F3,cD2,0.43875812175314177,0.47481992331174244,0.003622384504838517,2.009237257077012,3.524746164195612e-17
