Electrode,Band,Hurst,DFA,Lyapunov,Sample Entropy,Correlation Dimension
C4,cD2,0.45299462187177,0.45265378029585385,0.0021050279790702214,2.039786320352747,-9.029516501110049e-16
