Electrode,Band,Hurst,DFA,Lyapunov,Sample Entropy,Correlation Dimension
C3,cD2,0.44339520167439384,0.44660325639446113,0.00023028055826841722,2.0476604983397504,8.122564816918025e-17
