Electrode,Band,Hurst,DFA,Lyapunov,Sample Entropy,Correlation Dimension
C4,cD3,0.42714381987833117,0.4315301773687758,-0.0003435655073687968,2.0833217980726824,-5.47773224580249e-16
