Electrode,Band,Hurst,DFA,Lyapunov,Sample Entropy,Correlation Dimension
P4,cD3,0.47282333218570777,0.487304605702568,0.00012149810790996443,2.1543037095363013,8.595751396930652e-16
