Electrode,Band,Hurst,DFA,Lyapunov,Sample Entropy,Correlation Dimension
Fp2,cD4,0.4224863361934604,0.44231687973421463,-0.00023950518983776066,2.033394062014165,-2.3272828281229687e-16
