Electrode,Band,Hurst,DFA,Lyapunov,Sample Entropy,Correlation Dimension
F4,cD4,0.42676448349594115,0.42607078863606956,0.00035910750880380405,1.9682538757799994,8.827394807188935e-17
