Electrode,Band,Hurst,DFA,Lyapunov,Sample Entropy,Correlation Dimension
C4,cD5,0.42236100020384587,0.45824436342691766,0.01005360796735053,1.9938301012853705,9.390639396401554e-16
