Electrode,Band,Hurst,DFA,Lyapunov,Sample Entropy,Correlation Dimension
Fp2,cD5,0.4325409366891031,0.46226426165294715,-0.00018745769153961743,2.096742063205453,8.043983003339955e-16
