Electrode,Band,Hurst,DFA,Lyapunov,Sample Entropy,Correlation Dimension
C4,cD4,0.4279798299508371,0.40376800266559526,0.0015633611968065813,1.9707583126929296,5.660390081679542e-17
