Electrode,Band,Hurst,DFA,Lyapunov,Sample Entropy,Correlation Dimension
PO3,cD2,0.44418559206640656,0.4574061532385838,0.001078033447265535,2.0831632317091895,1.792491741379381e-15
