Electrode,Band,Hurst,DFA,Lyapunov,Sample Entropy,Correlation Dimension
C3,cD3,0.4533779891808037,0.4790040429774068,0.002418396689675469,2.100559860231778,8.06430129478134e-16
