Electrode,Band,Hurst,DFA,Lyapunov,Sample Entropy,Correlation Dimension
PO3,cD5,0.4358467246088419,0.5155636314004074,0.0022953640330919006,2.0445704032887035,1.0929851698392155e-15
