Electrode,Band,Hurst,DFA,Lyapunov,Sample Entropy,Correlation Dimension
Fp2,cD1,0.34198933311849977,0.3122742877895804,0.010507900024129132,1.6657845083025973,-4.310536180179775e-15
