Electrode,Band,Hurst,DFA,Lyapunov,Sample Entropy,Correlation Dimension
Fp2,cD3,0.49071067506960053,0.4792235348365994,0.002473085576837542,2.0681942695260234,9.079577849104567e-16
