Electrode,Band,Hurst,DFA,Lyapunov,Sample Entropy,Correlation Dimension
F3,cD1,0.37481120804586177,0.31785065473283086,0.005457314577969695,1.7397542446150467,1.2387819258651335e-15
