Electrode,Band,Hurst,DFA,Lyapunov,Sample Entropy,Correlation Dimension
F3,cA5,0.4748682753642473,0.6350160009103573,0.0029158158735795997,2.0577120866250103,-3.127724931132243e-16
