Electrode,Band,Hurst,DFA,Lyapunov,Sample Entropy,Correlation Dimension
P4,cD4,0.4258289821108395,0.40301852678168937,0.0030801426280626393,1.9885908050085541,3.395614396223153e-17
