Electrode,Band,Hurst,DFA,Lyapunov,Sample Entropy,Correlation Dimension
PO3,cA5,0.4342259371827877,0.6584358832379967,-0.00011460564353271665,1.8755813957208745,-5.465213885208626e-16
