Electrode,Band,Hurst,DFA,Lyapunov,Sample Entropy,Correlation Dimension
P4,cD2,0.44082860575399485,0.44312052914035704,0.0005023436112834911,2.0658696612654235,-1.7050258945223755e-15
