Electrode,Band,Hurst,DFA,Lyapunov,Sample Entropy,Correlation Dimension
F4,cD2,0.4316696220027838,0.46449227921516656,-0.00045515696207709905,1.8916650186776778,-1.6632875498299175e-16
