Electrode,Band,Hurst,DFA,Lyapunov,Sample Entropy,Correlation Dimension
Fp2,cD2,0.43164614642431404,0.45663534851493015,0.00010908878210777473,2.0030804555883055,4.1588738284135137e-16
