Electrode,Band,Hurst,DFA,Lyapunov,Sample Entropy,Correlation Dimension
C3,cA5,0.432733421445603,0.5638133792122283,0.017782297239199035,2.053594625786963,-4.326886841703568e-16
