Electrode,Band,Hurst,DFA,Lyapunov,Sample Entropy,Correlation Dimension
C4,cD1,0.40172832452470286,0.3435354648057432,0.001436204621286199,1.8490377971339154,1.531550952822028e-15
