Electrode,Band,Hurst,DFA,Lyapunov,Sample Entropy,Correlation Dimension
F4,cD3,0.477741724803694,0.487168400426886,0.0010690978079127265,1.9872166633101647,1.0726306378239433e-15
