Electrode,Band,Hurst,DFA,Lyapunov,Sample Entropy,Correlation Dimension
PO3,cD4,0.39547538251218173,0.37946201766290755,0.010679481746434131,1.9188221121142923,-2.8577005458026905e-16
