Electrode,Band,Hurst,DFA,Lyapunov,Sample Entropy,Correlation Dimension
PO3,cD1,0.33132878873608057,0.3156598764600637,0.005516823855312838,1.8004626347661676,1.4751411476797283e-15
