Electrode,Band,Hurst,DFA,Lyapunov,Sample Entropy,Correlation Dimension
F3,cD4,0.4410199691820897,0.4327520778901988,0.00319674231789303,2.010640482266614,3.4354103565174975e-16
