Electrode,Band,Hurst,DFA,Lyapunov,Sample Entropy,Correlation Dimension
P4,cD1,0.3301638614630281,0.3070582777618203,0.011781233007257322,1.7935827268749622,-1.2972899094754858e-15
