Electrode,Band,Hurst,DFA,Lyapunov,Sample Entropy,Correlation Dimension
C4,cA5,0.3994879164812488,0.6252063355628598,0.0035763913934880446,2.0437365809736083,-5.143157713449442e-16
