Electrode,Band,Hurst,DFA,Lyapunov,Sample Entropy,Correlation Dimension
P4,cA5,0.46878441239372937,0.6401274931920099,0.004276423020796148,1.6673083234561386,-4.265692211606891e-16
