Electrode,Band,Hurst,DFA,Lyapunov,Sample Entropy,Correlation Dimension
C3,cD4,0.40874823708831254,0.4065424974479725,0.002697684548117447,2.013292889425678,-1.0654650650818363e-15
