Electrode,Band,Hurst,DFA,Lyapunov,Sample Entropy,Correlation Dimension
PO3,cD3,0.4371644083885041,0.455756851301612,0.000630355603766772,2.105225803072724,-7.71733448474993e-16
