Electrode,Band,Hurst,DFA,Lyapunov,Sample Entropy,Correlation Dimension
Fp2,cA5,0.6153007285528799,0.7430931095257315,0.003956457102520949,1.63665796355765,-2.8874836391784195e-16
