Electrode,Band,Hurst,DFA,Lyapunov,Sample Entropy,Correlation Dimension
P4,cD5,0.4736058940684289,0.506546175321117,0.0017175790035359102,2.0848648752498264,6.03277893841332e-16
