Electrode,Band,Hurst,DFA,Lyapunov,Sample Entropy,Correlation Dimension
F4,cD5,0.43078141886134436,0.4626705370681508,0.004042226617986472,2.0417252518696083,1.1093176180823482e-15
