Electrode,Band,Hurst,DFA,Lyapunov,Sample Entropy,Correlation Dimension
C3,cD5,0.5032965061109638,0.5032360666316347,0.0021481167186387764,2.04855429352621,7.702266591584198e-16
