Electrode,Band,Hurst,DFA,Lyapunov,Sample Entropy,Correlation Dimension
C4,cD5,0.45942772247300695,0.4811677096010077,0.008538142784492376,2.023407363890608,-3.9785975579165595e-16
