Electrode,Band,Approximate Entropy,Permutation Entropy,Sample Entropy,SVD Entropy
C4,cD1,1.979241362480174,2.550576964253133,1.8260967699410737,1.464284314890701
C4,cD2,2.1255767798119845,2.5675170959332796,2.02759440718863,1.5470466872217448
C4,cD3,1.9250044577345937,2.5213790458377203,1.8730847391951846,1.4510343172222608
C4,cD4,1.9282346422935044,2.5847870461815807,1.9889717276180627,1.5820138004309583
C4,cD5,1.8084149333606403,2.583145889785756,2.023407363890608,1.5669028412841643
C4,cA5,1.5662648780094663,2.5624754278912905,1.9614081212396477,1.526817905727302
