Electrode,Band,Hurst,DFA,Lyapunov,Sample Entropy,Correlation Dimension
C4,cD1,0.3571041954665303,0.323133056561841,0.0012573588978160093,1.8260967699410735,4.20647174335527e-17
