Electrode,Band,Hurst,DFA,Lyapunov,Sample Entropy,Correlation Dimension
C4,cA5,0.5231822044938172,0.6141392756715965,0.00739170954777664,1.9614081212396477,-4.929194850541683e-16
