Electrode,Band,Hurst,DFA,Lyapunov,Sample Entropy,Correlation Dimension
C4,cD2,0.41635486330702964,0.4237465970309044,0.0006732536084725359,2.02759440718863,1.9293639618472313e-15
