Electrode,Band,Hurst,DFA,Lyapunov,Sample Entropy,Correlation Dimension
C4,cD3,0.41560461767454965,0.3770609068436661,0.006529704007235253,1.8730847391951846,2.8636065534921088e-15
