Electrode,Band,Hurst,DFA,Lyapunov,Sample Entropy,Correlation Dimension
C4,cD4,0.48132710581648647,0.534334443396882,0.0054820841008966364,1.9889717276180627,-9.06444665026356e-16
