Electrode,Band,Hurst,DFA,Lyapunov,Sample Entropy,Correlation Dimension
F4,cD3,0.47162504874947686,0.49497018039221924,0.0012580293597595073,2.147702300752986,9.980636546087015e-16
