Electrode,Band,Hurst,DFA,Lyapunov,Sample Entropy,Correlation Dimension
PO3,cA5,0.3637797985217257,0.47982197983927,0.009588585033283891,2.07959490415234,-7.295586810630749e-16
