Electrode,Band,Hurst,DFA,Lyapunov,Sample Entropy,Correlation Dimension
F4,cD2,0.44197114611023364,0.4437299858350458,0.00027639215642766805,2.1081998712737087,2.0710060705066775e-17
