Electrode,Band,Hurst,DFA,Lyapunov,Sample Entropy,Correlation Dimension
C3,cD1,0.3074801211002661,0.2730294674858816,0.0021081866640033967,1.7601265774296408,3.731018880342863e-15
