Electrode,Band,Hurst,DFA,Lyapunov,Sample Entropy,Correlation Dimension
Fp2,cD4,0.4845190102209852,0.45891196890042885,0.008473432981051458,1.9721248570820498,2.1497675275879322e-15
