Electrode,Band,Hurst,DFA,Lyapunov,Sample Entropy,Correlation Dimension
Fp1,cD5,0.34558348475119516,0.2913605365442622,0.019393905178531564,1.74320733287617,4.2393801957284903e-16
