Electrode,Band,Hurst,DFA,Lyapunov,Sample Entropy,Correlation Dimension
Fp2,cD5,0.36196542215654676,0.2925573629992698,0.014000065676816142,1.779962519317027,7.877955132140433e-16
