Electrode,Band,Hurst,DFA,Lyapunov,Sample Entropy,Correlation Dimension
F3,cA5,0.3867656534399736,0.5080241842036961,0.012354971288324966,2.0275675833835867,-3.1666890337160815e-16
