Electrode,Band,Hurst,DFA,Lyapunov,Sample Entropy,Correlation Dimension
C3,cA5,0.3877259783477365,0.4610142271732247,0.003857586600563928,2.029573990108057,-3.38472039435011e-16
