Electrode,Band,Hurst,DFA,Lyapunov,Sample Entropy,Correlation Dimension
C4,cD4,0.38385923590413173,0.37393611206683514,0.001771695686108883,2.0441221633185545,-2.8711339962079547e-16
