Electrode,Band,Hurst,DFA,Lyapunov,Sample Entropy,Correlation Dimension
C4,cA5,0.4094077162582903,0.6025979705051524,0.01855984153328361,2.091356576257707,-3.1337695644155604e-17
