Electrode,Band,Hurst,DFA,Lyapunov,Sample Entropy,Correlation Dimension
C3,cD5,0.47976033190713174,0.4176691367304838,0.00020575089888115062,1.9175288565170885,1.1101458713798698e-15
