Electrode,Band,Hurst,DFA,Lyapunov,Sample Entropy,Correlation Dimension
Fp2,cD2,0.42633468377923145,0.4207277439604904,0.0035483186895197126,1.9608797384382204,-4.117895942373749e-16
