Electrode,Band,Hurst,DFA,Lyapunov,Sample Entropy,Correlation Dimension
C4,cD5,0.4248199027282465,0.40063586187648326,0.006039532748135551,1.940833500448442,1.1762544147834332e-15
