Electrode,Band,Hurst,DFA,Lyapunov,Sample Entropy,Correlation Dimension
Fp1,cD4,0.43263999979541456,0.40818229028049813,0.003305573896928026,2.0050845687477734,1.3770099249775284e-17
