Electrode,Band,Hurst,DFA,Lyapunov,Sample Entropy,Correlation Dimension
P4,cD1,0.3663663560255612,0.3221999931242042,0.011272161657159774,1.8288889601057408,-1.485626859664088e-16
