Electrode,Band,Hurst,DFA,Lyapunov,Sample Entropy,Correlation Dimension
P4,cD5,0.3455645426247542,0.303140404161712,0.024761788923661827,1.7531393181919577,1.3800272486481886e-15
