Electrode,Band,Hurst,DFA,Lyapunov,Sample Entropy,Correlation Dimension
Fp2,cD1,0.313119627719182,0.302352908146058,0.006301108273592781,1.708621812215476,-4.334654988158332e-15
