Electrode,Band,Hurst,DFA,Lyapunov,Sample Entropy,Correlation Dimension
F4,cD1,0.35476589490318156,0.32273581952331976,0.0043947740034622545,1.904842054827894,2.3527914786737204e-15
