Electrode,Band,Hurst,DFA,Lyapunov,Sample Entropy,Correlation Dimension
Fp2,cA5,0.41580969929929956,0.5787101075839667,-0.002768366264574793,1.6742604841345812,2.044994887881553e-15
