Electrode,Band,Hurst,DFA,Lyapunov,Sample Entropy,Correlation Dimension
Fp1,cD2,0.46144642557981297,0.42408751590672866,0.003602357344193869,1.922153613144651,-4.970853702124836e-15
