Electrode,Band,Hurst,DFA,Lyapunov,Sample Entropy,Correlation Dimension
C4,cD3,0.47791859120104574,0.49594543470373503,-0.00012139407071219995,2.1475978002684704,-4.119282029636344e-17
