Electrode,Band,Hurst,DFA,Lyapunov,Sample Entropy,Correlation Dimension
P4,cA5,0.37254633935565634,0.46527034013150037,0.008970757464429269,2.0375944317443353,-4.177061938191718e-16
