Electrode,Band,Hurst,DFA,Lyapunov,Sample Entropy,Correlation Dimension
P4,cD4,0.3777802757622157,0.3416924258037554,0.006043399464000477,1.9300433248971065,-7.963109665320894e-16
