Electrode,Band,Hurst,DFA,Lyapunov,Sample Entropy,Correlation Dimension
F3,cD5,0.42612060028378307,0.35074471893390463,0.025699076809725753,1.7822864628373416,-1.2599250361371409e-15
