Electrode,Band,Hurst,DFA,Lyapunov,Sample Entropy,Correlation Dimension
C3,cD4,0.4240866246026508,0.4134837708273336,0.0006520820386479354,2.0391661740962235,1.641742872691296e-15
