Electrode,Band,Hurst,DFA,Lyapunov,Sample Entropy,Correlation Dimension
F3,cD1,0.3582881109471069,0.32430589970434737,0.0014124436811965306,1.6930010425617443,3.571856021214495e-15
