Electrode,Band,Hurst,DFA,Lyapunov,Sample Entropy,Correlation Dimension
F3,cD3,0.4932595031457042,0.4732903624375715,-0.0004483425255978058,1.9778886376113627,-1.2191834653946626e-15
