Electrode,Band,Hurst,DFA,Lyapunov,Sample Entropy,Correlation Dimension
Fp1,cD1,0.33990882354157054,0.30927677686597993,0.011353492736815865,1.7552254227405215,3.88600073910732e-15
