Electrode,Band,Hurst,DFA,Lyapunov,Sample Entropy,Correlation Dimension
F4,cA5,0.38429429513596586,0.6047606425478516,0.0018329273570665936,2.118680651445688,-4.534635268268457e-16
