Electrode,Band,Hurst,DFA,Lyapunov,Sample Entropy,Correlation Dimension
P4,cD3,0.46372727869482505,0.4537656171564875,0.0008818597504582777,2.1004111740969966,8.049931747917102e-16
