Electrode,Band,Hurst,DFA,Lyapunov,Sample Entropy,Correlation Dimension
C4,cD2,0.43068788528218804,0.42548197989504893,-0.00022413658373261717,2.098918567126768,1.8514401064242587e-15
