Electrode,Band,Hurst,DFA,Lyapunov,Sample Entropy,Correlation Dimension
PO3,cD2,0.498569749104791,0.48759469603159855,0.0004774324821703102,2.061425041298639,8.540720002091693e-17
