Electrode,Band,Hurst,DFA,Lyapunov,Sample Entropy,Correlation Dimension
P4,cD2,0.44215108149490684,0.43329390572216137,0.002098022807728013,2.0489264028696565,9.575516795461995e-16
