Electrode,Band,Hurst,DFA,Lyapunov,Sample Entropy,Correlation Dimension
F4,cD4,0.47112558645433844,0.4701776610510691,0.00543057701804379,2.123548501139969,-7.810656170855399e-17
