Electrode,Band,Hurst,DFA,Lyapunov,Sample Entropy,Correlation Dimension
Fp2,cD3,0.46620906326269035,0.4851113754339597,-0.001113643068256001,2.0321003117715613,-1.3210685073090265e-15
