Electrode,Band,Hurst,DFA,Lyapunov,Sample Entropy,Correlation Dimension
Fp1,cD3,0.4772512300213688,0.4909262514240425,0.0008069992065428985,1.9242585190669494,6.294768851704476e-16
