Electrode,Band,Hurst,DFA,Lyapunov,Sample Entropy,Correlation Dimension
PO3,cD5,0.3193478148259831,0.25195275621415697,0.05414536616185356,1.691785387949875,-1.3393308768979022e-15
