Electrode,Band,Hurst,DFA,Lyapunov,Sample Entropy,Correlation Dimension
C3,cD2,0.4505839671233608,0.41627991490796074,0.0026301123879173757,2.0851615414252835,-1.0780161378313253e-15
