Electrode,Band,Hurst,DFA,Lyapunov,Sample Entropy,Correlation Dimension
Fp1,cA5,0.5022234198123523,0.5809398143715669,0.004339998418634767,1.7189471137530876,-1.841766138979343e-16
