Electrode,Band,Hurst,DFA,Lyapunov,Sample Entropy,Correlation Dimension
C4,cD1,0.3502608633454986,0.3077543964997211,0.001444175026633773,1.8569634037690308,4.549247486820168e-15
