Electrode,Band,Hurst,DFA,Lyapunov,Sample Entropy,Correlation Dimension
F4,cD5,0.3900328879798178,0.36130877664862376,0.009895888241854873,1.9228552210098704,7.378284742700589e-16
