Electrode,Band,Hurst,DFA,Lyapunov,Sample Entropy,Correlation Dimension
PO3,cD1,0.3503077201022398,0.3271685440329839,0.004551861502907508,1.785293143669985,1.4288534588561575e-15
