Electrode,Band,Hurst,DFA,Lyapunov,Sample Entropy,Correlation Dimension
PO3,cD3,0.4372008799485268,0.435531917443348,0.001766794378106868,2.0522872329924327,9.556275830617232e-16
