Electrode,Band,Hurst,DFA,Lyapunov,Sample Entropy,Correlation Dimension
F3,cD4,0.3888025975155869,0.34845119159551124,0.01057116301743335,1.984578526624426,2.0865495058157887e-16
