Electrode,Band,Hurst,DFA,Lyapunov,Sample Entropy,Correlation Dimension
C3,cD3,0.47406492079391604,0.4903543590936499,0.0004395860614196896,2.1536301333426446,1.0679598176575688e-15
