Electrode,Band,Hurst,DFA,Lyapunov,Sample Entropy,Correlation Dimension
PO3,cD4,0.3485671926512479,0.294655183369604,0.01760380084698038,1.8418955025783619,-9.274674821796092e-16
