Electrode,Band,Hurst,DFA,Lyapunov,Sample Entropy,Correlation Dimension
F3,cD2,0.43673970649900296,0.46114492480224667,0.0005775625055484161,1.931736651941152,2.796109155135914e-16
