Electrode,Band,Hurst,DFA,Lyapunov,Sample Entropy,Correlation Dimension
C4,cA5,0.2853948805283088,0.49491883749863913,0.011176976290616047,1.896462891149079,-4.765574717612933e-16
