Electrode,Band,Hurst,DFA,Lyapunov,Sample Entropy,Correlation Dimension
C4,cD3,0.3868463058137475,0.36363914021084254,0.011182294858919379,1.8614510553967418,-2.0077750142451975e-15
