Electrode,Band,Hurst,DFA,Lyapunov,Sample Entropy,Correlation Dimension
C4,cD2,0.42438767255914606,0.4246102967093842,0.002673565257678983,1.9499749690452952,2.8271148936575495e-15
