Electrode,Band,Hurst,DFA,Lyapunov,Sample Entropy,Correlation Dimension
C4,cD5,0.3042232429589938,0.2656706535221708,0.017304163712722025,1.882889007433344,4.028204697089867e-15
