Electrode,Band,Approximate Entropy,Permutation Entropy,Sample Entropy,SVD Entropy
C4,cD1,1.7935282007274367,2.535296000337644,1.603164332445089,1.4197210797099988
C4,cD2,2.0544858516072937,2.574351194777266,1.9499749690452952,1.5533518345754347
C4,cD3,1.928707936709178,2.522936868946981,1.861451055396742,1.4603482827972059
C4,cD4,1.9450055471673107,2.5770161774345257,1.9939102759687422,1.545707144051356
C4,cD5,1.7338904787472522,2.553077897518604,1.882889007433344,1.4630121449452522
C4,cA5,1.5569918836641605,2.5701973868017323,1.896462891149079,1.5735848970839428
