Electrode,Band,Hurst,DFA,Lyapunov,Sample Entropy,Correlation Dimension
C4,cD1,0.30353867386217515,0.27720709524687154,0.0057475610212848255,1.603164332445089,5.964286464223423e-05
