Electrode,Band,Hurst,DFA,Lyapunov,Sample Entropy,Correlation Dimension
C4,cD4,0.45276990960811625,0.47411857672155266,0.005157973549582707,1.9939102759687422,9.745650103507245e-16
