Electrode,Band,Hurst,DFA,Lyapunov,Sample Entropy,Correlation Dimension
F4,cD3,0.40794088553079766,0.437505629782371,-0.0005973411328867496,2.0899891335975562,3.892761870022145e-15
