Electrode,Band,Hurst,DFA,Lyapunov,Sample Entropy,Correlation Dimension
F4,cD5,0.4189298168359544,0.44240204732585264,0.009391547916652806,2.126322926063635,9.45463419619139e-16
