Electrode,Band,Hurst,DFA,Lyapunov,Sample Entropy,Correlation Dimension
F3,cD3,0.43236720989621225,0.4273396659492572,0.004373689131302963,2.0890328712710473,8.281906602779177e-16
