Electrode,Band,Hurst,DFA,Lyapunov,Sample Entropy,Correlation Dimension
Fp1,cD5,0.4084401393545128,0.4431607930403856,0.00887908468713349,2.139784093097689,8.178273597740784e-16
