Electrode,Band,Hurst,DFA,Lyapunov,Sample Entropy,Correlation Dimension
C4,cD5,0.4319961505669186,0.4814205855290954,0.000826563979640304,2.074131494744032,7.539294266390591e-16
