Electrode,Band,Hurst,DFA,Lyapunov,Sample Entropy,Correlation Dimension
Fp2,cA5,0.7175712453532521,1.0249468086943856,0.03591662959048664,1.5762710430413918,-4.898814570143355e-16
