Electrode,Band,Hurst,DFA,Lyapunov,Sample Entropy,Correlation Dimension
F3,cD4,0.4079943748282115,0.4299896737946329,0.0017992539839305477,2.088429705054869,5.509472350475316e-17
