Electrode,Band,Hurst,DFA,Lyapunov,Sample Entropy,Correlation Dimension
F4,cD4,0.40622095628713584,0.44716772258067455,0.00012839924205434528,2.10911941947496,-4.8455742235783605e-17
