Electrode,Band,Hurst,DFA,Lyapunov,Sample Entropy,Correlation Dimension
C4,cD1,0.39015291072545727,0.3401402317146106,0.0011132442589963532,1.942628498667366,2.5894990235479975e-15
