Electrode,Band,Hurst,DFA,Lyapunov,Sample Entropy,Correlation Dimension
F3,cD5,0.40875591052926674,0.416318205940036,0.008272627850513165,2.0560595423151913,7.157793927834245e-16
