Electrode,Band,Hurst,DFA,Lyapunov,Sample Entropy,Correlation Dimension
Fp2,cD4,0.430446075456628,0.4911492241505017,0.000355304371226516,2.1075140899091145,-5.732099174084456e-17
