Electrode,Band,Hurst,DFA,Lyapunov,Sample Entropy,Correlation Dimension
C4,cD3,0.4684580760753173,0.4660166737595712,0.00048547802549367305,2.1202027933988226,9.910063051851622e-16
