Electrode,Band,Hurst,DFA,Lyapunov,Sample Entropy,Correlation Dimension
Fp1,cD4,0.4578149936016225,0.49710158642348334,0.0017542578957294645,2.0768632784618237,1.7761428496970213e-16
