Electrode,Band,Hurst,DFA,Lyapunov,Sample Entropy,Correlation Dimension
F3,cD2,0.4684356794965951,0.45563488753272113,-0.00042724031390607047,2.108427951872974,-1.703818792244068e-15
