Electrode,Band,Hurst,DFA,Lyapunov,Sample Entropy,Correlation Dimension
Fp1,cD3,0.48488494272291877,0.4978723418856398,0.008056637290474896,1.9343760094619515,-1.0354722921256007e-15
