Electrode,Band,Hurst,DFA,Lyapunov,Sample Entropy,Correlation Dimension
F3,cA5,0.6360685084831721,0.6690721840669139,0.006411829861727375,2.012841970098725,-3.811907664414997e-16
