Electrode,Band,Hurst,DFA,Lyapunov,Sample Entropy,Correlation Dimension
F4,cA5,0.44908154209166773,0.604378210832089,0.011266825082419473,2.1164042468620217,-2.2475451681486413e-16
