Electrode,Band,Hurst,DFA,Lyapunov,Sample Entropy,Correlation Dimension
PO3,cD4,0.38487419669459577,0.39383708007235757,0.004501923647793798,2.0434242901175432,4.114653189128654e-18
