Electrode,Band,Hurst,DFA,Lyapunov,Sample Entropy,Correlation Dimension
Fp1,cA5,0.6142182104090238,0.9577875068773438,0.030482009573881193,1.6782427766926646,-1.590472527780612e-15
