Electrode,Band,Hurst,DFA,Lyapunov,Sample Entropy,Correlation Dimension
PO3,cA5,0.5096331367355511,0.6663195762657103,0.021975121131310046,1.8911456523088217,-3.315825545153345e-16
