Electrode,Band,Hurst,DFA,Lyapunov,Sample Entropy,Correlation Dimension
F4,cD1,0.38652143372360603,0.35142722614695093,0.0008454582907931834,1.9441659275287528,6.412771127124664e-17
