Electrode,Band,Hurst,DFA,Lyapunov,Sample Entropy,Correlation Dimension
PO3,cD3,0.4376338856432027,0.4447521925109185,0.0011646386348836797,2.0714653443009783,-1.2409544020092208e-15
