Electrode,Band,Hurst,DFA,Lyapunov,Sample Entropy,Correlation Dimension
P4,cD5,0.43081218996050386,0.4555929892006158,-0.0005369590990472343,2.043218646731187,9.072042512668882e-16
