Electrode,Band,Hurst,DFA,Lyapunov,Sample Entropy,Correlation Dimension
Fp2,cD2,0.3963954591982787,0.3863144547194975,0.0052823066711426,1.8705209081746552,1.9801746784818517e-15
