Electrode,Band,Hurst,DFA,Lyapunov,Sample Entropy,Correlation Dimension
P4,cD1,0.36905596485546915,0.36475484701053895,0.005196319926868514,1.9420404933542894,3.576631488082954e-15
