Electrode,Band,Hurst,DFA,Lyapunov,Sample Entropy,Correlation Dimension
Fp2,cD1,0.3645526454727376,0.32509214950325893,0.00513627312400099,1.9169579526549707,-2.1064326822950907e-15
