Electrode,Band,Hurst,DFA,Lyapunov,Sample Entropy,Correlation Dimension
C4,cD2,0.44463438154768853,0.44410139114784064,0.003045949068936356,2.095410481268969,9.32039151019327e-16
