Electrode,Band,Hurst,DFA,Lyapunov,Sample Entropy,Correlation Dimension
PO3,cD2,0.44115561134219283,0.4266750014272124,0.0005554430412520484,2.0526604308726704,1.0292732330497835e-15
