Electrode,Band,Hurst,DFA,Lyapunov,Sample Entropy,Correlation Dimension
P4,cD3,0.461810507185728,0.4577554343098091,0.005101368644020608,2.081006508045277,7.685732695272054e-16
