Electrode,Band,Hurst,DFA,Lyapunov,Sample Entropy,Correlation Dimension
C4,cA5,0.5904013313461544,0.7722486571575325,-0.0001689910888673614,1.9845572562601428,-4.252203671653944e-16
