Electrode,Band,Hurst,DFA,Lyapunov,Sample Entropy,Correlation Dimension
F3,cD1,0.3745513143818463,0.36248626251096117,0.0046012965115634075,1.9510631218960677,-1.523792839457073e-16
