Electrode,Band,Hurst,DFA,Lyapunov,Sample Entropy,Correlation Dimension
PO3,cD5,0.43245813266417915,0.43089773781868745,0.000751599398526031,2.0595353322680965,7.756424039616754e-16
