Electrode,Band,Hurst,DFA,Lyapunov,Sample Entropy,Correlation Dimension
P4,cD2,0.4430452516505857,0.4252558904610819,0.0008030804720789538,2.0420318501401105,3.948594956847221e-17
