Electrode,Band,Hurst,DFA,Lyapunov,Sample Entropy,Correlation Dimension
F4,cD2,0.4686297866556467,0.44872656845057607,0.0012440016775415203,2.0964037310771615,-7.429351278351052e-16
