Electrode,Band,Hurst,DFA,Lyapunov,Sample Entropy,Correlation Dimension
Fp1,cD1,0.3666874137505295,0.3420304285656807,0.001351998069069298,1.9023642504971665,-1.120156813084954e-16
