Electrode,Band,Hurst,DFA,Lyapunov,Sample Entropy,Correlation Dimension
Fp2,cD5,0.39859731005410626,0.424431207530872,-0.000701459248860498,2.1150723873958164,1.064884903121553e-15
