Electrode,Band,Hurst,DFA,Lyapunov,Sample Entropy,Correlation Dimension
Fp2,cD3,0.4928306996939557,0.4962587829507895,0.008725339716131304,1.8610128489920954,3.8302895942506005e-15
