Electrode,Band,Hurst,DFA,Lyapunov,Sample Entropy,Correlation Dimension
PO3,cD1,0.3860379557194275,0.3577505513987217,0.004415260661732226,1.9480677194772595,1.1851839361226482e-15
