Electrode,Band,Hurst,DFA,Lyapunov,Sample Entropy,Correlation Dimension
P4,cA5,0.4504657155305769,0.6516861795600792,0.004796054146506594,1.8970785933007848,-3.1784605182903357e-16
