Electrode,Band,Hurst,DFA,Lyapunov,Sample Entropy,Correlation Dimension
C4,cD4,0.44401182351836055,0.4418233274209108,0.002838464216752196,2.0496997781484474,2.1954247263555163e-15
