Electrode,Band,Hurst,DFA,Lyapunov,Sample Entropy,Correlation Dimension
P4,cD4,0.3922406159748348,0.42327029962021306,0.005535160411488004,2.063792474787735,2.907282470010185e-17
