Electrode,Band,Hurst,DFA,Lyapunov,Sample Entropy,Correlation Dimension
P4,cA5,0.38091407281165446,0.4560626535432881,0.01589573346651534,2.0193470020385487,-4.610508367322124e-16
