Electrode,Band,Hurst,DFA,Lyapunov,Sample Entropy,Correlation Dimension
PO3,cD3,0.4374399607254468,0.42799327194440673,0.004136224226518094,2.1123751389441012,8.444499073059884e-16
