Electrode,Band,Hurst,DFA,Lyapunov,Sample Entropy,Correlation Dimension
P4,cD4,0.30553598370026447,0.27921151513052855,0.0008571509158975068,1.84729667041047,-8.120723374964854e-17
