Electrode,Band,Hurst,DFA,Lyapunov,Sample Entropy,Correlation Dimension
C3,cD5,0.5431350796150167,0.6149943753906562,0.003714188662442208,2.0916470393785,7.825945364072405e-16
