Electrode,Band,Hurst,DFA,Lyapunov,Sample Entropy,Correlation Dimension
C4,cD1,0.35582579867591024,0.2965367553608565,0.0010673869739877338,1.218481535662863,0.0019269052715806792
