Electrode,Band,Hurst,DFA,Lyapunov,Sample Entropy,Correlation Dimension
P4,cD5,0.5471440775737834,0.6360528311843947,-0.0007458484534060564,2.047117819193683,2.335564879087867e-15
