Electrode,Band,Hurst,DFA,Lyapunov,Sample Entropy,Correlation Dimension
F3,cD1,0.3095169183027997,0.31058452444651624,0.009045479514381973,1.3499261398771762,6.126541528382377e-05
