Electrode,Band,Hurst,DFA,Lyapunov,Sample Entropy,Correlation Dimension
F3,cD5,0.5595891764281775,0.5752590664848765,0.008143687662355905,2.081077922979246,7.162209089554328e-16
