Electrode,Band,Hurst,DFA,Lyapunov,Sample Entropy,Correlation Dimension
C3,cA5,0.34215622672060264,0.568714910379532,0.0009302197080667533,2.080232368134654,-2.23441028404101e-16
