Electrode,Band,Hurst,DFA,Lyapunov,Sample Entropy,Correlation Dimension
P4,cD3,0.37824483901162465,0.3563424690411096,0.009100980691976955,1.9715199627686013,-1.451242819786243e-15
