Electrode,Band,Hurst,DFA,Lyapunov,Sample Entropy,Correlation Dimension
F3,cD3,0.4546015566829257,0.4627099316857579,0.00040781425707225204,2.1412944676228225,2.6755684310003976e-15
