Electrode,Band,Hurst,DFA,Lyapunov,Sample Entropy,Correlation Dimension
F4,cD2,0.4780760130045702,0.46911597603433214,0.002162907340309978,1.7477116108008999,-1.2406501476896054e-15
