Electrode,Band,Hurst,DFA,Lyapunov,Sample Entropy,Correlation Dimension
F4,cD3,0.4155894388789847,0.4125591789941503,0.0008780219338154987,1.9565137148080562,1.3341659769630617e-15
