Electrode,Band,Hurst,DFA,Lyapunov,Sample Entropy,Correlation Dimension
PO3,cD5,0.517792020951884,0.5406860293811595,0.021498522915683264,1.9555743374122576,8.477423239959782e-16
