Electrode,Band,Hurst,DFA,Lyapunov,Sample Entropy,Correlation Dimension
C3,cD3,0.3984984857224517,0.3890702563255133,0.0007927518902397549,1.8888744907547828,-1.81209775282326e-15
