Electrode,Band,Hurst,DFA,Lyapunov,Sample Entropy,Correlation Dimension
PO3,cA5,0.585839387274846,0.6256528265468032,0.0049836158752441405,1.9125010869241836,-4.2008372705904966e-16
