Electrode,Band,Hurst,DFA,Lyapunov,Sample Entropy,Correlation Dimension
PO3,cD4,0.3208600306437336,0.2861497357960826,0.011106714502081382,1.8286674009820343,-1.0000411161961689e-15
