Electrode,Band,Hurst,DFA,Lyapunov,Sample Entropy,Correlation Dimension
C4,cD5,0.5023045048178226,0.5817548475389052,0.0037558902393685597,1.9824222330977335,9.291608904291933e-16
