Electrode,Band,Hurst,DFA,Lyapunov,Sample Entropy,Correlation Dimension
F3,cA5,0.3643577135981545,0.545035992789492,0.01424902996034129,1.9071200682204645,1.979770189107184e-15
