Electrode,Band,Hurst,DFA,Lyapunov,Sample Entropy,Correlation Dimension
F4,cD4,0.3322722001095522,0.27536583613671795,0.003541929071599901,1.9563521920959983,-1.6572004220692247e-17
