Electrode,Band,Hurst,DFA,Lyapunov,Sample Entropy,Correlation Dimension
F4,cD5,0.5219418647043068,0.5448788325741062,0.008751535749102332,2.023215559211891,8.727815599535576e-16
