Electrode,Band,Hurst,DFA,Lyapunov,Sample Entropy,Correlation Dimension
P4,cD2,0.42411366492512337,0.43787690921155326,0.00048055359811456357,1.9789570234877616,1.0685589411930558e-15
