Electrode,Band,Hurst,DFA,Lyapunov,Sample Entropy,Correlation Dimension
PO3,cD2,0.4345028084789597,0.43198446225544346,0.0010813915368280689,2.1012358455457285,1.7715982095030647e-15
