Electrode,Band,Hurst,DFA,Lyapunov,Sample Entropy,Correlation Dimension
F4,cA5,0.4208176511218016,0.5743615210784275,0.020652494325742697,1.8837636408514529,-4.758257286962858e-16
