Electrode,Band,Hurst,DFA,Lyapunov,Sample Entropy,Correlation Dimension
P4,cD1,0.368137089288472,0.3258924789416929,0.0036699295043946248,1.741776785720249,4.633661791740994e-15
