Electrode,Band,Hurst,DFA,Lyapunov,Sample Entropy,Correlation Dimension
C3,cD2,0.45974699972544986,0.4382912977799302,-0.0001168684525927691,1.5277272552777568,2.340740641597105e-15
