Electrode,Band,Hurst,DFA,Lyapunov,Sample Entropy,Correlation Dimension
C4,cD3,0.38176417489613307,0.3568845938480625,0.0009713259610258555,1.849491310826111,-7.248548007992424e-16
