Electrode,Band,Hurst,DFA,Lyapunov,Sample Entropy,Correlation Dimension
C4,cA5,0.38472365968240063,0.4732806685508186,0.04110654367331946,2.0319300871716792,-7.767003517668187e-16
