Electrode,Band,Hurst,DFA,Lyapunov,Sample Entropy,Correlation Dimension
PO3,cD1,0.37717478136354765,0.3349452123504049,0.0014154838793201173,1.909988922737482,9.669189940808171e-17
