Electrode,Band,Hurst,DFA,Lyapunov,Sample Entropy,Correlation Dimension
F3,cD2,0.4661141999812936,0.48069125400600615,0.0025369701963479712,1.9056212010460334,1.6045372651795265e-15
