Electrode,Band,Hurst,DFA,Lyapunov,Sample Entropy,Correlation Dimension
C3,cD1,0.3277571329239657,0.2913589150714012,0.0014418977679625832,1.2527904189062733,0.0002941865672647834
