Electrode,Band,Hurst,DFA,Lyapunov,Sample Entropy,Correlation Dimension
C4,cD2,0.4429017708897411,0.4384588250453327,0.0002668843124851951,1.4859967025015768,8.336075146062444e-16
