Electrode,Band,Hurst,DFA,Lyapunov,Sample Entropy,Correlation Dimension
F4,cD1,0.367711725814189,0.32367610245026623,0.010485720411639319,1.4796941121619467,7.890985488816793e-05
