Electrode,Band,Hurst,DFA,Lyapunov,Sample Entropy,Correlation Dimension
C3,cD4,0.28927936195675064,0.27266613497740105,0.004975813085382454,1.8851943816562988,-1.2845112279256757e-16
