Electrode,Band,Hurst,DFA,Lyapunov,Sample Entropy,Correlation Dimension
F3,cD4,0.35887280954170986,0.31711306918816407,0.005495262145996134,1.9970712560805886,1.140016138996869e-16
