Electrode,Band,Hurst,DFA,Lyapunov,Sample Entropy,Correlation Dimension
C4,cD4,0.3037085329528273,0.2613351170951568,0.006157901070334812,1.8715763813746091,-2.693325449544023e-17
