Electrode,Band,Hurst,DFA,Lyapunov,Sample Entropy,Correlation Dimension
F4,cD3,0.462387041654891,0.45995542601175754,0.0005787358139499948,2.0958501556648534,8.249700694753491e-16
