Electrode,Band,Hurst,DFA,Lyapunov,Sample Entropy,Correlation Dimension
C3,cD1,0.3911563122579043,0.3475033501245358,0.004984872991388078,1.8824449650875261,9.18080923803774e-17
