Electrode,Band,Hurst,DFA,Lyapunov,Sample Entropy,Correlation Dimension
PO3,cA5,0.39561616932240146,0.5125465551437856,0.0023407791600083016,2.10733243435995,-4.738468792784996e-16
