Electrode,Band,Hurst,DFA,Lyapunov,Sample Entropy,Correlation Dimension
C4,cD3,0.46096729867102126,0.48026213710990395,0.0033563440496273606,2.0875068116801874,2.5258785825070534e-15
