Electrode,Band,Hurst,DFA,Lyapunov,Sample Entropy,Correlation Dimension
Fp1,cA5,0.6415636358250535,0.8186206368316509,0.01832617339208455,1.6116647305962082,-6.279877834902842e-16
