Electrode,Band,Hurst,DFA,Lyapunov,Sample Entropy,Correlation Dimension
PO3,cD4,0.3326375385220822,0.30498663165553114,0.024721478891896832,1.7707435333485038,-2.756410233132678e-16
