Electrode,Band,Hurst,DFA,Lyapunov,Sample Entropy,Correlation Dimension
F3,cD1,0.37563770720193346,0.34915091066961057,0.004596857591108578,1.8386189296028332,1.4372270639725253e-15
