Electrode,Band,Hurst,DFA,Lyapunov,Sample Entropy,Correlation Dimension
P4,cD5,0.27734029387533476,0.23769315833449545,0.029046559595799687,1.6313268910952612,1.010341078020725e-15
