Electrode,Band,Hurst,DFA,Lyapunov,Sample Entropy,Correlation Dimension
P4,cD3,0.4586138092318879,0.44324001752228914,0.004413934187455424,2.085536938284631,8.763719783159724e-16
