Electrode,Band,Hurst,DFA,Lyapunov,Sample Entropy,Correlation Dimension
PO3,cD1,0.3737298117047311,0.3288569414219746,0.001704337380148983,1.8946831189359084,1.8156117211329538e-16
