Electrode,Band,Hurst,DFA,Lyapunov,Sample Entropy,Correlation Dimension
C3,cD5,0.31941876355878285,0.259048651417945,0.027157016376872838,1.7807349781540138,-2.4694791317475566e-16
