Electrode,Band,Hurst,DFA,Lyapunov,Sample Entropy,Correlation Dimension
Fp1,cD2,0.4348525901127511,0.44606566853218615,0.00043043078798187564,1.8294928289425516,6.162088717424189e-15
