Electrode,Band,Hurst,DFA,Lyapunov,Sample Entropy,Correlation Dimension
PO3,cD2,0.43898642743626487,0.4656763268368638,0.00031153938987017174,2.0741790396016726,1.8490523542340925e-15
