Electrode,Band,Hurst,DFA,Lyapunov,Sample Entropy,Correlation Dimension
F4,cA5,0.425742005447469,0.5763678824627038,0.012707909384927009,2.043158356968471,-4.526541906768988e-16
