Electrode,Band,Hurst,DFA,Lyapunov,Sample Entropy,Correlation Dimension
F4,cD1,0.37122387126559686,0.3518485533386535,0.0006144147930718976,1.8237646243639885,1.2327449405264843e-15
