Electrode,Band,Hurst,DFA,Lyapunov,Sample Entropy,Correlation Dimension
P4,cA5,0.5310622161373838,0.6438526395466752,0.018767263403713253,2.088051216492983,-6.488246583706458e-16
