Electrode,Band,Hurst,DFA,Lyapunov,Sample Entropy,Correlation Dimension
C4,cD5,0.3905941491831022,0.33368960159265576,0.010698568570864205,1.8784204671401883,8.205070356141045e-16
