Electrode,Band,Hurst,DFA,Lyapunov,Sample Entropy,Correlation Dimension
F3,cD2,0.4794706660528612,0.4374230543310072,-0.00045387383663330163,2.0325699904841343,9.032614525182402e-16
