Electrode,Band,Hurst,DFA,Lyapunov,Sample Entropy,Correlation Dimension
F3,cD4,0.39051116749053305,0.3840857665423585,0.010271912688142228,2.010405472553347,-3.285104867667206e-17
