Electrode,Band,Hurst,DFA,Lyapunov,Sample Entropy,Correlation Dimension
C4,cA5,0.5737105544925376,0.6322709585036532,0.003925670276988671,2.070821474198174,-5.335059822636077e-16
