Electrode,Band,Hurst,DFA,Lyapunov,Sample Entropy,Correlation Dimension
F3,cD3,0.44967443449845546,0.4288692256767003,-0.0010503479928689284,2.066549805304349,-1.9980044235207254e-15
