Electrode,Band,Hurst,DFA,Lyapunov,Sample Entropy,Correlation Dimension
F3,cD5,0.34193704841341155,0.26332919300932217,0.059266451426914786,1.7278196655924947,9.53852920348737e-16
