Electrode,Band,Hurst,DFA,Lyapunov,Sample Entropy,Correlation Dimension
F4,cD2,0.4722879159775493,0.45336743640639116,0.00040391864198605375,2.060818431254591,-1.9118575216434465e-15
