Electrode,Band,Hurst,DFA,Lyapunov,Sample Entropy,Correlation Dimension
P4,cD4,0.3779143915477644,0.34742755867653535,0.016491696074769184,1.946913264075281,1.155370621696005e-16
