Electrode,Band,Hurst,DFA,Lyapunov,Sample Entropy,Correlation Dimension
C4,cD4,0.417879369203744,0.420262290057399,0.0005795276526247433,2.0502025227154155,-7.805769821596791e-16
