Electrode,Band,Hurst,DFA,Lyapunov,Sample Entropy,Correlation Dimension
C3,cD4,0.38710381833631785,0.39654115127242817,0.02516226668457918,1.9972053770785534,-1.0458062238142751e-16
