Electrode,Band,Hurst,DFA,Lyapunov,Sample Entropy,Correlation Dimension
PO3,cD3,0.42676186107434244,0.43442781080754406,0.0011283643317942934,2.074911819917585,6.156647394935944e-16
