Electrode,Band,Hurst,DFA,Lyapunov,Sample Entropy,Correlation Dimension
Fp1,cD1,0.3481877745720175,0.3199609342189076,-0.00013273412531104764,1.624045432775406,-1.5744416808275252e-15
