Electrode,Band,Hurst,DFA,Lyapunov,Sample Entropy,Correlation Dimension
Fp1,cD5,0.2835367343817513,0.24099197898278377,0.023787355946970495,1.6999655129337798,7.560139926010292e-16
