Electrode,Band,Hurst,DFA,Lyapunov,Sample Entropy,Correlation Dimension
F4,cD4,0.4088196167768307,0.40618250040268117,0.015993919081360324,1.9883269433428379,1.131306509337863e-17
