Electrode,Band,Hurst,DFA,Lyapunov,Sample Entropy,Correlation Dimension
C4,cD2,0.4927181507618656,0.4698059690167774,0.000855237787420005,2.08853321600969,-8.036106587766177e-16
