Electrode,Band,Hurst,DFA,Lyapunov,Sample Entropy,Correlation Dimension
F4,cD5,0.3257662747744695,0.26235570860125973,0.032958088602338516,1.6660369248190026,9.284353868221387e-16
