Electrode,Band,Hurst,DFA,Lyapunov,Sample Entropy,Correlation Dimension
F3,cA5,0.6219516545204354,0.6241161414966402,0.013775925059895234,2.025776168918082,-3.0373524416848933e-16
