Electrode,Band,Hurst,DFA,Lyapunov,Sample Entropy,Correlation Dimension
P4,cD2,0.47755794464621426,0.4412893380823943,2.6639302571550717e-05,2.066965262938517,2.2908013487281995e-15
