Electrode,Band,Hurst,DFA,Lyapunov,Sample Entropy,Correlation Dimension
PO3,cD5,0.26514000191264797,0.2081772566425042,0.05145867097945428,1.4182620854683377,1.4592946149682219e-16
