Electrode,Band,Hurst,DFA,Lyapunov,Sample Entropy,Correlation Dimension
Fp1,cD3,0.4880532539927141,0.5024838178477214,0.003179524161598963,1.9365683578890793,2.7674742213881104e-15
