Electrode,Band,Hurst,DFA,Lyapunov,Sample Entropy,Correlation Dimension
C3,cD3,0.4606925821692609,0.42955072856616017,0.00015876654422626002,2.089523970660842,8.462414953415789e-16
