Electrode,Band,Hurst,DFA,Lyapunov,Sample Entropy,Correlation Dimension
Fp1,cD4,0.44522588714907974,0.43560322474716295,0.00206656022505318,2.019845119807292,5.237324957361833e-17
