Electrode,Band,Hurst,DFA,Lyapunov,Sample Entropy,Correlation Dimension
C3,cD2,0.4973208093230843,0.4652103880873338,0.00269590724598305,2.077352959383172,1.699069396926132e-15
