Electrode,Band,Hurst,DFA,Lyapunov,Sample Entropy,Correlation Dimension
C4,cD1,0.3389027228365904,0.29273765668512586,0.005010769583961926,1.8294037296860162,1.36654514252202e-15
