Electrode,Band,Hurst,DFA,Lyapunov,Sample Entropy,Correlation Dimension
C3,cA5,0.47317098056297485,0.5592985027436362,0.0008744442101681391,2.160378303950253,-4.036716437327008e-16
