Electrode,Band,Hurst,DFA,Lyapunov,Sample Entropy,Correlation Dimension
P4,cD1,0.3720853155061249,0.34649129422336167,0.004507194865833383,1.8823218849805712,3.0366431414919918e-15
