Electrode,Band,Hurst,DFA,Lyapunov,Sample Entropy,Correlation Dimension
C4,cD1,0.3327610613846923,0.27963116720177855,0.01058088649402952,1.5633279046764839,4.797082017175856e-05
