Electrode,Band,Hurst,DFA,Lyapunov,Sample Entropy,Correlation Dimension
PO3,cD3,0.4634683110646727,0.47065478281778994,0.0004763400915896923,2.138155538242445,8.066982061612541e-16
