Electrode,Band,Hurst,DFA,Lyapunov,Sample Entropy,Correlation Dimension
Fp1,cD1,0.3190811874727224,0.2697180358370918,0.011192642003098644,1.608445565546765,0.00014872103232661208
