Electrode,Band,Hurst,DFA,Lyapunov,Sample Entropy,Correlation Dimension
Fp2,cD2,0.4368903647676379,0.4194516647697071,0.0001238620642461138,1.9922862976001303,1.5130946917201556e-15
