Electrode,Band,Hurst,DFA,Lyapunov,Sample Entropy,Correlation Dimension
F3,cD4,0.4217597293450077,0.4362588483807983,0.004999247464266701,2.0892595206976465,1.869943331694098e-17
