Electrode,Band,Hurst,DFA,Lyapunov,Sample Entropy,Correlation Dimension
C3,cD4,0.4283985767212829,0.4734831068768482,0.0013874516342622695,2.1749942655863976,-7.249494013917371e-17
