Electrode,Band,Hurst,DFA,Lyapunov,Sample Entropy,Correlation Dimension
PO3,cA5,0.4620393805542332,0.6075038688642249,0.00435055819424711,1.7447329163456167,-4.3989389824380706e-16
