Electrode,Band,Hurst,DFA,Lyapunov,Sample Entropy,Correlation Dimension
C4,cD2,0.4453481932981495,0.4303902564777739,0.0026841337030587046,1.9059636193450553,1.0874194984331492e-15
