Electrode,Band,Hurst,DFA,Lyapunov,Sample Entropy,Correlation Dimension
Fp2,cD5,0.364198238387385,0.3790377215510762,0.02113256559267147,1.9225765775170656,8.935650331600803e-16
