Electrode,Band,Hurst,DFA,Lyapunov,Sample Entropy,Correlation Dimension
F3,cD2,0.4658505184681875,0.46155361351269725,0.0025996381586248507,1.939961725659075,8.365992306060042e-16
