Electrode,Band,Hurst,DFA,Lyapunov,Sample Entropy,Correlation Dimension
F3,cD1,0.33630775501950494,0.2902666400055989,0.010398682669421903,1.5886570354529645,-1.3497827491846467e-15
