Electrode,Band,Hurst,DFA,Lyapunov,Sample Entropy,Correlation Dimension
C4,cD5,0.5307575661657613,0.4488617463358212,0.003128719329833675,2.011872928730538,9.246269139568904e-16
