Electrode,Band,Hurst,DFA,Lyapunov,Sample Entropy,Correlation Dimension
PO3,cD2,0.46817352765148196,0.4295850204367151,0.0002301071629382886,2.0412384027839976,1.459085847787698e-15
