Electrode,Band,Hurst,DFA,Lyapunov,Sample Entropy,Correlation Dimension
F4,cD2,0.4611783726345513,0.45159166019955876,0.002930138327858655,1.8910172091986013,-1.0657449916733297e-15
