Electrode,Band,Hurst,DFA,Lyapunov,Sample Entropy,Correlation Dimension
F3,cD5,0.3444635724654113,0.35804006654511356,0.004949491674250101,1.855605212698083,8.85658569640347e-16
