Electrode,Band,Hurst,DFA,Lyapunov,Sample Entropy,Correlation Dimension
F4,cD3,0.46855110540119294,0.4581458011569491,0.0006599310672645046,2.0225832323488375,9.100206278250618e-16
