Electrode,Band,Hurst,DFA,Lyapunov,Sample Entropy,Correlation Dimension
F4,cD1,0.3350309987078752,0.2994720059148794,0.0013366525823416589,1.6017934944179566,0.01196137207712695
