Electrode,Band,Hurst,DFA,Lyapunov,Sample Entropy,Correlation Dimension
Fp2,cD1,0.3313525819844735,0.2915841672925189,0.004680382121693009,1.747022864198336,-4.472194485157011e-15
