Electrode,Band,Hurst,DFA,Lyapunov,Sample Entropy,Correlation Dimension
Fp1,cD2,0.42917135827097463,0.4152081338386665,0.0003770539254850355,1.9126464295561227,-1.009094399790255e-15
