Electrode,Band,Hurst,DFA,Lyapunov,Sample Entropy,Correlation Dimension
C4,cA5,0.4721935018248446,0.8020881337989123,0.004490933814037257,1.3818552993033466,4.902661126835499e-16
