Electrode,Band,Hurst,DFA,Lyapunov,Sample Entropy,Correlation Dimension
Fp2,cA5,0.6392686370701628,0.8295660008742644,0.0038633654079144454,0.9033381271157994,1.9886146082750483e-16
