Electrode,Band,Hurst,DFA,Lyapunov,Sample Entropy,Correlation Dimension
Fp2,cD4,0.5455781139452174,0.49912754797196823,0.0024584596807312033,2.122345832016657,-6.070130790185222e-17
