Electrode,Band,Hurst,DFA,Lyapunov,Sample Entropy,Correlation Dimension
F4,cD4,0.5159616274430602,0.5263691706156739,0.0003978440255832361,2.141106473004893,-4.847709009820568e-17
