Electrode,Band,Hurst,DFA,Lyapunov,Sample Entropy,Correlation Dimension
F4,cD5,0.39424080269399714,0.376748849897002,0.017607922823923993,1.8740419588371273,9.359499311458687e-16
