Electrode,Band,Hurst,DFA,Lyapunov,Sample Entropy,Correlation Dimension
C4,cD3,0.46308670956109677,0.480417628744974,0.0030273004011672783,2.029417572921691,1.039173125292524e-15
