Electrode,Band,Hurst,DFA,Lyapunov,Sample Entropy,Correlation Dimension
C3,cA5,0.5395860649908374,0.676961022284682,0.0008930986577814338,1.8934049587424744,-4.1726724821740483e-16
