Electrode,Band,Hurst,DFA,Lyapunov,Sample Entropy,Correlation Dimension
F4,cA5,0.5438510446793868,0.7975657031794496,0.02063748915116874,1.6588016355524364,-5.4381877213463e-16
