Electrode,Band,Hurst,DFA,Lyapunov,Sample Entropy,Correlation Dimension
PO3,cD4,0.4519596415616184,0.4649165556349075,0.0005551598288792681,2.140484132073158,-7.599182982453022e-17
