Electrode,Band,Hurst,DFA,Lyapunov,Sample Entropy,Correlation Dimension
F3,cD3,0.4926956234287288,0.46790445463335595,0.00041009729558737527,2.0668591236117493,7.037747460267066e-16
