Electrode,Band,Hurst,DFA,Lyapunov,Sample Entropy,Correlation Dimension
Fp1,cD5,0.4175075265810769,0.40736936857633654,0.01638157813103699,1.9202632360767211,7.857028056046435e-16
