Electrode,Band,Hurst,DFA,Lyapunov,Sample Entropy,Correlation Dimension
C3,cD3,0.4795009790293642,0.4902549807561764,0.000848897298177274,2.091179181427034,9.147399935704832e-16
