Electrode,Band,Hurst,DFA,Lyapunov,Sample Entropy,Correlation Dimension
Fp1,cA5,0.5866832156888867,0.8800629126790361,0.0036009619376346238,0.9002414055193433,-4.981251445456402e-15
