Electrode,Band,Hurst,DFA,Lyapunov,Sample Entropy,Correlation Dimension
C4,cD4,0.4775392137776774,0.4704165525903416,0.0034803563898254453,2.1225073026427927,4.85326424155184e-17
