Electrode,Band,Hurst,DFA,Lyapunov,Sample Entropy,Correlation Dimension
C3,cD1,0.2998237106863615,0.30101160296207685,0.0005454439105407953,1.4888934802297469,3.3402908269123143e-15
