Electrode,Band,Hurst,DFA,Lyapunov,Sample Entropy,Correlation Dimension
F3,cA5,0.6505042258709974,0.724691356891442,0.011328203694804011,1.7988861595793344,-3.963147519240699e-16
