Electrode,Band,Hurst,DFA,Lyapunov,Sample Entropy,Correlation Dimension
PO3,cD1,0.34408022960575546,0.2903714703232511,0.005038729580965927,1.7487187921504737,2.501586669256177e-15
