Electrode,Band,Hurst,DFA,Lyapunov,Sample Entropy,Correlation Dimension
Fp1,cD3,0.5135743925254966,0.4872221467183772,-0.0005931738651162366,2.0737975864925455,1.004348260070488e-15
