Electrode,Band,Hurst,DFA,Lyapunov,Sample Entropy,Correlation Dimension
Fp2,cD3,0.5203460527699371,0.4938557126870504,0.002733837474476072,2.094345275615168,-8.783695923052764e-16
