Electrode,Band,Hurst,DFA,Lyapunov,Sample Entropy,Correlation Dimension
C3,cD2,0.47491625328810605,0.4608502719319163,0.0008822181008073411,1.9162055095690658,6.071030785479856e-15
