Electrode,Band,Hurst,DFA,Lyapunov,Sample Entropy,Correlation Dimension
C3,cD5,0.39996052590698916,0.3832124640451275,-0.0005221915967536403,1.9585063910392124,7.557987576891623e-16
