Electrode,Band,Hurst,DFA,Lyapunov,Sample Entropy,Correlation Dimension
Fp1,cD4,0.5087606029551681,0.5078930537626443,0.0005355950557823616,2.1326461770325165,-1.273419530069664e-17
