Electrode,Band,Hurst,DFA,Lyapunov,Sample Entropy,Correlation Dimension
PO3,cD5,0.38609276105258383,0.34937853748569275,0.024547161898770303,1.787434759080439,9.230121625320064e-16
