Electrode,Band,Hurst,DFA,Lyapunov,Sample Entropy,Correlation Dimension
Fp1,cD2,0.45812065420784986,0.43437563990616695,0.0005930062496298438,1.9222520169585626,-5.1625544077178674e-15
