Electrode,Band,Hurst,DFA,Lyapunov,Sample Entropy,Correlation Dimension
C3,cD5,0.43003372605990375,0.41096702051189726,0.003934600136496809,1.9492597731965788,8.587945990237158e-16
