Electrode,Band,Hurst,DFA,Lyapunov,Sample Entropy,Correlation Dimension
C3,cD3,0.528250179188946,0.5297343633226614,-0.0006838191639293154,2.071208187221555,1.428645446336767e-15
