Electrode,Band,Hurst,DFA,Lyapunov,Sample Entropy,Correlation Dimension
C4,cD1,0.3464188637856203,0.31500671059171,0.004790886965665144,1.769801270758277,3.749507264002315e-15
