Electrode,Band,Hurst,DFA,Lyapunov,Sample Entropy,Correlation Dimension
Fp1,cA5,0.45241357820611816,0.7541560365366149,0.01944542455149256,1.1251710185045438,-1.9719258427959574e-15
