Electrode,Band,Hurst,DFA,Lyapunov,Sample Entropy,Correlation Dimension
F3,cD5,0.4745533799766842,0.447309162533393,0.008794701182759213,2.0795191302278053,1.2125849217719165e-15
