Electrode,Band,Hurst,DFA,Lyapunov,Sample Entropy,Correlation Dimension
Fp2,cD3,0.47026407380366997,0.4982740292487926,-5.8624961159911535e-05,2.095825506890028,1.1224206249230049e-15
