Electrode,Band,Hurst,DFA,Lyapunov,Sample Entropy,Correlation Dimension
F3,cD3,0.5086869177856868,0.5233493900204926,-0.00020964073412389075,2.0812024052496017,-1.6030192791292947e-15
