Electrode,Band,Hurst,DFA,Lyapunov,Sample Entropy,Correlation Dimension
Fp2,cD4,0.3750951386257779,0.38777908459890237,-0.0014562491214636906,2.0772484457838227,-1.618711067883993e-17
