Electrode,Band,Hurst,DFA,Lyapunov,Sample Entropy,Correlation Dimension
F3,cD1,0.3308872269316751,0.28842406340155513,0.005032218586314721,1.4793796052398476,0.010665540294283078
