Electrode,Band,Hurst,DFA,Lyapunov,Sample Entropy,Correlation Dimension
Fp2,cD5,0.3769879573991359,0.35244678928734713,0.02254075624311154,1.912019100753841,-5.307951131251866e-16
