Electrode,Band,Hurst,DFA,Lyapunov,Sample Entropy,Correlation Dimension
F3,cD2,0.48191824737943495,0.46236204617313875,1.2750336618225403e-05,1.8984599677094003,-4.986638983308422e-15
