Electrode,Band,Hurst,DFA,Lyapunov,Sample Entropy,Correlation Dimension
P4,cA5,0.5323480503620641,0.6346185093137828,0.00899191510095577,2.0794415416798357,-5.342649926588639e-16
