Electrode,Band,Hurst,DFA,Lyapunov,Sample Entropy,Correlation Dimension
C3,cD2,0.4468551083546942,0.4688539434100421,-0.00010996153860435246,1.9193728245650608,-2.0102879373902885e-15
