Electrode,Band,Hurst,DFA,Lyapunov,Sample Entropy,Correlation Dimension
C3,cD1,0.3108766127748135,0.27428834668596724,0.006075000762939444,1.5327920047245807,0.009855983433759501
