Electrode,Band,Hurst,DFA,Lyapunov,Sample Entropy,Correlation Dimension
P4,cD5,0.4141369174702416,0.399220014871797,0.0231178190324694,1.9334884863364106,9.173787940463894e-16
