Electrode,Band,Hurst,DFA,Lyapunov,Sample Entropy,Correlation Dimension
C4,cD3,0.5036985787361203,0.4807675753395135,0.00022731549812103505,2.1329828163575217,-1.0626027351543543e-15
