Electrode,Band,Hurst,DFA,Lyapunov,Sample Entropy,Correlation Dimension
Fp2,cA5,0.4679451239478838,0.7265473728800872,0.026783479963030144,1.2148344426485438,5.84545975034529e-16
