Electrode,Band,Hurst,DFA,Lyapunov,Sample Entropy,Correlation Dimension
C4,cD4,0.4038368381241979,0.41097762129768006,0.008295456012646375,2.0809664073507923,5.208232816378883e-17
