Electrode,Band,Hurst,DFA,Lyapunov,Sample Entropy,Correlation Dimension
PO3,cD4,0.41528993652617435,0.4159964318135185,0.0007616129788484748,2.0563465590709193,-3.1464610128404286e-16
