Electrode,Band,Hurst,DFA,Lyapunov,Sample Entropy,Correlation Dimension
Fp1,cD3,0.5080868795020933,0.4836270792420637,0.0001223361853397138,1.9869908658751303,3.6798395022906726e-15
