Electrode,Band,Hurst,DFA,Lyapunov,Sample Entropy,Correlation Dimension
F3,cA5,0.49019356639512024,0.6907287599660452,0.004753026095303594,1.8688940289496987,-4.935319715348644e-16
