Electrode,Band,Hurst,DFA,Lyapunov,Sample Entropy,Correlation Dimension
P4,cD1,0.3442220554119493,0.30168390571371656,0.010521029916720166,1.8289248957166933,4.161502818069908e-17
