Electrode,Band,Hurst,DFA,Lyapunov,Sample Entropy,Correlation Dimension
C4,cD2,0.457094929552035,0.4608949437971785,0.0023351669311523857,2.0893009054596936,1.9819274911001303e-15
