Electrode,Band,Hurst,DFA,Lyapunov,Sample Entropy,Correlation Dimension
PO3,cD2,0.45798406144822024,0.47476834865217393,-0.00028570926550711975,2.106001263267289,1.7291478052281306e-15
