Electrode,Band,Hurst,DFA,Lyapunov,Sample Entropy,Correlation Dimension
PO3,cD5,0.37711753017622074,0.3383565087356836,0.0037432497197930495,1.8487839478209085,8.79993210157861e-16
