Electrode,Band,Hurst,DFA,Lyapunov,Sample Entropy,Correlation Dimension
Fp2,cD1,0.35317622656613246,0.3150702828016215,0.004247413982044314,1.7628913887773767,-4.616335301234475e-15
