Electrode,Band,Hurst,DFA,Lyapunov,Sample Entropy,Correlation Dimension
Fp1,cD1,0.3406570883060699,0.30174406597709513,0.009985103473797108,1.6625983032163691,0.0003550739655283969
