Electrode,Band,Hurst,DFA,Lyapunov,Sample Entropy,Correlation Dimension
C4,cA5,0.5659746379574938,0.6695345810378771,0.017048725715050363,2.032762606696178,-4.272196706820442e-16
