Electrode,Band,Hurst,DFA,Lyapunov,Sample Entropy,Correlation Dimension
PO3,cA5,0.4015132954396637,0.587150840933015,0.014762862698063109,2.0064222581598568,-4.4162579738962757e-16
