Electrode,Band,Hurst,DFA,Lyapunov,Sample Entropy,Correlation Dimension
Fp2,cD2,0.4885762014069871,0.4577684444217768,0.0007345257383404264,2.042101813060941,-1.251015226037714e-15
