Electrode,Band,Hurst,DFA,Lyapunov,Sample Entropy,Correlation Dimension
P4,cD2,0.46141735879881374,0.4539975282479748,0.0020678606900304923,2.123903476824964,-1.7332421530829482e-15
