Electrode,Band,Hurst,DFA,Lyapunov,Sample Entropy,Correlation Dimension
Fp1,cD4,0.42214578902022826,0.4453189183475028,0.0014904802495781877,2.0715671152966744,1.562691426259167e-16
