Electrode,Band,Hurst,DFA,Lyapunov,Sample Entropy,Correlation Dimension
PO3,cD1,0.34392690337887377,0.30491565456134906,0.011717274920618423,1.7777236846259818,-1.4077282115010258e-15
