Electrode,Band,Hurst,DFA,Lyapunov,Sample Entropy,Correlation Dimension
C3,cD4,0.43420537223662825,0.4621847467502971,0.004034319790926668,2.090847947668737,2.826137310131395e-16
