Electrode,Band,Hurst,DFA,Lyapunov,Sample Entropy,Correlation Dimension
P4,cD3,0.4790572711825872,0.46987650035841405,0.000799450729832359,2.1510172623984913,6.817707262173321e-16
