Electrode,Band,Hurst,DFA,Lyapunov,Sample Entropy,Correlation Dimension
C4,cD5,0.4356277068542578,0.44101598701452926,0.0023695165460757618,2.056365476788255,-4.875208196542412e-16
