Electrode,Band,Hurst,DFA,Lyapunov,Sample Entropy,Correlation Dimension
Fp1,cD5,0.4097540825987994,0.3816640418091147,0.01535235918485241,1.8673032326284404,9.293958031185346e-16
