Electrode,Band,Hurst,DFA,Lyapunov,Sample Entropy,Correlation Dimension
PO3,cD3,0.4812478203333929,0.48100317022744465,0.0023720654574306142,2.1513617315173237,-1.602445074576819e-15
