Electrode,Band,Hurst,DFA,Lyapunov,Sample Entropy,Correlation Dimension
C3,cA5,0.43927870025794746,0.6255181344332675,0.007933427374626921,2.0671895617159652,-3.2352020078395793e-16
