Electrode,Band,Hurst,DFA,Lyapunov,Sample Entropy,Correlation Dimension
F3,cD4,0.44392217273656887,0.46107394344570296,0.00016148307106672588,2.1452639205919737,1.3045067216280311e-16
