Electrode,Band,Hurst,DFA,Lyapunov,Sample Entropy,Correlation Dimension
P4,cD4,0.4123875728231787,0.4271561304443957,0.0007939656575519388,2.043508984702906,-2.5223689295907124e-17
