Electrode,Band,Hurst,DFA,Lyapunov,Sample Entropy,Correlation Dimension
F4,cA5,0.44827745410969627,0.7285441014015146,0.01580399733323358,2.0228653694866123,-3.2338095180579976e-16
