Electrode,Band,Hurst,DFA,Lyapunov,Sample Entropy,Correlation Dimension
P4,cD1,0.3569447128370802,0.3244310431501727,0.004889843680641919,1.7563141654136896,-1.6528297088461995e-15
