Electrode,Band,Hurst,DFA,Lyapunov,Sample Entropy,Correlation Dimension
Fp1,cA5,0.3994391366601562,0.6966370831667461,0.04602032048361652,1.44814046233088,1.97599898108099e-15
