Electrode,Band,Hurst,DFA,Lyapunov,Sample Entropy,Correlation Dimension
F4,cD5,0.4580821436091893,0.4453009170753487,0.0028466744856398465,2.0489267964213886,6.987707069730513e-16
