Electrode,Band,Hurst,DFA,Lyapunov,Sample Entropy,Correlation Dimension
F3,cD3,0.47613414998802434,0.4934663441169833,0.0033392125909975806,1.8461337516011826,-1.2279241571804818e-15
