Electrode,Band,Hurst,DFA,Lyapunov,Sample Entropy,Correlation Dimension
PO3,cA5,0.3898695380157975,0.6011435612373597,0.017451710753388836,1.8950235480593531,5.643375711309261e-16
