Electrode,Band,Hurst,DFA,Lyapunov,Sample Entropy,Correlation Dimension
Fp2,cD5,0.429957156792794,0.41398924933976333,0.000290090387517715,1.966389140261047,8.876998330629065e-16
