Electrode,Band,Hurst,DFA,Lyapunov,Sample Entropy,Correlation Dimension
PO3,cD3,0.4482469641385002,0.449402023864965,0.0002918301206642442,2.1154177613207494,2.780220334664657e-15
