Electrode,Band,Hurst,DFA,Lyapunov,Sample Entropy,Correlation Dimension
C3,cD3,0.5273458378107533,0.5008785645426718,0.00010915236039574768,1.843272564004861,1.158712639415779e-15
