Electrode,Band,Hurst,DFA,Lyapunov,Sample Entropy,Correlation Dimension
C3,cD2,0.42787118682825465,0.4288473110610474,0.0035167964664728543,1.6034691456928118,-1.4368251892529519e-16
