Electrode,Band,Hurst,DFA,Lyapunov,Sample Entropy,Correlation Dimension
Fp1,cD3,0.43970406676422863,0.46995003874958496,0.00023662104751093823,2.0223478314427137,6.727022890691467e-16
