Electrode,Band,Hurst,DFA,Lyapunov,Sample Entropy,Correlation Dimension
C3,cD4,0.4588557040492566,0.4686877403619153,-0.0012053749778057168,2.084667722151963,-1.893113184811321e-16
