Electrode,Band,Hurst,DFA,Lyapunov,Sample Entropy,Correlation Dimension
Fp2,cD2,0.4263687902529392,0.44117365169667194,6.297140410409329e-05,2.045378409546638,-1.7011342463248754e-15
