Electrode,Band,Hurst,DFA,Lyapunov,Sample Entropy,Correlation Dimension
F4,cD4,0.41627059638278047,0.4269058309010297,0.004111645438454108,2.0736824995965746,-2.6956378920962645e-16
