Electrode,Band,Hurst,DFA,Lyapunov,Sample Entropy,Correlation Dimension
PO3,cD4,0.43622229586980726,0.44376414475217235,0.000367754155939067,2.058501357207613,8.394668323878782e-17
