Electrode,Band,Hurst,DFA,Lyapunov,Sample Entropy,Correlation Dimension
F4,cD3,0.4479930431788062,0.4484700391480564,0.0016701698303223556,2.14500403334114,9.087429949021155e-16
