Electrode,Band,Hurst,DFA,Lyapunov,Sample Entropy,Correlation Dimension
F4,cD1,0.34001793897717614,0.31729937089098637,0.010436178367828437,1.762963121175226,-2.2885741677452235e-16
