Electrode,Band,Hurst,DFA,Lyapunov,Sample Entropy,Correlation Dimension
Fp1,cD4,0.4499103718226663,0.44986316999795606,-0.0006636417273325429,2.0827192380892328,-2.3765236060281008e-17
