Electrode,Band,Hurst,DFA,Lyapunov,Sample Entropy,Correlation Dimension
P4,cD5,0.4781007032810141,0.45960997125673536,0.002676478299227735,2.0082916587195347,9.060170210882047e-16
