Electrode,Band,Hurst,DFA,Lyapunov,Sample Entropy,Correlation Dimension
C4,cD4,0.43184335805544727,0.4139071746025064,0.0017481890591707812,2.0236946460000684,-1.3499456225298812e-16
