Electrode,Band,Hurst,DFA,Lyapunov,Sample Entropy,Correlation Dimension
F3,cD5,0.48809978974131496,0.4477027381496318,0.0026651989329944457,2.065079366839799,1.0755561385788996e-15
