Electrode,Band,Hurst,DFA,Lyapunov,Sample Entropy,Correlation Dimension
C4,cD2,0.4483033518219776,0.44885624286067916,0.0002282229336822247,1.9909410212640202,-2.9003578247217e-16
