Electrode,Band,Hurst,DFA,Lyapunov,Sample Entropy,Correlation Dimension
C3,cD5,0.5355245769080672,0.5227263376706672,0.004442249644886329,2.0737383554849287,6.534007886328766e-16
