Electrode,Band,Hurst,DFA,Lyapunov,Sample Entropy,Correlation Dimension
Fp2,cD1,0.355854918201982,0.3109666613288471,0.010617774382770465,1.7746628137586054,3.136830151096202e-15
