Electrode,Band,Hurst,DFA,Lyapunov,Sample Entropy,Correlation Dimension
Fp2,cD3,0.4556349028754253,0.47723542390072504,0.003157147494229157,2.055566583885409,1.0812724108185064e-15
