Electrode,Band,Hurst,DFA,Lyapunov,Sample Entropy,Correlation Dimension
F3,cA5,0.6441868042459644,0.6538545948914078,0.0036861159584739996,1.9652520653484227,-6.105853149090384e-16
