Electrode,Band,Hurst,DFA,Lyapunov,Sample Entropy,Correlation Dimension
PO3,cD2,0.44896077363497644,0.4341602093404522,0.002528433366254925,2.0744812429064785,-8.244784225722804e-16
