Electrode,Band,Hurst,DFA,Lyapunov,Sample Entropy,Correlation Dimension
Fp1,cD2,0.44087762671838804,0.44230359167514927,0.0005857005263815401,2.0484213819141455,-3.1049600432006737e-16
