Electrode,Band,Hurst,DFA,Lyapunov,Sample Entropy,Correlation Dimension
F3,cD4,0.4417839859907112,0.46269336843165804,0.0030628303428739344,2.0690388351197315,1.6911357666636855e-16
