Electrode,Band,Hurst,DFA,Lyapunov,Sample Entropy,Correlation Dimension
C3,cD1,0.31514436351675834,0.24608600904757338,0.006046789342707191,1.2879441084615528,0.0008765135586717934
