Electrode,Band,Hurst,DFA,Lyapunov,Sample Entropy,Correlation Dimension
Fp2,cD4,0.432085921644237,0.45480382778183737,-0.0006788022590411189,2.106730374346678,-4.3571745422384286e-17
