Electrode,Band,Hurst,DFA,Lyapunov,Sample Entropy,Correlation Dimension
C4,cD3,0.45979024763697307,0.45261545357282623,0.00021194689201603584,2.1005674641152394,9.419794300869128e-16
