Electrode,Band,Hurst,DFA,Lyapunov,Sample Entropy,Correlation Dimension
F4,cD2,0.444778185018787,0.4396131254348357,0.003329623829234538,2.029738598622863,1.9846534964424197e-15
