Electrode,Band,Hurst,DFA,Lyapunov,Sample Entropy,Correlation Dimension
C3,cA5,0.4888300726559266,0.7061623561783428,0.015730886384257934,1.8045346607167778,-5.795783331891165e-16
