Electrode,Band,Hurst,DFA,Lyapunov,Sample Entropy,Correlation Dimension
P4,cD2,0.45654809851383155,0.46063934434106507,-0.00037302537397891573,2.0186357805233666,9.016635362838827e-16
