Electrode,Band,Hurst,DFA,Lyapunov,Sample Entropy,Correlation Dimension
Fp1,cD1,0.32609246517247326,0.2992441803243013,0.0016004966967035023,1.7803472491218144,1.3343725916387145e-15
