Electrode,Band,Hurst,DFA,Lyapunov,Sample Entropy,Correlation Dimension
PO3,cD5,0.4604897003955986,0.4543031318794398,0.001560182282418664,2.0130822092428753,9.465083735355245e-16
