Electrode,Band,Hurst,DFA,Lyapunov,Sample Entropy,Correlation Dimension
PO3,cD1,0.34474477980820173,0.29430563028264367,0.005334195223721793,1.7859005427418961,-3.284098681758174e-16
