Electrode,Band,Hurst,DFA,Lyapunov,Sample Entropy,Correlation Dimension
F3,cD1,0.31790948394377483,0.260182023166203,0.005387670343572381,1.3395628845392487,0.0003538090505804444
