Electrode,Band,Hurst,DFA,Lyapunov,Sample Entropy,Correlation Dimension
C4,cD1,0.3503961779961179,0.3087607503622358,0.004860496520996057,1.7502620700144962,2.0130294799105667e-17
