Electrode,Band,Hurst,DFA,Lyapunov,Sample Entropy,Correlation Dimension
Fp1,cD5,0.3736874171516562,0.4046663933963811,0.004280480471524143,1.9594457292514729,8.091975648854683e-16
