Electrode,Band,Hurst,DFA,Lyapunov,Sample Entropy,Correlation Dimension
C4,cA5,0.5724979099062435,0.6416528845321314,0.0007385658495352255,1.9497947665580917,-5.086671041403067e-16
