Electrode,Band,Hurst,DFA,Lyapunov,Sample Entropy,Correlation Dimension
P4,cD3,0.4697042420994166,0.43745291914094075,0.002423529191450656,2.0974214655388628,-1.056928996801882e-15
