Electrode,Band,Hurst,DFA,Lyapunov,Sample Entropy,Correlation Dimension
F3,cD2,0.445367902549577,0.43445509677962885,0.00021836829907956375,1.6270843985381638,2.7941884055188094e-15
