Electrode,Band,Hurst,DFA,Lyapunov,Sample Entropy,Correlation Dimension
P4,cA5,0.5392749984644706,0.7149503629211998,0.014316153338574902,1.84829075745349,-2.3671884953731256e-16
