Electrode,Band,Hurst,DFA,Lyapunov,Sample Entropy,Correlation Dimension
Fp2,cA5,0.4860077749730773,0.6662489505639032,0.025273040100768304,1.4505857150902308,1.7720208698583555e-15
