Electrode,Band,Hurst,DFA,Lyapunov,Sample Entropy,Correlation Dimension
C4,cD5,0.4475897831673217,0.4811119352157073,0.008668180139128814,2.018999360757204,8.9248256544581e-16
