Electrode,Band,Hurst,DFA,Lyapunov,Sample Entropy,Correlation Dimension
P4,cD4,0.4030333825296101,0.3945833962323288,-0.000675473068699891,2.0482318110845856,-5.844600982326874e-17
