Electrode,Band,Hurst,DFA,Lyapunov,Sample Entropy,Correlation Dimension
PO3,cD3,0.502272628233353,0.49719334216534955,0.00037696722782014244,2.1418801361139326,8.882701053688423e-16
