Electrode,Band,Hurst,DFA,Lyapunov,Sample Entropy,Correlation Dimension
P4,cD1,0.36078252864754806,0.3142659657484223,0.0006613297895952747,1.786497375238441,-1.6083296783578923e-15
