Electrode,Band,Hurst,DFA,Lyapunov,Sample Entropy,Correlation Dimension
F4,cD3,0.45627758525539336,0.47791062590978,0.0013010718605731908,2.1176978082166302,8.825887546755056e-16
F4,cD3,0.4516853431818178,0.47791062590978,0.003754338351163003,2.1176978082166302,8.825887546755056e-16
