Electrode,Band,Hurst,DFA,Lyapunov,Sample Entropy,Correlation Dimension
F3,cD5,0.3865652120233568,0.3728521117939033,0.004086364399303037,1.9664426075613255,8.976510477861586e-16
F3,cD5,0.3865652120233568,0.3728521117939033,0.0014124032222865054,1.9664426075613255,8.976510477861586e-16
