Electrode,Band,Hurst,DFA,Lyapunov,Sample Entropy,Correlation Dimension
P4,cD5,0.35906150174825213,0.3313558896288442,0.016393127022209197,1.7244921345579183,6.297455633315457e-16
