Electrode,Band,Hurst,DFA,Lyapunov,Sample Entropy,Correlation Dimension
C3,cD1,0.36113703395438146,0.3260288105973667,0.0105685667558148,1.4576766728245771,4.763036917225687e-05
C3,cD1,0.36113703395438146,0.3260288105973667,0.004755522988059457,1.4576766728245771,8.681795895916985e-05
