Electrode,Band,Hurst,DFA,Lyapunov,Sample Entropy,Correlation Dimension
F3,cD4,0.42561222906310137,0.42761527020742035,0.004081361944025372,2.1147680882161604,1.5868822949581784e-16
F3,cD4,0.42561222906310137,0.42761527020742035,0.001575360153660132,2.1147680882161604,1.5868822949581784e-16
