Electrode,Band,Hurst,DFA,Lyapunov,Sample Entropy,Correlation Dimension
C3,cD2,0.4521678315899903,0.47738650833968044,0.0008008725715406601,1.7632395838229737,-4.070109690481919e-16
C3,cD2,0.4500110780946438,0.47738650833968044,0.0008008725715406601,1.7632395838229737,-4.070109690481919e-16
