Electrode,Band,Hurst,DFA,Lyapunov,Sample Entropy,Correlation Dimension
C4,cD1,0.36964934747936673,0.3382640153756436,0.009882190010765067,1.7267500885567768,2.6193244442712425e-15
C4,cD1,0.36964934747936673,0.33050159048834227,0.005657941644841884,1.7267500885567768,2.6193244442712425e-15
