Electrode,Band,Hurst,DFA,Lyapunov,Sample Entropy,Correlation Dimension
PO3,cD4,0.40129357576579283,0.4016893270043387,0.004746801202947383,1.9990487286519243,1.9752035741483495e-17
