Electrode,Band,Hurst,DFA,Lyapunov,Sample Entropy,Correlation Dimension
C4,cD2,0.4381495871827066,0.43423787793421537,0.00020400538588981074,1.981365844681173,3.0755002123478196e-15
C4,cD2,0.4609400004136519,0.43423787793421537,0.002840753035111987,1.981365844681173,3.0755002123478196e-15
