Electrode,Band,Hurst,DFA,Lyapunov,Sample Entropy,Correlation Dimension
C3,cD4,0.36199761708024336,0.3877421609142219,0.0021744583592269735,2.030858835497704,3.502361705783765e-18
C3,cD4,0.36199761708024336,0.3877421609142219,0.00907370953874198,2.030858835497704,3.502361705783765e-18
