Electrode,Band,Hurst,DFA,Lyapunov,Sample Entropy,Correlation Dimension
Fp2,cD1,0.33406585211547557,0.3075884324337551,0.005179873379794241,1.7663840857634663,1.660096703908412e-15
Fp2,cD1,0.33406585211547557,0.3075884324337551,0.005179873379794241,1.7663840857634663,1.660096703908412e-15
