Electrode,Band,Hurst,DFA,Lyapunov,Sample Entropy,Correlation Dimension
PO3,cD5,0.3518540542358975,0.3506516765295492,0.010144297059599888,1.751693039843031,1.4546288422857812e-15
