Electrode,Band,Hurst,DFA,Lyapunov,Sample Entropy,Correlation Dimension
F4,cD2,0.4524600180854327,0.41659374502402485,-0.00039910981149405243,2.0289686572521566,-5.611681138284677e-17
F4,cD2,0.4297065405469912,0.41659374502402485,0.002424179423939191,2.0289686572521566,-5.611681138284677e-17
