Electrode,Band,Hurst,DFA,Lyapunov,Sample Entropy,Correlation Dimension
PO3,cD1,0.32837127198022115,0.29075569025062925,0.005360169844193931,1.7973881060559467,3.890836545585148e-15
