Electrode,Band,Hurst,DFA,Lyapunov,Sample Entropy,Correlation Dimension
C3,cD5,0.40368170972756456,0.37776570096108203,0.00469219901344971,1.882629863543595,7.201893931552031e-16
C3,cD5,0.40368170972756456,0.37776570096108203,0.00469219901344971,1.882629863543595,7.201893931552031e-16
