Electrode,Band,Hurst,DFA,Lyapunov,Sample Entropy,Correlation Dimension
P4,cA5,0.5427109358592707,0.6661392301603591,0.0006263039328833218,2.0107742793562324,-3.816883241453799e-16
