Electrode,Band,Hurst,DFA,Lyapunov,Sample Entropy,Correlation Dimension
F3,cD3,0.46159822995607025,0.47183847940710094,-0.0005919254187381052,2.1371028471572373,8.853052239563214e-16
F3,cD3,0.46490974278612773,0.47183847940710094,-0.0005919254187381052,2.1371028471572373,8.853052239563214e-16
