Electrode,Band,Hurst,DFA,Lyapunov,Sample Entropy,Correlation Dimension
P4,cD4,0.34389393880233066,0.34116738504761607,0.0015458193692291428,1.9264165758655885,-1.3790136711786987e-16
