Electrode,Band,Hurst,DFA,Lyapunov,Sample Entropy,Correlation Dimension
PO3,cD2,0.4212402704551106,0.3859475996660451,-0.00039331262761923327,2.013449039600926,2.255551768957663e-15
