Electrode,Band,Hurst,DFA,Lyapunov,Sample Entropy,Correlation Dimension
C4,cA5,0.44498965269156576,0.6237064296924459,0.0007484725027374086,1.979092090303091,-4.396707914064014e-16
C4,cA5,0.45643668254107184,0.6237064296924459,0.0007484725027374086,1.979092090303091,-4.396707914064014e-16
