Electrode,Band,Hurst,DFA,Lyapunov,Sample Entropy,Correlation Dimension
C4,cD3,0.4555186554446873,0.46194683878953163,-0.000641626300233957,2.1001236658761804,8.066980664148773e-16
C4,cD3,0.45079260771212426,0.46194683878953163,-0.000641626300233957,2.1001236658761804,8.066980664148773e-16
