Electrode,Band,Hurst,DFA,Lyapunov,Sample Entropy,Correlation Dimension
F3,cD1,0.34823951184113344,0.3108250185497732,0.0047195521267976576,1.8791578348914892,1.2455663809447046e-15
F3,cD1,0.34823951184113344,0.3108250185497732,0.0047195521267976576,1.8791578348914892,1.2455663809447046e-15
