Electrode,Band,Hurst,DFA,Lyapunov,Sample Entropy,Correlation Dimension
P4,cD2,0.4333060038081554,0.44192595833035203,0.0006427880489461339,1.9999338842508778,2.6181470550846257e-15
