Electrode,Band,Hurst,DFA,Lyapunov,Sample Entropy,Correlation Dimension
F3,cD2,0.46876384212382793,0.4565220426998605,0.0036760330200196686,2.0856080218142785,-9.790962469236458e-16
F3,cD2,0.46552516558986423,0.4565220426998605,0.0009659391460993217,2.0856080218142785,-9.790962469236458e-16
