Electrode,Band,Hurst,DFA,Lyapunov,Sample Entropy,Correlation Dimension
PO3,cA5,0.5175809757488945,0.6139622730699918,0.01016502780514182,2.0567069889086995,-3.989689451060885e-16
