Electrode,Band,Hurst,DFA,Lyapunov,Sample Entropy,Correlation Dimension
F4,cD5,0.3856258266426719,0.3767882972717748,0.0064469077370385855,1.8342431021559056,9.00567992555263e-16
F4,cD5,0.3856258266426719,0.3767882972717748,0.00988106294111793,1.8342431021559056,9.00567992555263e-16
