Electrode,Band,Hurst,DFA,Lyapunov,Sample Entropy,Correlation Dimension
P4,cD3,0.44749336756803226,0.4562239053917076,0.003982387889515024,2.0884660347816237,2.7468737967446398e-15
