Electrode,Band,Hurst,DFA,Lyapunov,Sample Entropy,Correlation Dimension
F4,cD1,0.3520132121421096,0.31134516951287633,0.005044893784956181,1.8295734561223111,4.482918885172722e-15
F4,cD1,0.3520132121421096,0.31134516951287633,0.005044893784956181,1.8295734561223111,4.482918885172722e-15
