Electrode,Band,Hurst,DFA,Lyapunov,Sample Entropy,Correlation Dimension
C3,cD3,0.45180593421729076,0.45409676610637817,0.0023853908885609577,1.9827650419373102,-1.978838068517402e-15
C3,cD3,0.45180593421729076,0.45409676610637817,-0.00012621446089326754,1.9827650419373102,-1.978838068517402e-15
