Electrode,Band,Hurst,DFA,Lyapunov,Sample Entropy,Correlation Dimension
Fp2,cD3,0.49214189317854834,0.512598578815475,0.0024480733004480447,2.0232897240711414,9.87270100010157e-16
Fp2,cD3,0.49460821849412984,0.512598578815475,7.869836055801207e-05,2.0232897240711414,9.87270100010157e-16
