Electrode,Band,Hurst,DFA,Lyapunov,Sample Entropy,Correlation Dimension
Fp2,cD2,0.39991001718447333,0.39156650050219916,1.398722330802043e-06,1.8953415777358622,6.957659857657538e-16
Fp2,cD2,0.39991001718447333,0.39156650050219916,0.0031128103082830702,1.8953415777358622,6.957659857657538e-16
