Electrode,Band,Hurst,DFA,Lyapunov,Sample Entropy,Correlation Dimension
F3,cA5,0.39722245284098234,0.7061984799948454,0.01541826227209089,1.9410401163961413,-3.858701457906523e-16
