Electrode,Band,Hurst,DFA,Lyapunov,Sample Entropy,Correlation Dimension
Fp2,cD3,0.4941833333758534,0.5168191687876794,5.5220632841899737e-05,1.8310438552321624,3.965464032808692e-15
