Electrode,Band,Hurst,DFA,Lyapunov,Sample Entropy,Correlation Dimension
F4,cA5,0.6321774232584888,0.6910881757731823,0.015075706935429188,1.9792861437350266,-1.5748334395362964e-16
