Electrode,Band,Hurst,DFA,Lyapunov,Sample Entropy,Correlation Dimension
C3,cA5,0.6880454976201711,0.7313233676640131,0.005704749714244496,1.945620041713563,-3.2140879172108303e-16
