Electrode,Band,Hurst,DFA,Lyapunov,Sample Entropy,Correlation Dimension
P4,cD2,0.42470893707940616,0.4065824807380046,0.0013313235658588035,2.003866737756715,-1.2685182135939124e-16
