Electrode,Band,Hurst,DFA,Lyapunov,Sample Entropy,Correlation Dimension
Fp2,cD5,0.4296452623217608,0.44611836620813833,0.0007163885867953913,2.1208696005727816,9.731048699163936e-16
