Electrode,Band,Hurst,DFA,Lyapunov,Sample Entropy,Correlation Dimension
C4,cD1,0.3762754314543526,0.34836921840489227,0.0015330054543233043,1.8517973173237616,3.197340724202174e-15
