Electrode,Band,Hurst,DFA,Lyapunov,Sample Entropy,Correlation Dimension
PO3,cD2,0.4143185409955123,0.41230913458535456,0.0035215551202944944,1.9625770189986087,2.752492314261659e-15
