Electrode,Band,Hurst,DFA,Lyapunov,Sample Entropy,Correlation Dimension
F3,cD3,0.4364448365451392,0.43698939420016,0.00017511194402494777,1.9325168769989616,-9.9951386570664e-16
