Electrode,Band,Hurst,DFA,Lyapunov,Sample Entropy,Correlation Dimension
C4,cD2,0.4500288907042739,0.45053868828656213,0.0005842613451407862,2.0157610395186953,-9.886909063168344e-16
