Electrode,Band,Hurst,DFA,Lyapunov,Sample Entropy,Correlation Dimension
PO3,cD5,0.4733253264927385,0.4310052057228526,0.008258442778688,2.1049151747090344,1.0134858154432925e-15
