Electrode,Band,Hurst,DFA,Lyapunov,Sample Entropy,Correlation Dimension
F3,cD4,0.4407071715691104,0.4770514003823166,0.003374099731445176,2.1073010732367847,1.8747588646061497e-15
