Electrode,Band,Hurst,DFA,Lyapunov,Sample Entropy,Correlation Dimension
Fp2,cD1,0.33006946934950376,0.27948487974597713,0.005932651866566038,1.4383560705832004,8.681795895934296e-05
