Electrode,Band,Hurst,DFA,Lyapunov,Sample Entropy,Correlation Dimension
Fp1,cD1,0.37022948940323,0.3223263292825706,0.010624911024350847,1.6691627940446654,1.856061092302502e-15
