Electrode,Band,Hurst,DFA,Lyapunov,Sample Entropy,Correlation Dimension
C4,cD4,0.4733362532612212,0.4922662159472357,0.0017422936179419311,2.172442446277974,1.4876976183190504e-16
