Electrode,Band,Hurst,DFA,Lyapunov,Sample Entropy,Correlation Dimension
C4,cA5,0.49887296759780564,0.7464693107426403,0.019854006924472055,1.9577565747953802,-4.0428137732830677e-16
