Electrode,Band,Hurst,DFA,Lyapunov,Sample Entropy,Correlation Dimension
F4,cD5,0.3924106166559817,0.4175193841267178,0.00120165853789347,2.1028064439845684,1.5825395988670328e-15
