Electrode,Band,Hurst,DFA,Lyapunov,Sample Entropy,Correlation Dimension
Fp2,cD2,0.4136425032009345,0.44346243606953156,0.0008540818185513715,1.6435540830390563,7.942066614876364e-05
