Electrode,Band,Hurst,DFA,Lyapunov,Sample Entropy,Correlation Dimension
Fp2,cD4,0.45136560032161277,0.49124711639136287,0.0020540324124423566,2.0714228912007435,-4.876351146817862e-17
