Electrode,Band,Hurst,DFA,Lyapunov,Sample Entropy,Correlation Dimension
Fp1,cA5,0.5717020776843625,0.6347465917364579,0.021556413996546866,1.636403507931269,4.779608715118858e-16
