Electrode,Band,Hurst,DFA,Lyapunov,Sample Entropy,Correlation Dimension
Fp2,cA5,0.3925341399176036,0.7207498002218887,0.0276371887541093,1.4118224742500034,-1.3334339598452396e-15
