Electrode,Band,Hurst,DFA,Lyapunov,Sample Entropy,Correlation Dimension
PO3,cA5,0.35591177273277763,0.5214460699886442,0.04584004721798733,1.9406102761198378,-3.304171949392556e-16
