Electrode,Band,Hurst,DFA,Lyapunov,Sample Entropy,Correlation Dimension
PO3,cD3,0.4624177007746456,0.46103334334073964,0.00422257510098528,2.0792812875352737,9.911126984059844e-16
