Electrode,Band,Hurst,DFA,Lyapunov,Sample Entropy,Correlation Dimension
C4,cD5,0.43430953850289367,0.45824945647283905,0.0007542350075456707,2.1736998164530745,9.844995895546423e-16
