Electrode,Band,Hurst,DFA,Lyapunov,Sample Entropy,Correlation Dimension
C3,cD4,0.46504769860802125,0.45494711310772473,0.0020491600036623677,2.1423022649143717,-1.759186257533875e-16
