Electrode,Band,Hurst,DFA,Lyapunov,Sample Entropy,Correlation Dimension
P4,cD4,0.43722727289109165,0.4199417399876838,-0.0005648757472182736,2.1457895199581087,2.308954924043211e-16
