Electrode,Band,Hurst,DFA,Lyapunov,Sample Entropy,Correlation Dimension
Fp1,cD5,0.5000181488982093,0.4909943616868165,0.003537845611572036,2.094691566313302,1.0114082973955265e-15
