Electrode,Band,Hurst,DFA,Lyapunov,Sample Entropy,Correlation Dimension
F4,cD2,0.4623950499228483,0.4780147897212585,4.087505918577203e-05,1.9563486099158967,8.894157344639394e-16
