Electrode,Band,Hurst,DFA,Lyapunov,Sample Entropy,Correlation Dimension
P4,cD5,0.5023322837858906,0.4791615402999917,0.002646813660988432,2.144138468093468,1.1110443441712324e-15
