Electrode,Band,Hurst,DFA,Lyapunov,Sample Entropy,Correlation Dimension
PO3,cD4,0.4305999394330745,0.4280019504329616,0.00329308076338306,2.11103132688256,-6.519997817089136e-17
