Electrode,Band,Hurst,DFA,Lyapunov,Sample Entropy,Correlation Dimension
F4,cD4,0.3644558322036452,0.34069572630617606,0.011576535818460286,1.8590377591125768,-7.114378449880295e-17
