Electrode,Band,Hurst,DFA,Lyapunov,Sample Entropy,Correlation Dimension
PO3,cA5,0.5840264335465516,0.7161741168029058,0.015324283926511374,1.9923417278119702,-4.920220035868377e-16
