Electrode,Band,Hurst,DFA,Lyapunov,Sample Entropy,Correlation Dimension
F3,cD5,0.2517454775681399,0.1956772140354725,0.0475759997087367,1.4725869831832117,2.917057020805285e-15
