Electrode,Band,Hurst,DFA,Lyapunov,Sample Entropy,Correlation Dimension
C4,cD1,0.34893391378187816,0.31500744982794837,0.004819948023016335,1.8867905745332534,4.416442104254135e-15
