Electrode,Band,Hurst,DFA,Lyapunov,Sample Entropy,Correlation Dimension
F4,cD2,0.43145275174501807,0.43296632264625096,0.0009069558345909263,2.0774242657843884,1.61067322413843e-15
