Electrode,Band,Hurst,DFA,Lyapunov,Sample Entropy,Correlation Dimension
C3,cD3,0.42369582141798734,0.43189928971911346,0.003957601027055014,2.0821389982302896,-7.912740269409772e-16
