Electrode,Band,Hurst,DFA,Lyapunov,Sample Entropy,Correlation Dimension
Fp1,cD5,0.2554786669877276,0.19969281223677557,0.0345644950866698,1.6293124439236502,9.658240185759696e-16
