Electrode,Band,Hurst,DFA,Lyapunov,Sample Entropy,Correlation Dimension
PO3,cD4,0.33305451818528065,0.30210311868126033,0.022513739617316522,1.8188035605001922,2.322756499630078e-15
