Electrode,Band,Hurst,DFA,Lyapunov,Sample Entropy,Correlation Dimension
P4,cD5,0.27098140707964935,0.22555752985894045,0.04465372422162208,1.5667015414969476,-1.2590878436289127e-15
