Electrode,Band,Hurst,DFA,Lyapunov,Sample Entropy,Correlation Dimension
C4,cA5,0.6733530889009046,0.8052889632053898,0.015439211667239489,1.8866791956133924,-4.3109386146870317e-16
