Electrode,Band,Hurst,DFA,Lyapunov,Sample Entropy,Correlation Dimension
Fp1,cA5,0.6360403650512262,0.7819225896008116,0.03611601754027852,1.0539674034101245,-1.5549975328081088e-15
