Electrode,Band,Hurst,DFA,Lyapunov,Sample Entropy,Correlation Dimension
PO3,cD3,0.5183866008380433,0.4880593734772254,0.0024778366088864176,2.107236631564816,-1.4609806696143616e-15
