Electrode,Band,Hurst,DFA,Lyapunov,Sample Entropy,Correlation Dimension
C4,cD4,0.39261880527018284,0.38459120746817355,0.016844016050942268,1.9290446133987336,-2.901387140490081e-17
