Electrode,Band,Hurst,DFA,Lyapunov,Sample Entropy,Correlation Dimension
F3,cD3,0.4588772866792284,0.4594337342278231,-6.157268177411232e-05,2.1037902226341005,8.847315796640843e-16
