Electrode,Band,Hurst,DFA,Lyapunov,Sample Entropy,Correlation Dimension
C3,cD5,0.2819101792483392,0.23632338109085646,0.028134322952438062,1.6297050054523738,4.449959881470366e-16
