Electrode,Band,Hurst,DFA,Lyapunov,Sample Entropy,Correlation Dimension
C4,cD5,0.3475704587535259,0.29090632758965274,0.011382539789160085,1.765394634087722,8.688745371971534e-16
