Electrode,Band,Hurst,DFA,Lyapunov,Sample Entropy,Correlation Dimension
Fp2,cD3,0.48637479513034154,0.5069063758182425,0.004521932015871577,2.1296896375119907,8.362031870096389e-16
