Electrode,Band,Hurst,DFA,Lyapunov,Sample Entropy,Correlation Dimension
F3,cD4,0.3788289308663021,0.36169504381474143,0.013152295892889077,1.8779049126539469,-2.4580590992675855e-16
