Electrode,Band,Hurst,DFA,Lyapunov,Sample Entropy,Correlation Dimension
P4,cD2,0.45520824811956706,0.4484936754901676,-0.0005529230291195301,2.0629126585980773,-8.787615448707262e-16
