Electrode,Band,Hurst,DFA,Lyapunov,Sample Entropy,Correlation Dimension
F4,cA5,0.46064978279263663,0.9353165670665683,0.010914622161347608,1.7657839828247943,1.8135964727894547e-15
