Electrode,Band,Hurst,DFA,Lyapunov,Sample Entropy,Correlation Dimension
C4,cD2,0.44557444409240343,0.42103492301170814,0.0030190381136808195,2.0805064922772094,-6.531498246138299e-16
