Electrode,Band,Hurst,DFA,Lyapunov,Sample Entropy,Correlation Dimension
Fp1,cD2,0.44582759809302097,0.4356457370377663,0.000597098379424167,2.075836613371081,-7.707151834598805e-16
