Electrode,Band,Hurst,DFA,Lyapunov,Sample Entropy,Correlation Dimension
C3,cA5,0.5795860576623824,0.762685437415729,0.015992384690505262,1.8430717028301968,-4.923427530037517e-16
