Electrode,Band,Hurst,DFA,Lyapunov,Sample Entropy,Correlation Dimension
C3,cD1,0.3611901080841501,0.3304245354801795,0.00910301475258183,1.8936749680988338,3.82178506241382e-15
