Electrode,Band,Hurst,DFA,Lyapunov,Sample Entropy,Correlation Dimension
Fp2,cD1,0.32443488167994494,0.2821388728369693,0.005736671794544324,1.7647372400838102,8.516061345185747e-05
