Electrode,Band,Hurst,DFA,Lyapunov,Sample Entropy,Correlation Dimension
Fp2,cD5,0.258004848902871,0.2028175777924947,0.03891694715237753,1.6042028942192323,-3.190728673623214e-16
