Electrode,Band,Hurst,DFA,Lyapunov,Sample Entropy,Correlation Dimension
Fp1,cD4,0.4007336474236523,0.39517687143260405,0.010070233911901509,1.9892932492551796,1.8994679191911526e-15
