Electrode,Band,Hurst,DFA,Lyapunov,Sample Entropy,Correlation Dimension
C4,cD3,0.4396544792216632,0.43996149793124667,0.004796400937166779,2.0541781470739955,2.607041494286006e-15
