Electrode,Band,Hurst,DFA,Lyapunov,Sample Entropy,Correlation Dimension
F4,cD3,0.5057313293613993,0.46825711723286184,0.0011898734352799479,2.084770878914229,-8.99407529054553e-16
