Electrode,Band,Hurst,DFA,Lyapunov,Sample Entropy,Correlation Dimension
P4,cD1,0.34374986342893765,0.30328543799886587,0.001486483487215735,1.8310933343529896,1.3911998881377002e-15
