Electrode,Band,Hurst,DFA,Lyapunov,Sample Entropy,Correlation Dimension
F4,cD1,0.34842800759420994,0.3103713452738898,0.009950077617085799,1.870390762705624,3.619050186175106e-15
