Electrode,Band,Hurst,DFA,Lyapunov,Sample Entropy,Correlation Dimension
C3,cD4,0.47251657064094726,0.4073628096613459,0.009862839758813522,1.9331220620120366,3.1448786826205882e-15
