Electrode,Band,Hurst,DFA,Lyapunov,Sample Entropy,Correlation Dimension
Fp2,cD4,0.415265419061709,0.38719063001810006,0.017688367750261197,1.98870543530411,-6.814742512202727e-17
