Electrode,Band,Hurst,DFA,Lyapunov,Sample Entropy,Correlation Dimension
Fp1,cD1,0.3304574760717933,0.28392473192737905,0.005086578022349938,1.7813885973913073,-4.378077760854588e-15
