Electrode,Band,Hurst,DFA,Lyapunov,Sample Entropy,Correlation Dimension
Fp2,cA5,0.522049119144878,0.9599972376961959,0.03775810404511382,1.0407421491175295,3.846342853776682e-15
