Electrode,Band,Hurst,DFA,Lyapunov,Sample Entropy,Correlation Dimension
PO3,cD1,0.2925582588654219,0.2602457085633798,0.0018825704401191012,1.7465496409333492,-1.4483505245954343e-15
