Electrode,Band,Hurst,DFA,Lyapunov,Sample Entropy,Correlation Dimension
C3,cD2,0.44037221618422584,0.4288720564877283,0.0023962801153008615,2.062087305070637,4.3131705102670125e-16
