Electrode,Band,Hurst,DFA,Lyapunov,Sample Entropy,Correlation Dimension
P4,cA5,0.44284196402235604,0.7082499640953311,0.014904797732175406,1.922973363712215,-5.06674861491061e-16
