Electrode,Band,Hurst,DFA,Lyapunov,Sample Entropy,Correlation Dimension
PO3,cD5,0.2585089996489677,0.2000543063925412,0.07683260300580215,1.4579159392470902,-3.8977108375804557e-16
