Electrode,Band,Hurst,DFA,Lyapunov,Sample Entropy,Correlation Dimension
P4,cD4,0.3683688699191533,0.33838801592072715,0.02278537370526982,1.800477961244878,-1.2627516902875062e-16
