Electrode,Band,Hurst,DFA,Lyapunov,Sample Entropy,Correlation Dimension
P4,cD3,0.4405516453910783,0.4286222881309727,0.005184086886318848,2.0320939154612203,-8.26649152547203e-16
