Electrode,Band,Hurst,DFA,Lyapunov,Sample Entropy,Correlation Dimension
F3,cD1,0.3584885939796769,0.3024525506725995,0.004735842618075132,1.8599332229644783,1.252790917437509e-16
