Electrode,Band,Hurst,DFA,Lyapunov,Sample Entropy,Correlation Dimension
Fp1,cD3,0.5022438494570344,0.4869736903276371,-0.00018589713356750357,2.1228219979971126,1.1064340202604815e-15
