Electrode,Band,Hurst,DFA,Lyapunov,Sample Entropy,Correlation Dimension
F4,cD5,0.2675555190151323,0.22244606425206292,0.06627966335841562,1.5306218517979906,1.2163113764907035e-15
