Electrode,Band,Hurst,DFA,Lyapunov,Sample Entropy,Correlation Dimension
F3,cA5,0.5582292052782768,0.8731659946944591,0.047580094240149966,1.6344280571628924,-1.345628730217385e-15
