Electrode,Band,Hurst,DFA,Lyapunov,Sample Entropy,Correlation Dimension
PO3,cD2,0.43078265559534973,0.4217440984780125,0.00018226739132022133,2.028423250096762,-1.08499849719648e-15
