Electrode,Band,Hurst,DFA,Lyapunov,Sample Entropy,Correlation Dimension
F3,cD2,0.4289444395658578,0.4078751923369733,0.00024838881059082194,2.073234208940765,-7.639852290722619e-16
