Electrode,Band,Hurst,DFA,Lyapunov,Sample Entropy,Correlation Dimension
Fp2,cD2,0.453402479197593,0.4523768331390074,-0.00020270492091359097,2.077286887904303,5.112431637345151e-16
