Electrode,Band,Hurst,DFA,Lyapunov,Sample Entropy,Correlation Dimension
Fp1,cA5,0.533972986173796,0.8494333746532476,0.014667035651019155,0.49562245768267954,0.14171658994256162
