Electrode,Band,Hurst,DFA,Lyapunov,Sample Entropy,Correlation Dimension
F3,cD5,0.526394690271279,0.5394798164999393,0.000802699002352072,2.0645812395181773,9.330013069367527e-16
