Electrode,Band,Hurst,DFA,Lyapunov,Sample Entropy,Correlation Dimension
F4,cD1,0.34504471628649613,0.31532735419777047,0.0013940926754114763,1.7967674710451802,-1.4559888251279147e-16
