Electrode,Band,Hurst,DFA,Lyapunov,Sample Entropy,Correlation Dimension
F4,cD4,0.4348431864831793,0.4626987912042396,0.0009047768332737577,2.0612728998030025,2.1568760721945656e-16
