Electrode,Band,Hurst,DFA,Lyapunov,Sample Entropy,Correlation Dimension
Fp1,cD4,0.44411196227837924,0.462177139567461,0.0004245931451973272,2.0723850607862566,-4.437350574571504e-17
