Electrode,Band,Hurst,DFA,Lyapunov,Sample Entropy,Correlation Dimension
Fp2,cD3,0.46947458296109257,0.48604883035079466,-0.00045175841360412607,2.1055026317955483,8.431040548844822e-16
