Electrode,Band,Hurst,DFA,Lyapunov,Sample Entropy,Correlation Dimension
C3,cD1,0.3719634784189567,0.3295100614540108,0.0007352539987270769,1.7497597892425933,1.5741242979371075e-15
