Electrode,Band,Hurst,DFA,Lyapunov,Sample Entropy,Correlation Dimension
C3,cD4,0.42154751051044137,0.4733308827157302,0.0024106892672452647,2.0589891069372146,-2.0913304396235828e-17
