Electrode,Band,Hurst,DFA,Lyapunov,Sample Entropy,Correlation Dimension
F3,cD4,0.47908758844149585,0.5086192164866405,0.0004396727590846037,2.0280501794774817,1.9791130504367495e-17
