Electrode,Band,Hurst,DFA,Lyapunov,Sample Entropy,Correlation Dimension
C3,cD3,0.48122429761293384,0.4850636686225064,0.0004938530199456658,2.0707072721994946,-1.8510005924867286e-17
