Electrode,Band,Hurst,DFA,Lyapunov,Sample Entropy,Correlation Dimension
F4,cD3,0.49091794069060457,0.5244235848506056,0.0007919542717209345,2.089873790618735,9.078491472990238e-16
