Electrode,Band,Hurst,DFA,Lyapunov,Sample Entropy,Correlation Dimension
Fp1,cD2,0.4902823114881973,0.4730400567777504,0.0030028516596013136,1.9681646810555768,5.962931901906596e-15
