Electrode,Band,Hurst,DFA,Lyapunov,Sample Entropy,Correlation Dimension
Fp1,cD5,0.4157008762375591,0.4628601167402,8.307948256955744e-05,2.0589417780736783,7.628228227768341e-16
