Electrode,Band,Hurst,DFA,Lyapunov,Sample Entropy,Correlation Dimension
C3,cD2,0.4405051536305001,0.45687817154780425,0.00024094437107896778,1.9953448609810842,5.426640899577422e-16
