Electrode,Band,Hurst,DFA,Lyapunov,Sample Entropy,Correlation Dimension
F3,cD1,0.3165516299754243,0.29961594208026054,0.0013184749718863126,1.6513872820297408,1.7085388885455525e-15
