Electrode,Band,Hurst,DFA,Lyapunov,Sample Entropy,Correlation Dimension
Fp1,cD1,0.34361605219023883,0.33493865358945546,0.005616222728382589,1.6825122612202688,-4.850476004190717e-15
