Electrode,Band,Hurst,DFA,Lyapunov,Sample Entropy,Correlation Dimension
Fp2,cD1,0.33296576192546923,0.3024081752156892,0.004456797513094833,1.6839747173940007,1.6308718850704895e-15
