Electrode,Band,Hurst,DFA,Lyapunov,Sample Entropy,Correlation Dimension
F4,cD2,0.4946103041508872,0.47879286227555734,0.0008272171020508105,2.0430372043886775,-6.491753335722659e-16
