Electrode,Band,Hurst,DFA,Lyapunov,Sample Entropy,Correlation Dimension
C3,cA5,0.5209859771603578,0.7216866474856837,0.01247373791191497,1.7438183216654455,-4.3322190557163737e-16
