Electrode,Band,Hurst,DFA,Lyapunov,Sample Entropy,Correlation Dimension
F3,cA5,0.5441500889103464,0.7748260835636802,0.011434076714703461,1.3263370563964394,-1.9324913364984185e-15
