Electrode,Band,Hurst,DFA,Lyapunov,Sample Entropy,Correlation Dimension
F4,cA5,0.5946152946463745,0.7699502693523174,0.013460323003333385,1.3589621225586153,-1.045272150955326e-15
