Electrode,Band,Hurst,DFA,Lyapunov,Sample Entropy,Correlation Dimension
Fp2,cA5,0.4388844240435281,0.8503225818963959,0.011537570630089524,0.5770514843073806,0.06587995741139634
