Electrode,Band,Hurst,DFA,Lyapunov,Sample Entropy,Correlation Dimension
C3,cD5,0.5526200577563324,0.5463359115518219,0.008718414360142595,2.095050788362832,-3.986865711566305e-16
