Electrode,Band,Hurst,DFA,Lyapunov,Sample Entropy,Correlation Dimension
F3,cD2,0.4648805771874222,0.4604221062887967,-9.435017903695997e-05,1.9361878017472873,2.6238944366628826e-16
