Electrode,Band,Hurst,DFA,Lyapunov,Sample Entropy,Correlation Dimension
F4,cD5,0.5175680037816931,0.5116949629386552,-0.0010001095858494244,2.062102354085158,9.37350387359712e-16
