Electrode,Band,Hurst,DFA,Lyapunov,Sample Entropy,Correlation Dimension
Fp2,cD4,0.4365778373583239,0.49943770126394005,0.0033302653919567503,2.0935651738362164,3.335104723239912e-18
