Electrode,Band,Hurst,DFA,Lyapunov,Sample Entropy,Correlation Dimension
Fp1,cD3,0.5007546080555797,0.5171128499407526,0.0007672049782490751,2.0588043875023687,8.428009250489099e-16
