Electrode,Band,Hurst,DFA,Lyapunov,Sample Entropy,Correlation Dimension
Fp2,cD2,0.44699022003170136,0.4495053143737308,-0.00013236421527315718,1.9504904795850222,2.8007145867212886e-15
