Electrode,Band,Hurst,DFA,Lyapunov,Sample Entropy,Correlation Dimension
Fp2,cD5,0.48781353770361374,0.5052076712581917,0.0026259508999912215,2.0835411081827684,1.0042761452866394e-15
