Electrode,Band,Hurst,DFA,Lyapunov,Sample Entropy,Correlation Dimension
F3,cD3,0.5233367986515742,0.5343510661492389,0.00042365681041348606,2.032913299061369,-1.110233672413131e-15
