Electrode,Band,Hurst,DFA,Lyapunov,Sample Entropy,Correlation Dimension
Fp2,cD1,0.31141476187527384,0.2835763728569383,0.00433601032603857,1.7062404529073913,-1.49928913439271e-15
