Electrode,Band,Hurst,DFA,Lyapunov,Sample Entropy,Correlation Dimension
F4,cD1,0.28225012771906144,0.2625754497958986,0.0056476246226913615,1.5391164517894937,2.2255227772875706e-15
