Electrode,Band,Hurst,DFA,Lyapunov,Sample Entropy,Correlation Dimension
P4,cD1,0.3307478891190226,0.3194828033969326,0.004744035547429649,1.8254249858810228,4.627215110827145e-15
