Electrode,Band,Hurst,DFA,Lyapunov,Sample Entropy,Correlation Dimension
F4,cD4,0.49458451801235487,0.5231293230018385,0.0008644913182110707,2.1589181719592982,2.462351657752209e-16
