Electrode,Band,Hurst,DFA,Lyapunov,Sample Entropy,Correlation Dimension
Fp2,cD5,0.33642205576341533,0.3089381213907555,0.024754748501620422,1.697946769297769,8.962420756802765e-16
