Electrode,Band,Hurst,DFA,Lyapunov,Sample Entropy,Correlation Dimension
P4,cA5,0.6173520345958577,0.765838552149127,0.027309191357958337,1.8670005859789456,-5.441080241876543e-16
