Electrode,Band,Hurst,DFA,Lyapunov,Sample Entropy,Correlation Dimension
Fp1,cD1,0.3357426296949907,0.28601022091619793,0.010413291237570312,1.6679754449238022,-1.6255266137864659e-16
