Electrode,Band,Hurst,DFA,Lyapunov,Sample Entropy,Correlation Dimension
P4,cD5,0.29125025032865165,0.2510024811358137,0.04850575954817165,1.5969150366596188,1.4529943328862178e-15
