Electrode,Band,Hurst,DFA,Lyapunov,Sample Entropy,Correlation Dimension
F4,cD3,0.45489883627744204,0.5023204994227991,0.0030899741432881774,2.14282572142411,-1.5557775526196714e-15
