Electrode,Band,Hurst,DFA,Lyapunov,Sample Entropy,Correlation Dimension
PO3,cD1,0.31129267348935274,0.2744919737773622,0.010750293095057269,1.7216704130734033,3.748625570533109e-15
