Electrode,Band,Hurst,DFA,Lyapunov,Sample Entropy,Correlation Dimension
F3,cD4,0.4981804234829958,0.492900004602083,-9.605523311752835e-05,2.1511949794308265,-7.224199805512995e-17
