Electrode,Band,Hurst,DFA,Lyapunov,Sample Entropy,Correlation Dimension
P4,cD3,0.45898392344620503,0.4591624423922719,0.003904359990900299,2.1282210885037105,8.637313939704348e-16
