Electrode,Band,Hurst,DFA,Lyapunov,Sample Entropy,Correlation Dimension
F3,cD5,0.43152239623978705,0.43387878785507455,0.004712520946155934,2.0624473737669615,1.0580252626892032e-15
