Electrode,Band,Hurst,DFA,Lyapunov,Sample Entropy,Correlation Dimension
F3,cA5,0.3857193746527731,0.6116807446561269,0.013096828460693124,1.9227510830913657,-3.820530704251634e-16
