Electrode,Band,Hurst,DFA,Lyapunov,Sample Entropy,Correlation Dimension
Fp2,cA5,0.6565021833961222,1.0335393826080208,0.0490298486293705,0.8349668613601567,0.0060113518299460406
