Electrode,Band,Hurst,DFA,Lyapunov,Sample Entropy,Correlation Dimension
PO3,cA5,0.5734152049706409,0.7786868921828426,0.04543008448713905,1.9070096248162254,-4.786252184535271e-16
