Electrode,Band,Hurst,DFA,Lyapunov,Sample Entropy,Correlation Dimension
F4,cD2,0.4524369335272914,0.4528392680628393,0.00025320920077219076,1.9998099304605548,1.95889975432914e-15
