Electrode,Band,Hurst,DFA,Lyapunov,Sample Entropy,Correlation Dimension
Fp2,cD3,0.45073204166390446,0.4914614297660009,-0.0009306936553031924,1.784312737842578,2.5256663148664543e-15
