Electrode,Band,Hurst,DFA,Lyapunov,Sample Entropy,Correlation Dimension
Fp1,cD3,0.5057110362407012,0.5150912681279333,0.0015868100253014338,1.8147809190285442,-1.520289844446145e-15
