Electrode,Band,Hurst,DFA,Lyapunov,Sample Entropy,Correlation Dimension
Fp1,cD4,0.4534496717386579,0.4641279173887666,0.0030173128301444327,1.8409121706563762,1.2953711305165161e-15
