Electrode,Band,Hurst,DFA,Lyapunov,Sample Entropy,Correlation Dimension
F4,cA5,0.5394722307162303,0.7355120534915325,0.004546607624400734,2.013121018288696,-3.894212390087807e-16
