Electrode,Band,Hurst,DFA,Lyapunov,Sample Entropy,Correlation Dimension
P4,cD2,0.4748081903354095,0.46820737799193923,0.00030808882279801536,2.0951996452496995,-8.538715902681428e-16
