Electrode,Band,Hurst,DFA,Lyapunov,Sample Entropy,Correlation Dimension
Fp1,cD2,0.4795880067732028,0.44508789635552437,0.00025427269213129536,1.9357102421733345,2.197543560637446e-15
