Electrode,Band,Hurst,DFA,Lyapunov,Sample Entropy,Correlation Dimension
PO3,cD5,0.3303445094211521,0.32151741332730066,0.022431759717987963,1.820176681951632,8.413210519104315e-16
