Electrode,Band,Hurst,DFA,Lyapunov,Sample Entropy,Correlation Dimension
Fp2,cD2,0.45883561664235395,0.4684243845397286,0.002876403115012567,1.9838412211697232,-1.2148072293563067e-15
