Electrode,Band,Hurst,DFA,Lyapunov,Sample Entropy,Correlation Dimension
PO3,cD2,0.4350803104642248,0.449224610074103,0.0004582087198890903,2.076978756672604,8.086260768441822e-16
