Electrode,Band,Hurst,DFA,Lyapunov,Sample Entropy,Correlation Dimension
PO3,cD4,0.4057779612666619,0.4099821378788538,0.0056020649996669425,2.020634695260365,-1.3830995533754772e-16
