Electrode,Band,Hurst,DFA,Lyapunov,Sample Entropy,Correlation Dimension
F3,cD3,0.47005631316447766,0.5056663331906144,6.804610743630184e-05,2.163844120094872,1.0746521656207062e-15
