Electrode,Band,Hurst,DFA,Lyapunov,Sample Entropy,Correlation Dimension
Fp1,cA5,0.6713820811463267,1.0795076169517706,0.048102178788722784,0.7996529194412074,0.006007257239676409
