Electrode,Band,Hurst,DFA,Lyapunov,Sample Entropy,Correlation Dimension
Fp2,cD4,0.44325300354744446,0.439529627523832,0.009050933709485665,1.6795740021261567,-1.0998871565604329e-15
