Electrode,Band,Hurst,DFA,Lyapunov,Sample Entropy,Correlation Dimension
F3,cD1,0.2680764127631434,0.23277159054475036,0.010567218273669984,1.541355777002169,3.446484021737712e-15
