Electrode,Band,Hurst,DFA,Lyapunov,Sample Entropy,Correlation Dimension
P4,cD4,0.413905561686026,0.40002539046974955,0.0042633923617274505,1.9732636986369105,-1.0915414950528377e-16
