Electrode,Band,Hurst,DFA,Lyapunov,Sample Entropy,Correlation Dimension
F3,cD2,0.4555201407346867,0.4511328649623927,-0.0003072449655248924,2.055918953603778,1.709052225322443e-15
