Electrode,Band,Hurst,DFA,Lyapunov,Sample Entropy,Correlation Dimension
F4,cD5,0.4080010133475771,0.3891455591118294,0.016046474029968217,1.986720188931488,8.18878536677768e-16
