Electrode,Band,Hurst,DFA,Lyapunov,Sample Entropy,Correlation Dimension
Fp1,cD5,0.3144949947103598,0.29646907498794484,0.025811715178437552,1.585663153322186,4.606631487676142e-16
