Electrode,Band,Hurst,DFA,Lyapunov,Sample Entropy,Correlation Dimension
C4,cD4,0.3765105685367827,0.38208357914160695,0.004712572964754969,2.045847152856163,3.2983491776071285e-17
