Electrode,Band,Hurst,DFA,Lyapunov,Sample Entropy,Correlation Dimension
C4,cD3,0.4389324070977521,0.41555268404455403,0.0004921248464872813,2.0961833885336074,9.138173534142687e-16
