Electrode,Band,Hurst,DFA,Lyapunov,Sample Entropy,Correlation Dimension
C4,cD5,0.3616583470185875,0.3355499556800245,0.022772707946450296,1.8712046665103708,9.759258857420109e-16
