Electrode,Band,Hurst,DFA,Lyapunov,Sample Entropy,Correlation Dimension
C4,cA5,0.6675786853111287,0.8223445124180422,0.04301577124899271,1.7093708815359834,-2.4419043402354615e-16
