Electrode,Band,Approximate Entropy,Permutation Entropy,Sample Entropy,SVD Entropy
C4,cD1,2.004778112510847,2.5466574159026174,1.8877715631709582,1.4568008330898676
C4,cD2,2.1617979098005238,2.5689764275777898,2.1038438626055127,1.5444582877471902
C4,cD3,2.108021326786588,2.568896680856551,2.0961833885336074,1.5451171674279949
C4,cD4,1.970401251531122,2.5766121027803925,2.045847152856163,1.5415678327262257
C4,cD5,1.7115784649539405,2.5733902028003444,1.8712046665103708,1.4972348589540436
C4,cA5,1.4876266882452391,2.5680215442628,1.7093708815359834,1.442601635132002
