Electrode,Band,Hurst,DFA,Lyapunov,Sample Entropy,Correlation Dimension
C4,cD2,0.4475380768263856,0.4444756918405067,0.0021896882490674654,2.1038438626055127,2.546102042017562e-16
