Electrode,Band,Hurst,DFA,Lyapunov,Sample Entropy,Correlation Dimension
C4,cD1,0.35034665602284754,0.3139770830017885,0.005120632865212297,1.8877715631709582,-4.43584021800868e-15
