Electrode,Band,Hurst,DFA,Lyapunov,Sample Entropy,Correlation Dimension,Approximate Entropy,Permutation Entropy,Sample Entropy,SVD Entropy
C4,cA5,0.6675786853111287,0.8223445124180422,0.0430157712489927,1.7093708815359834,-2.441904340235461e-16,1.4876266882452391,2.5680215442628,1.7093708815359834,1.442601635132002
C4,cD1,0.3503466560228475,0.3139770830017885,0.0051206328652122,1.8877715631709584,-4.435840218008681e-15,2.004778112510847,2.5466574159026174,1.8877715631709584,1.4568008330898676
C4,cD2,0.4475380768263856,0.4444756918405067,0.0021896882490674,2.1038438626055127,2.546102042017562e-16,2.161797909800524,2.5689764275777898,2.1038438626055127,1.5444582877471902
C4,cD3,0.4389324070977521,0.415552684044554,0.0004921248464872,2.0961833885336074,9.138173534142689e-16,2.108021326786588,2.568896680856551,2.0961833885336074,1.5451171674279949
C4,cD4,0.3765105685367827,0.3820835791416069,0.0047125729647549,2.045847152856163,3.2983491776071285e-17,1.970401251531122,2.5766121027803925,2.045847152856163,1.5415678327262257
C4,cD5,0.3616583470185875,0.3355499556800245,0.0227727079464502,1.8712046665103708,9.759258857420109e-16,1.7115784649539405,2.5733902028003444,1.8712046665103708,1.4972348589540436
