Electrode,Band,Hurst,DFA,Lyapunov,Sample Entropy,Correlation Dimension
Fp2,cA5,0.599115352318532,0.7194926887824852,0.007582638480446212,2.0031876459558373,-3.168630668001691e-16
