Electrode,Band,Hurst,DFA,Lyapunov,Sample Entropy,Correlation Dimension
C3,cD1,0.3346772251955199,0.3091716520771889,0.00450063185258305,1.7630252500411596,2.066113560596847e-15
