Electrode,Band,Hurst,DFA,Lyapunov,Sample Entropy,Correlation Dimension
C4,cD5,0.4496280526970911,0.42639927375925857,0.0013638525298146236,2.0231808886696943,9.288332574125052e-16
