Electrode,Band,Hurst,DFA,Lyapunov,Sample Entropy,Correlation Dimension
Fp2,cD2,0.4797457740412256,0.4665801703064223,0.0007173422611119426,2.1078139392597337,-6.402005220745999e-16
