Electrode,Band,Hurst,DFA,Lyapunov,Sample Entropy,Correlation Dimension
PO3,cD3,0.4473638410373318,0.4563491415445596,0.0023386695168235716,2.128822696687675,9.479293790826653e-16
