Electrode,Band,Hurst,DFA,Lyapunov,Sample Entropy,Correlation Dimension
Fp1,cA5,0.6444662524854313,0.8303642118792036,-0.000951847885594092,1.9171275512134167,-4.1634391461506424e-16
