Electrode,Band,Hurst,DFA,Lyapunov,Sample Entropy,Correlation Dimension
Fp1,cD5,0.4457791769229044,0.4554536593812817,-0.0009538997303355467,2.047068649030585,7.067800343444491e-16
