Electrode,Band,Hurst,DFA,Lyapunov,Sample Entropy,Correlation Dimension
Fp2,cD1,0.3474993042598148,0.30040905861224293,0.006176133589310554,1.8736929766245178,4.893443119244456e-16
