Electrode,Band,Hurst,DFA,Lyapunov,Sample Entropy,Correlation Dimension
P4,cD2,0.4466188753861436,0.4188130980934075,0.0006758718779591016,2.1030696995476754,-1.6925365008444761e-15
