Electrode,Band,Hurst,DFA,Lyapunov,Sample Entropy,Correlation Dimension
Fp1,cD3,0.4495898383248559,0.4650877643043807,0.004068938168612445,2.132316138554018,8.852461690503943e-16
