Electrode,Band,Hurst,DFA,Lyapunov,Sample Entropy,Correlation Dimension
F3,cD5,0.44588289938551273,0.48290942610246,-0.004741645581794956,2.0410181069008373,8.609138697302504e-16
