Electrode,Band,Hurst,DFA,Lyapunov,Sample Entropy,Correlation Dimension
Fp1,cD4,0.4324870610139776,0.43968744380922115,-8.485967462758609e-05,2.089507901830344,1.587672100159532e-17
