Electrode,Band,Hurst,DFA,Lyapunov,Sample Entropy,Correlation Dimension
C3,cD5,0.45248208034666454,0.4491902692323749,0.0009833653767899282,2.0926774321317296,7.75675412542843e-16
