Electrode,Band,Hurst,DFA,Lyapunov,Sample Entropy,Correlation Dimension
P4,cD3,0.474673742341704,0.4778911438635797,0.0011788801713420126,2.143649323019425,2.6091142622247675e-15
