Electrode,Band,Hurst,DFA,Lyapunov,Sample Entropy,Correlation Dimension
P4,cD4,0.5021748338892733,0.5042454037992169,-0.0009236075661402083,2.1312445312928814,5.777052952752865e-17
