Electrode,Band,Hurst,DFA,Lyapunov,Sample Entropy,Correlation Dimension
C4,cA5,0.41129731753264887,0.5538478615567247,0.011495459928351005,1.8366182487771154,-5.103986955055995e-16
