Electrode,Band,Hurst,DFA,Lyapunov,Sample Entropy,Correlation Dimension
PO3,cA5,0.35615049043672964,0.6929846520808006,0.019316449099624267,2.0133650657186326,-3.142995669183292e-16
