Electrode,Band,Hurst,DFA,Lyapunov,Sample Entropy,Correlation Dimension
C3,cD3,0.45932429026741733,0.5012944541394023,0.004164981842040957,2.1783379197115105,8.256481582776429e-16
