Electrode,Band,Hurst,DFA,Lyapunov,Sample Entropy,Correlation Dimension
Fp1,cD2,0.4587150319107993,0.46144787204160315,0.0032276413657450985,2.104870361378097,1.5202042090805857e-15
