Electrode,Band,Hurst,DFA,Lyapunov,Sample Entropy,Correlation Dimension
C4,cD3,0.4861722591256266,0.5222913142278391,-0.0007704127918593932,2.170251709811893,8.865131837733588e-16
