Electrode,Band,Hurst,DFA,Lyapunov,Sample Entropy,Correlation Dimension
F4,cD3,0.47438678180026184,0.4796296470728606,-0.0001382249774356686,2.1601744005027887,7.386356593164278e-16
