Electrode,Band,Hurst,DFA,Lyapunov,Sample Entropy,Correlation Dimension
F4,cD2,0.45152723558531005,0.4601409164568335,-7.048520174926711e-05,2.125653076645411,-1.5369863750820319e-15
