Electrode,Band,Hurst,DFA,Lyapunov,Sample Entropy,Correlation Dimension
PO3,cD1,0.343035353353009,0.31756875116183175,0.0012110912438596255,1.894852811179055,7.558959656033204e-17
