Electrode,Band,Hurst,DFA,Lyapunov,Sample Entropy,Correlation Dimension
F3,cD4,0.4623872327266145,0.4818125483322265,-0.0016326037320225429,2.158488238413494,2.292034063879912e-17
