Electrode,Band,Hurst,DFA,Lyapunov,Sample Entropy,Correlation Dimension
P4,cD5,0.418711842992167,0.4238354092539162,0.0007369735024191492,2.0933441321731894,9.177031004997942e-16
