Electrode,Band,Hurst,DFA,Lyapunov,Sample Entropy,Correlation Dimension
C4,cD1,0.33088997615895566,0.2990021664429161,0.010537432732983186,1.802557248183507,3.5903084141784795e-15
