Electrode,Band,Hurst,DFA,Lyapunov,Sample Entropy,Correlation Dimension
Fp2,cD5,0.4495844874559008,0.455707672454141,-0.0011717189442029853,2.009211940880153,8.638052866173491e-16
