Electrode,Band,Hurst,DFA,Lyapunov,Sample Entropy,Correlation Dimension
C3,cA5,0.5960612830713412,0.7323208714162842,0.02360894297071087,1.9158121178980339,-5.442655925251617e-16
