Electrode,Band,Hurst,DFA,Lyapunov,Sample Entropy,Correlation Dimension
F4,cD1,0.3471211536784237,0.32137260956180874,0.004859638214111408,1.8741198633127094,1.2639803300392123e-15
