Electrode,Band,Hurst,DFA,Lyapunov,Sample Entropy,Correlation Dimension
Fp2,cD4,0.4709236994469654,0.43029819479600395,0.0029858762567692545,2.1129703227585117,-8.514719612895915e-17
