Electrode,Band,Hurst,DFA,Lyapunov,Sample Entropy,Correlation Dimension
P4,cA5,0.5879123659226078,0.6385652320925078,0.017216907752739784,1.8795901826010872,-7.324399792526511e-16
