Electrode,Band,Hurst,DFA,Lyapunov,Sample Entropy,Correlation Dimension
F3,cA5,0.6498167873971324,0.8219764685646961,0.00382286418567982,1.9475728724670978,-3.0474431952696765e-16
