Electrode,Band,Hurst,DFA,Lyapunov,Sample Entropy,Correlation Dimension
C3,cD4,0.4415605782206275,0.4704050320125665,0.00036217660614928877,2.158001836050716,-7.080808921613744e-17
