Electrode,Band,Hurst,DFA,Lyapunov,Sample Entropy,Correlation Dimension
C3,cD2,0.45294737685564673,0.44538762508128804,-0.0006558447173150839,2.105632040648211,9.1041409810271e-16
