Electrode,Band,Hurst,DFA,Lyapunov,Sample Entropy,Correlation Dimension
C4,cD4,0.4516755660289999,0.4867480927042478,-0.00020152583266832473,2.153920837751005,-1.8844110635640594e-17
