Electrode,Band,Hurst,DFA,Lyapunov,Sample Entropy,Correlation Dimension
F3,cD2,0.4730254293106464,0.45875212478365335,-0.00022262226451579597,2.1276323051573507,9.507785258595368e-16
