Electrode,Band,Hurst,DFA,Lyapunov,Sample Entropy,Correlation Dimension
F3,cD3,0.48279559527706667,0.5253508717503028,0.0010729125051784389,2.190624598803346,-1.6991638198484355e-15
