Electrode,Band,Hurst,DFA,Lyapunov,Sample Entropy,Correlation Dimension
Fp1,cD1,0.3573680090713032,0.3050237190294596,0.01036405117712279,1.8780498848324674,1.7017306887226496e-16
