Electrode,Band,Hurst,DFA,Lyapunov,Sample Entropy,Correlation Dimension
F4,cA5,0.6001040057328941,0.7474487333280169,0.011681373302753487,2.0509730013681824,-4.896476656227381e-16
