Electrode,Band,Hurst,DFA,Lyapunov,Sample Entropy,Correlation Dimension
F3,cD1,0.3381505240701173,0.2737031575947939,0.010652274092303486,1.779397891298743,1.3569233771779364e-16
