Electrode,Band,Hurst,DFA,Lyapunov,Sample Entropy,Correlation Dimension
PO3,cD2,0.4494289503113633,0.44107993887805236,0.0009076783151333583,2.119153474249055,8.853404751972222e-16
