Electrode,Band,Hurst,DFA,Lyapunov,Sample Entropy,Correlation Dimension
P4,cD1,0.3359650705213727,0.310275896050381,0.005595571344548684,1.876735740042548,6.988150982049992e-17
