Electrode,Band,Hurst,DFA,Lyapunov,Sample Entropy,Correlation Dimension
PO3,cD4,0.4393396932091596,0.44645611054371653,0.00033474546490277335,2.1297514504282757,-1.9073435689040094e-17
