Electrode,Band,Hurst,DFA,Lyapunov,Sample Entropy,Correlation Dimension
PO3,cD5,0.4210813845291479,0.4410983032395913,0.014206424534255916,2.11183173888361,6.338419440987754e-16
