Electrode,Band,Hurst,DFA,Lyapunov,Sample Entropy,Correlation Dimension
F4,cD5,0.458631371431011,0.4475467384423113,0.002169990539550671,2.1034747411239922,7.258272288762185e-16
