Electrode,Band,Hurst,DFA,Lyapunov,Sample Entropy,Correlation Dimension
F4,cD4,0.41652153682580995,0.4395305903077858,-0.0004647226044627465,2.123447324748424,1.681387487941298e-16
