Electrode,Band,Hurst,DFA,Lyapunov,Sample Entropy,Correlation Dimension
Fp2,cD3,0.4490760616712165,0.46846494698719826,0.0009213071880918572,2.1295200848307663,-9.55929331061187e-16
