Electrode,Band,Hurst,DFA,Lyapunov,Sample Entropy,Correlation Dimension
C4,cD2,0.43971174925691847,0.4347871095280224,0.0032199079340154042,2.0974913681750995,-8.523928330091643e-16
