Electrode,Band,Hurst,DFA,Lyapunov,Sample Entropy,Correlation Dimension
F3,cA5,0.4261345008548094,0.7923242328236539,0.01468909965766689,2.0473954898096896,-2.765353492437927e-16
