Electrode,Band,Hurst,DFA,Lyapunov,Sample Entropy,Correlation Dimension
PO3,cA5,0.3824332656329861,0.47225312361878713,0.009438445351340228,1.982391526521733,-3.643639229416009e-16
