Electrode,Band,Hurst,DFA,Lyapunov,Sample Entropy,Correlation Dimension
P4,cA5,0.33894253710616973,0.4322123305579534,0.028824520111084113,1.953337095623986,1.9871234062828894e-15
