Electrode,Band,Hurst,DFA,Lyapunov,Sample Entropy,Correlation Dimension
Fp1,cD4,0.3952246297539657,0.3509099120842514,0.004469316655939187,2.0636872133539117,2.5624259492257904e-17
