Electrode,Band,Hurst,DFA,Lyapunov,Sample Entropy,Correlation Dimension
F4,cD5,0.4257812447366933,0.3909765600682508,0.008977720376590642,1.8169117302245863,7.408625307223628e-16
