Electrode,Band,Hurst,DFA,Lyapunov,Sample Entropy,Correlation Dimension
Fp1,cD3,0.47162629789099975,0.4573200179627931,0.0005766088312322505,2.1244695665801303,9.481686519093578e-16
