Electrode,Band,Hurst,DFA,Lyapunov,Sample Entropy,Correlation Dimension
Fp2,cD5,0.36514218380460883,0.3532057552993967,0.008286866274747158,1.745319667765044,7.800871736226086e-16
