Electrode,Band,Hurst,DFA,Lyapunov,Sample Entropy,Correlation Dimension
P4,cD1,0.38447008148705597,0.3469191921408743,0.010840357582464141,1.78279584077605,3.2080345801446686e-15
