Electrode,Band,Hurst,DFA,Lyapunov,Sample Entropy,Correlation Dimension
C3,cA5,0.4855089504116713,0.732687907806911,0.016205363221221524,1.8509382578895957,-3.541730728986794e-16
