Electrode,Band,Hurst,DFA,Lyapunov,Sample Entropy,Correlation Dimension
F4,cA5,0.6371105835355518,0.7496265613078015,0.0010199228922525667,1.9609192125430888,-5.582506393471782e-16
