Electrode,Band,Hurst,DFA,Lyapunov,Sample Entropy,Correlation Dimension
Fp2,cD3,0.47352893001765073,0.47356812452313385,0.002611116929487757,2.111279910778093,8.624048697579864e-16
