Electrode,Band,Hurst,DFA,Lyapunov,Sample Entropy,Correlation Dimension
C4,cD4,0.33782482321113627,0.31093086885827853,0.0017141053170863622,1.9135242171905327,9.347385675507077e-16
