Electrode,Band,Hurst,DFA,Lyapunov,Sample Entropy,Correlation Dimension
Fp2,cD1,0.3672850698386102,0.3454341105647682,0.0015828623916163834,1.782501530165065,1.368899705198086e-15
