Electrode,Band,Hurst,DFA,Lyapunov,Sample Entropy,Correlation Dimension
PO3,cD1,0.38808785183126354,0.3243775873095411,0.010589023386292648,1.7521664564026265,-4.502484977979931e-15
