Electrode,Band,Hurst,DFA,Lyapunov,Sample Entropy,Correlation Dimension
Fp1,cD1,0.37604477403013314,0.36026263379263873,0.004260357943448103,1.788228884117647,-4.383823944683551e-15
