Electrode,Band,Hurst,DFA,Lyapunov,Sample Entropy,Correlation Dimension
PO3,cD4,0.34899471423864414,0.29813873413697406,0.005084393241188562,1.9274288592904218,-2.549763714872161e-16
