Electrode,Band,Hurst,DFA,Lyapunov,Sample Entropy,Correlation Dimension
P4,cD3,0.45587339005786615,0.4258835700694613,0.0005597548051316988,2.064318572157506,9.16358084186781e-16
