Electrode,Band,Hurst,DFA,Lyapunov,Sample Entropy,Correlation Dimension
Fp1,cD5,0.36629263464011896,0.33782734254274643,0.01115429151308343,1.7586869981607263,9.4622275822005e-16
