Electrode,Band,Hurst,DFA,Lyapunov,Sample Entropy,Correlation Dimension
F3,cD5,0.35848369481011155,0.348160876433476,0.011629694158380522,1.8701849669984345,9.420147562706767e-16
