Electrode,Band,Hurst,DFA,Lyapunov,Sample Entropy,Correlation Dimension
Fp2,cD2,0.459215972632452,0.4533738053610383,-0.0009601824211352335,2.014617154246336,2.129222022315929e-15
