Electrode,Band,Hurst,DFA,Lyapunov,Sample Entropy,Correlation Dimension
C4,cA5,0.5331591741460078,0.6149914696393021,0.01246903792852409,2.0574349949992023,-2.599420560684433e-16
