Electrode,Band,Hurst,DFA,Lyapunov,Sample Entropy,Correlation Dimension
C3,cD2,0.46635008193209077,0.488699943849113,-8.71022542323559e-05,1.6063759590372009,6.131378363840222e-15
