Electrode,Band,Hurst,DFA,Lyapunov,Sample Entropy,Correlation Dimension
F4,cD1,0.34585239898466347,0.32092249815497587,0.004779442873867456,1.7481121795885302,2.5178567477771044e-15
