Electrode,Band,Hurst,DFA,Lyapunov,Sample Entropy,Correlation Dimension
C3,cD1,0.3291629454801115,0.28175126643116133,0.004517260464754862,1.0601516027086635,0.01573172744325788
