Electrode,Band,Hurst,DFA,Lyapunov,Sample Entropy,Correlation Dimension
C4,cD5,0.4071828964043269,0.41774429111397854,0.009337562744384983,2.000107199836019,6.538371439850563e-16
