Electrode,Band,Hurst,DFA,Lyapunov,Sample Entropy,Correlation Dimension
PO3,cD3,0.44488766989313294,0.4514445888337766,0.0006280321063413442,2.099909663936947,7.299352286319907e-16
