Electrode,Band,Hurst,DFA,Lyapunov,Sample Entropy,Correlation Dimension
C3,cD5,0.3687254799389915,0.3713798169152514,-0.00035520611387302185,1.8990935568324567,8.410983786984372e-16
