Electrode,Band,Hurst,DFA,Lyapunov,Sample Entropy,Correlation Dimension
F3,cD2,0.4792124368565815,0.49144065694860434,1.8888531308718395e-05,1.97855688666116,2.1985264768864773e-15
