Electrode,Band,Hurst,DFA,Lyapunov,Sample Entropy,Correlation Dimension
Fp1,cD2,0.47961209049867415,0.4884953023770798,-0.0001905325687293732,2.081964887188115,3.843242270766105e-15
