Electrode,Band,Hurst,DFA,Lyapunov,Sample Entropy,Correlation Dimension
Fp2,cD4,0.3635480296344866,0.33747122764622495,0.0012553359522962263,2.0426358183784346,5.678568258709108e-17
