Electrode,Band,Hurst,DFA,Lyapunov,Sample Entropy,Correlation Dimension
C3,cD4,0.3369716979100654,0.3491783242998657,0.009080293295267225,1.9669605712302665,9.981086896468893e-16
