Electrode,Band,Hurst,DFA,Lyapunov,Sample Entropy,Correlation Dimension
F3,cD3,0.4614213821597205,0.45416790629788867,0.0014762011441315308,2.09481843360077,8.278295399541779e-16
