Electrode,Band,Hurst,DFA,Lyapunov,Sample Entropy,Correlation Dimension
C4,cD1,0.35414396239642243,0.3137760134680152,0.010694217681884674,1.677883738332094,-1.4339919034847464e-15
