Electrode,Band,Hurst,DFA,Lyapunov,Sample Entropy,Correlation Dimension
PO3,cD5,0.3801520175180804,0.32630289489330655,0.006568388505415227,1.676330966237459,-3.5012827034031834e-16
