Electrode,Band,Hurst,DFA,Lyapunov,Sample Entropy,Correlation Dimension
P4,cD2,0.4708064346466645,0.4786637130746535,-4.634279193321833e-05,2.093958000409179,1.6660263220279033e-15
