Electrode,Band,Hurst,DFA,Lyapunov,Sample Entropy,Correlation Dimension
Fp2,cA5,0.7097613489518431,0.8358193497714234,0.00540458505803912,1.8727285317617222,-2.597901809225047e-16
