Electrode,Band,Hurst,DFA,Lyapunov,Sample Entropy,Correlation Dimension
C4,cD2,0.4488422523407551,0.4838544875294852,-4.311763879058066e-05,2.0372013422658264,-6.800222717507028e-16
