Electrode,Band,Hurst,DFA,Lyapunov,Sample Entropy,Correlation Dimension
Fp1,cA5,0.5956894138684921,0.7631780217978053,0.003089254552667724,1.9591856930755693,-5.392192004908897e-16
