Electrode,Band,Hurst,DFA,Lyapunov,Sample Entropy,Correlation Dimension
P4,cD4,0.30446661017004867,0.27127832099871935,0.010778046988107538,1.8963947610109668,-2.3184233469571738e-17
