Electrode,Band,Hurst,DFA,Lyapunov,Sample Entropy,Correlation Dimension
PO3,cD2,0.4790762976451761,0.47005914339881816,0.00014692942301404538,2.081693956164822,-1.6961068013679093e-15
