Electrode,Band,Hurst,DFA,Lyapunov,Sample Entropy,Correlation Dimension
F4,cD4,0.39535490252949446,0.3442760548282022,0.004462901028720084,2.0044704601599963,-1.412052801029327e-16
