Electrode,Band,Hurst,DFA,Lyapunov,Sample Entropy,Correlation Dimension
F3,cD4,0.4082777034648259,0.3867491702943016,0.0030407472090289134,2.0206811118472885,1.1428999375998666e-16
