Electrode,Band,Hurst,DFA,Lyapunov,Sample Entropy,Correlation Dimension
F4,cD3,0.4892288506390335,0.47963510376210394,0.00031399004387146266,2.1413912201468315,7.017598815121757e-16
