Electrode,Band,Hurst,DFA,Lyapunov,Sample Entropy,Correlation Dimension
F4,cD2,0.4585679047900259,0.46860936789721686,-0.000675108938506571,2.0847733810190507,1.457521189279981e-15
