Electrode,Band,Hurst,DFA,Lyapunov,Sample Entropy,Correlation Dimension
F3,cD1,0.3714168932983958,0.3479530294128865,0.004937397349964487,1.611337266960542,4.483914376480906e-15
