Electrode,Band,Hurst,DFA,Lyapunov,Sample Entropy,Correlation Dimension
C4,cD3,0.4311507242508735,0.4187294062247339,0.005057404258034518,2.0389389875095123,7.676987242449329e-16
