Electrode,Band,Hurst,DFA,Lyapunov,Sample Entropy,Correlation Dimension
C3,cD3,0.4975166791525582,0.4868323274203371,-0.000259058403246614,1.9206930879719966,3.843818691064806e-15
