Electrode,Band,Hurst,DFA,Lyapunov,Sample Entropy,Correlation Dimension
P4,cD5,0.367644494667671,0.3139820451594966,0.0010641329216232456,1.726894630580654,4.535892114183032e-16
