Electrode,Band,Hurst,DFA,Lyapunov,Sample Entropy,Correlation Dimension
P4,cD3,0.3815524831543523,0.35679891409444037,0.008841177800318806,1.9694421586933821,-1.1363371286429241e-15
