Electrode,Band,Hurst,DFA,Lyapunov,Sample Entropy,Correlation Dimension
F4,cD5,0.47797020263330314,0.5332889901845882,0.006016263094815274,1.9912515324603037,-5.942616275555568e-16
