Electrode,Band,Hurst,DFA,Lyapunov,Sample Entropy,Correlation Dimension
PO3,cD1,0.3586700764553419,0.3284478970606939,0.00448092547329955,1.8006939978581056,1.264789148973654e-15
