Electrode,Band,Hurst,DFA,Lyapunov,Sample Entropy,Correlation Dimension
Fp1,cD2,0.44240672379074036,0.4346711206440588,0.0005114988847207322,1.897639379327209,2.008708619389822e-15
