Electrode,Band,Hurst,DFA,Lyapunov,Sample Entropy,Correlation Dimension
Fp1,cD1,0.365230928508118,0.32077141001627424,0.0021041465528078827,1.7632760637837055,-1.5683445866595408e-15
