Electrode,Band,Hurst,DFA,Lyapunov,Sample Entropy,Correlation Dimension
Fp2,cD3,0.4354534460534616,0.4344929559838702,0.0009536396373400331,1.927384208005642,-8.131823000973511e-16
