Electrode,Band,Hurst,DFA,Lyapunov,Sample Entropy,Correlation Dimension
Fp2,cD2,0.4374348995222666,0.4218807579477395,0.0036456281488589544,1.887604139791231,2.6651357205438416e-15
