Electrode,Band,Hurst,DFA,Lyapunov,Sample Entropy,Correlation Dimension
C4,cD4,0.3241075963854424,0.29533841073881284,0.01021389527754334,1.9635384561394595,-9.921042799926771e-16
