Electrode,Band,Hurst,DFA,Lyapunov,Sample Entropy,Correlation Dimension
Fp1,cD3,0.40164837954430954,0.41392924359243666,0.004443940249356348,1.9599229239772549,1.3837686730548696e-15
