Electrode,Band,Hurst,DFA,Lyapunov,Sample Entropy,Correlation Dimension
C4,cD1,0.36335095957955943,0.34263024930394054,0.00446597879583165,1.8865980357473315,1.6511521915849018e-15
