Electrode,Band,Hurst,DFA,Lyapunov,Sample Entropy,Correlation Dimension
P4,cD1,0.37502119861382077,0.3382182552186938,0.010432042988791227,1.8907430012490378,1.491063311501374e-15
