Electrode,Band,Hurst,DFA,Lyapunov,Sample Entropy,Correlation Dimension
F4,cD4,0.3611494054571745,0.31625518724411067,-0.00020353143865395765,1.969505859745563,-1.1039228702222313e-16
