Electrode,Band,Hurst,DFA,Lyapunov,Sample Entropy,Correlation Dimension
P4,cD5,0.4744347635200801,0.5067157624888768,0.00717852332375256,1.9419407845121175,4.858112836629772e-16
