Electrode,Band,Hurst,DFA,Lyapunov,Sample Entropy,Correlation Dimension
F3,cD4,0.3515938464527939,0.32345210965581483,0.015232202660946463,2.0170845393841916,-6.049829366097408e-17
