Electrode,Band,Hurst,DFA,Lyapunov,Sample Entropy,Correlation Dimension
Fp2,cD4,0.36203291395789605,0.3429430607657638,0.0013601881085018156,1.9705744334350344,1.7774284395457e-16
