Electrode,Band,Hurst,DFA,Lyapunov,Sample Entropy,Correlation Dimension
PO3,cD3,0.3904348067082618,0.35869704835132604,0.004014240611682959,1.9322920308164062,2.8268277848111304e-15
