Electrode,Band,Hurst,DFA,Lyapunov,Sample Entropy,Correlation Dimension
F4,cD3,0.38122242192101097,0.36612405822935645,0.0016345226403440992,1.9194675214006673,-1.0806430472098711e-15
