Electrode,Band,Hurst,DFA,Lyapunov,Sample Entropy,Correlation Dimension
Fp2,cD5,0.4767857298603758,0.4964001036241847,0.004102594202215105,2.024371226644844,7.425037262595827e-16
