Electrode,Band,Hurst,DFA,Lyapunov,Sample Entropy,Correlation Dimension
F4,cA5,0.3988580267121874,0.5296433335758466,0.007004751192106647,2.091943708048552,-4.76016892769612e-16
