Electrode,Band,Hurst,DFA,Lyapunov,Sample Entropy,Correlation Dimension
PO3,cD4,0.32450458988263686,0.29379773903136874,0.005766660516912225,1.9128185660646613,5.077484527062322e-17
