Electrode,Band,Hurst,DFA,Lyapunov,Sample Entropy,Correlation Dimension
F3,cD2,0.4488742729478153,0.456947294246154,0.003864349018443762,1.9899740278320666,-4.547096692022822e-18
