Electrode,Band,Hurst,DFA,Lyapunov,Sample Entropy,Correlation Dimension
C4,cD3,0.3804542844772214,0.34908208018009823,0.004627383839000314,1.9115438673369747,2.9256959183227426e-15
