Electrode,Band,Hurst,DFA,Lyapunov,Sample Entropy,Correlation Dimension
C4,cD2,0.42961442143222206,0.42482137256998603,-0.0008480707804363474,2.0216051977607616,-5.765634523184626e-18
