Electrode,Band,Hurst,DFA,Lyapunov,Sample Entropy,Correlation Dimension
F3,cD1,0.3483010159296061,0.350338306840772,-0.00034306266091086883,1.7197050513210905,0.00010938533515253235
