Electrode,Band,Hurst,DFA,Lyapunov,Sample Entropy,Correlation Dimension
C4,cD5,0.5033775670725713,0.5205737480541734,0.010005123965390463,1.9961674888481133,8.627388639635921e-16
