Electrode,Band,Hurst,DFA,Lyapunov,Sample Entropy,Correlation Dimension
C3,cD1,0.3671918618455422,0.33919774558494603,0.0007674303921782633,1.8790560173341577,4.712087024499939e-15
