Electrode,Band,Hurst,DFA,Lyapunov,Sample Entropy,Correlation Dimension
C3,cD4,0.33373414512571,0.31634514370930733,0.002918607538396595,1.968477400341307,-1.0108939421945193e-17
