Electrode,Band,Hurst,DFA,Lyapunov,Sample Entropy,Correlation Dimension
C3,cD5,0.5151540458488931,0.5160178041678682,0.009445886625314013,2.0557863701124135,1.0613165986784261e-15
