Electrode,Band,Hurst,DFA,Lyapunov,Sample Entropy,Correlation Dimension
F3,cD3,0.4323962933328187,0.3937391743297452,0.008876807206160856,1.9365554610710103,-1.8798446794661433e-15
