Electrode,Band,Hurst,DFA,Lyapunov,Sample Entropy,Correlation Dimension
PO3,cA5,0.3897007569694517,0.4998770828737104,0.0010406089551520756,2.0607075056731095,-2.4019945218717567e-16
