Electrode,Band,Hurst,DFA,Lyapunov,Sample Entropy,Correlation Dimension
C3,cA5,0.46206508374832,0.5125542676664443,0.020429170154049565,2.093699722306892,-5.160865371506602e-16
