Electrode,Band,Hurst,DFA,Lyapunov,Sample Entropy,Correlation Dimension
F3,cD5,0.4903039313407482,0.5270297676467118,0.00824971510616537,2.05152795708584,9.587142491564424e-16
