Electrode,Band,Hurst,DFA,Lyapunov,Sample Entropy,Correlation Dimension
F4,cD1,0.3585629495381467,0.3459821509620866,0.003927282853559568,1.8175107347480712,4.507380513386379e-15
