Electrode,Band,Hurst,DFA,Lyapunov,Sample Entropy,Correlation Dimension
C3,cD3,0.4105670181899794,0.37623963401693145,0.0013169144139140345,1.94613050330807,3.0204932812583954e-15
