Electrode,Band,Hurst,DFA,Lyapunov,Sample Entropy,Correlation Dimension
PO3,cD2,0.4375808775109461,0.4450583072180058,5.0851070519257065e-05,1.9125976755484806,9.960900279191368e-16
