Electrode,Band,Hurst,DFA,Lyapunov,Sample Entropy,Correlation Dimension
F3,cA5,0.5169650380575421,0.538150602727629,0.008244837914313867,2.096222052575406,1.8969308882769425e-15
