Electrode,Band,Hurst,DFA,Lyapunov,Sample Entropy,Correlation Dimension
C3,cD2,0.45366471024793886,0.43007696596337963,0.0001012686527132586,2.0282524955894528,3.440265812523343e-16
