Electrode,Band,Hurst,DFA,Lyapunov,Sample Entropy,Correlation Dimension
P4,cD2,0.4325234847225936,0.41507091261306744,0.00032832983768291195,2.004247878611439,-6.308833853004274e-16
