Electrode,Band,Hurst,DFA,Lyapunov,Sample Entropy,Correlation Dimension
Fp1,cD5,0.4781991255076342,0.5067925025421524,0.003915015133944418,2.017367772234062,8.658394572025292e-16
