Electrode,Band,Hurst,DFA,Lyapunov,Sample Entropy,Correlation Dimension
Fp1,cD4,0.3780019954710218,0.3510013471069516,0.004065010764382263,1.994262411850009,-5.5073896310886037e-17
