Electrode,Band,Hurst,DFA,Lyapunov,Sample Entropy,Correlation Dimension
P4,cD4,0.33421237479254484,0.2890994044891441,0.00946479077105815,1.9082251797970156,1.8213713927842104e-15
