Electrode,Band,Hurst,DFA,Lyapunov,Sample Entropy,Correlation Dimension
PO3,cD5,0.4113525112739002,0.41069860492502763,0.05824511810973394,1.8722907683023309,4.4393278118832103e-16
