Electrode,Band,Hurst,DFA,Lyapunov,Sample Entropy,Correlation Dimension
Fp2,cD1,0.3604583088047204,0.33150050812380694,0.005456066131591864,1.7985352661648808,-7.919058010356032e-17
