Electrode,Band,Hurst,DFA,Lyapunov,Sample Entropy,Correlation Dimension
P4,cA5,0.44704746204109175,0.5834124578206106,0.014119802410495742,2.1146924911506355,-4.489766324132998e-16
