Electrode,Band,Hurst,DFA,Lyapunov,Sample Entropy,Correlation Dimension
Fp2,cA5,0.660076412586912,0.6684234368226836,0.011176652841635151,1.8984488887359352,1.8895482538431714e-15
