Electrode,Band,Hurst,DFA,Lyapunov,Sample Entropy,Correlation Dimension
F4,cD2,0.4338497010358908,0.4189736726050266,0.003354705463756393,1.8949701089414823,-2.3425870918304383e-16
