Electrode,Band,Hurst,DFA,Lyapunov,Sample Entropy,Correlation Dimension
Fp1,cA5,0.47849607961531365,0.7192780247443216,0.02290402031302692,1.9339963819294643,-5.090884895453036e-16
