Electrode,Band,Hurst,DFA,Lyapunov,Sample Entropy,Correlation Dimension
C4,cA5,0.36496333169914535,0.4528616463040912,0.013655887855278513,1.9936024977670297,2.3691455712091485e-15
