Electrode,Band,Hurst,DFA,Lyapunov,Sample Entropy,Correlation Dimension
C3,cD1,0.3449571805077045,0.3126957262118367,0.0018298987186313074,1.8348438590514535,2.9945500023877474e-16
