Electrode,Band,Hurst,DFA,Lyapunov,Sample Entropy,Correlation Dimension
C4,cD5,0.4705496188223408,0.4960879835283844,-0.0010930032441113847,2.1391447444458422,1.0670892802105991e-15
