Electrode,Band,Hurst,DFA,Lyapunov,Sample Entropy,Correlation Dimension
C4,cA5,0.4828320644103557,0.7377293884143372,0.015397506755787278,1.9746387750787546,-4.64041772274136e-16
