Electrode,Band,Hurst,DFA,Lyapunov,Sample Entropy,Correlation Dimension
C4,cD1,0.36432711358978165,0.3235389919576174,0.004473703557794899,1.8850872006427721,4.282501269560981e-15
