Electrode,Band,Hurst,DFA,Lyapunov,Sample Entropy,Correlation Dimension
F4,cD4,0.4686642823917708,0.49800984847680135,0.0054193496704097255,1.9725541288496231,-8.359967559227801e-16
