Electrode,Band,Hurst,DFA,Lyapunov,Sample Entropy,Correlation Dimension
C3,cD5,0.5053121238318508,0.521751359994574,0.0032328692349519574,2.0818365673543737,7.497141268771141e-16
