Electrode,Band,Hurst,DFA,Lyapunov,Sample Entropy,Correlation Dimension
C4,cD3,0.49458911766836994,0.46808055467637855,0.0010500878998722831,2.092005002762377,9.683953663488533e-16
