Electrode,Band,Hurst,DFA,Lyapunov,Sample Entropy,Correlation Dimension
F4,cA5,0.4175036325868053,0.8183503180786686,0.014278252669206579,1.6715994123712568,-1.5414369597629903e-15
