Electrode,Band,Hurst,DFA,Lyapunov,Sample Entropy,Correlation Dimension
F3,cD3,0.46779110889648895,0.5044950405503754,-0.0006345980095144729,1.8344394029959854,-5.731635742123461e-16
