Electrode,Band,Hurst,DFA,Lyapunov,Sample Entropy,Correlation Dimension
P4,cD3,0.465514973492709,0.4416344433738387,0.0038265748457475715,2.1470744580098273,3.9707236486844475e-15
