Electrode,Band,Hurst,DFA,Lyapunov,Sample Entropy,Correlation Dimension
P4,cD4,0.39139743988357656,0.3682022216637702,0.005400857058438051,2.005384295327804,-8.470685026210133e-17
