Electrode,Band,Hurst,DFA,Lyapunov,Sample Entropy,Correlation Dimension
F4,cD1,0.3540013304781025,0.2949559180155604,0.0011854691938921315,1.7210198181442669,1.725811955025172e-15
