Electrode,Band,Hurst,DFA,Lyapunov,Sample Entropy,Correlation Dimension
P4,cD1,0.3636985584412069,0.33196516755212074,0.005157271298495319,1.8811514678970496,1.3288673957958864e-15
