Electrode,Band,Hurst,DFA,Lyapunov,Sample Entropy,Correlation Dimension
PO3,cD2,0.4617852041064257,0.4436561202397468,-0.0004901250203450897,2.082667619918477,-1.892974300518061e-15
