Electrode,Band,Hurst,DFA,Lyapunov,Sample Entropy,Correlation Dimension
F4,cD2,0.4383214336620416,0.42814623221437226,-0.00016558098070586078,1.7944859519614424,-1.1438623237855896e-15
