Electrode,Band,Hurst,DFA,Lyapunov,Sample Entropy,Correlation Dimension
Fp1,cD5,0.5022141901693664,0.5777718380990983,0.001241920933578891,1.967329183262639,9.167641849632207e-16
