Electrode,Band,Hurst,DFA,Lyapunov,Sample Entropy,Correlation Dimension
F3,cD1,0.3344663081424305,0.2997423582697307,0.002115602204293785,1.5522451550266128,8.964015416463184e-05
