Electrode,Band,Hurst,DFA,Lyapunov,Sample Entropy,Correlation Dimension
Fp1,cA5,0.6312240450235287,0.8904373133719075,0.04761580990669428,0.7303402976629227,0.036278018436398766
