Electrode,Band,Hurst,DFA,Lyapunov,Sample Entropy,Correlation Dimension
PO3,cD5,0.4219986441895871,0.43390910577453906,0.010417408042854433,1.9470855058787286,8.442849647659324e-16
