Electrode,Band,Hurst,DFA,Lyapunov,Sample Entropy,Correlation Dimension
P4,cD2,0.44216421791100596,0.4421189816115986,0.0012923211762397697,2.1060994931468606,5.928149125144475e-17
