Electrode,Band,Hurst,DFA,Lyapunov,Sample Entropy,Correlation Dimension
P4,cD5,0.4316706379014863,0.42292657680452106,0.0012403892748283258,2.028777053969581,7.088211991409465e-16
