Electrode,Band,Hurst,DFA,Lyapunov,Sample Entropy,Correlation Dimension
F3,cD4,0.482528191619031,0.49058409973570805,0.0004509781346174032,2.0386401655623594,1.0394478163577297e-16
