Electrode,Band,Hurst,DFA,Lyapunov,Sample Entropy,Correlation Dimension
PO3,cA5,0.480694449252667,0.777433357754729,0.025163602828979365,1.6371351215826542,-6.942078407859776e-16
