Electrode,Band,Hurst,DFA,Lyapunov,Sample Entropy,Correlation Dimension
C3,cA5,0.46641130710904954,0.8157536116580651,0.016122666034070074,1.8828267575053912,-2.97751607489781e-16
