Electrode,Band,Hurst,DFA,Lyapunov,Sample Entropy,Correlation Dimension
F4,cD3,0.4605024645296226,0.452559968410061,0.003157968232125871,1.770066007695123,3.7448393362954986e-15
