Electrode,Band,Hurst,DFA,Lyapunov,Sample Entropy,Correlation Dimension
Fp1,cD2,0.3853345905243383,0.37661331234602,0.003789381547407396,1.6278848220136273,-4.9252447482516715e-15
