Electrode,Band,Hurst,DFA,Lyapunov,Sample Entropy,Correlation Dimension
Fp1,cD1,0.2975717145395963,0.250433366717749,0.00475694482976766,1.4992384049615004,0.0009349741473575951
