Electrode,Band,Hurst,DFA,Lyapunov,Sample Entropy,Correlation Dimension
C4,cD2,0.4320546115055773,0.43532747482029827,0.00025755564371680514,2.086100159358929,8.630443216420045e-16
