Electrode,Band,Hurst,DFA,Lyapunov,Sample Entropy,Correlation Dimension
PO3,cD3,0.48497175743767856,0.46251673485201933,0.002549058740789121,2.1124016197117736,9.284977432235184e-16
