Electrode,Band,Hurst,DFA,Lyapunov,Sample Entropy,Correlation Dimension
C3,cD4,0.4415666651571631,0.4278555707460753,0.0040429548783733485,2.080202750516166,1.1352817807955013e-17
