Electrode,Band,Hurst,DFA,Lyapunov,Sample Entropy,Correlation Dimension
C3,cD3,0.47358718379879816,0.46609169249238397,0.0013219833374024772,2.1273505715049525,8.466594583629817e-16
