Electrode,Band,Hurst,DFA,Lyapunov,Sample Entropy,Correlation Dimension
Fp1,cD4,0.5005340919183511,0.5618554375207769,0.004350176724520443,1.8074582354812907,3.508328013972617e-17
