Electrode,Band,Hurst,DFA,Lyapunov,Sample Entropy,Correlation Dimension
PO3,cD4,0.43003453822902193,0.4167718126170622,0.005018277601761962,2.022519099072747,-1.184345895614713e-16
