Electrode,Band,Hurst,DFA,Lyapunov,Sample Entropy,Correlation Dimension
F4,cD5,0.42483574646864614,0.46098482711662325,-0.0011714357318299122,2.1075440524551308,1.134863488887168e-15
