Electrode,Band,Hurst,DFA,Lyapunov,Sample Entropy,Correlation Dimension
Fp1,cD3,0.5143081309421934,0.4935771797747044,0.0007501139785300849,1.6701465016952066,0.004182972446781946
