Electrode,Band,Hurst,DFA,Lyapunov,Sample Entropy,Correlation Dimension
PO3,cD1,0.3566281325744257,0.32159160240434437,0.005919725244695346,1.8745681736037092,-6.243611689191052e-17
