Electrode,Band,Hurst,DFA,Lyapunov,Sample Entropy,Correlation Dimension
C4,cD4,0.47473924979885573,0.4532334373495122,0.001978293332186421,2.099662494110938,-7.269802614989878e-17
