Electrode,Band,Hurst,DFA,Lyapunov,Sample Entropy,Correlation Dimension
F3,cD5,0.540352571045149,0.5118268960439066,0.013922206188106249,2.1368176935100616,9.994664325691497e-16
