Electrode,Band,Hurst,DFA,Lyapunov,Sample Entropy,Correlation Dimension
F3,cD2,0.4354368567919828,0.4254653129770344,0.0035389900207520824,1.7937922071040657,2.07211705768389e-15
