Electrode,Band,Hurst,DFA,Lyapunov,Sample Entropy,Correlation Dimension
F3,cA5,0.6054182425052871,0.8707500009804334,0.04868385159239489,1.6494322364996943,-5.53973733122237e-16
