Electrode,Band,Hurst,DFA,Lyapunov,Sample Entropy,Correlation Dimension
C3,cD2,0.426534343081691,0.4427803264140237,0.002846891229803005,2.062526876912518,9.38555309749488e-16
