Electrode,Band,Hurst,DFA,Lyapunov,Sample Entropy,Correlation Dimension
P4,cA5,0.5636262525820088,0.7639737888233904,0.0017344648187808639,1.8246553984758893,-1.9693101408223687e-16
