Electrode,Band,Hurst,DFA,Lyapunov,Sample Entropy,Correlation Dimension
Fp1,cD5,0.2884282778879437,0.22591085145595372,0.05017135975080501,1.6368016980860949,2.1002275153244563e-17
