Electrode,Band,Hurst,DFA,Lyapunov,Sample Entropy,Correlation Dimension
Fp2,cD1,0.33907315845523517,0.30181851422761047,0.001526624506170287,1.8549567384316352,1.5833573335533364e-15
