Electrode,Band,Hurst,DFA,Lyapunov,Sample Entropy,Correlation Dimension
Fp2,cD4,0.3851849905922446,0.3797398553642804,0.00936403474607704,2.0321923439641028,-3.364521597122069e-17
