Electrode,Band,Hurst,DFA,Lyapunov,Sample Entropy,Correlation Dimension
F4,cD4,0.3949480850009832,0.3889537826611457,0.008887817809632189,2.027398965635739,-5.306112536412252e-17
