Electrode,Band,Hurst,DFA,Lyapunov,Sample Entropy,Correlation Dimension
F4,cD1,0.34876776667169895,0.3145093111679972,0.005286962335760271,1.8721713203196422,3.9762643498585924e-15
