Electrode,Band,Hurst,DFA,Lyapunov,Sample Entropy,Correlation Dimension
PO3,cA5,0.4903103992884675,0.6122385777784384,0.02496991838727661,2.1147504709313787,-2.7309881223893315e-16
