Electrode,Band,Hurst,DFA,Lyapunov,Sample Entropy,Correlation Dimension
C3,cD1,0.36578298365906237,0.33539556234339113,0.00475352027199495,1.8922955185975594,1.3451836872744006e-15
