Electrode,Band,Hurst,DFA,Lyapunov,Sample Entropy,Correlation Dimension
C4,cD3,0.4524869197183388,0.46377486733346557,0.003307481245560849,2.0856536109272534,-7.529293103966511e-16
