Electrode,Band,Hurst,DFA,Lyapunov,Sample Entropy,Correlation Dimension
Fp1,cD2,0.4483642990488317,0.43808131468438194,0.0013475707083035037,2.030559703156688,-7.354073253580399e-16
