Electrode,Band,Hurst,DFA,Lyapunov,Sample Entropy,Correlation Dimension
Fp2,cD3,0.4946807527659833,0.47915794624587577,0.002366707541725588,2.1154398544686606,9.23858839849337e-16
