Electrode,Band,Hurst,DFA,Lyapunov,Sample Entropy,Correlation Dimension
Fp2,cA5,0.6406541675606015,0.7259667054250954,0.02030731243091655,1.998005260938715,-5.506886965190273e-16
