Electrode,Band,Hurst,DFA,Lyapunov,Sample Entropy,Correlation Dimension
Fp1,cD3,0.5010596164482544,0.46662503011820383,0.0006377538045247784,2.0456962064873387,-1.6166902937384747e-15
