Electrode,Band,Hurst,DFA,Lyapunov,Sample Entropy,Correlation Dimension
F4,cD3,0.45401923445266945,0.4592214245957219,0.003975495425137627,2.102338449865908,1.0311357380601108e-15
