Electrode,Band,Hurst,DFA,Lyapunov,Sample Entropy,Correlation Dimension
P4,cD5,0.25738598820678993,0.1924805847412645,0.0749096678506483,1.4510236243314065,4.726070602834288e-16
