Electrode,Band,Hurst,DFA,Lyapunov,Sample Entropy,Correlation Dimension
P4,cD1,0.3490909321133274,0.31701512793020425,0.0012381120161573068,1.8621774001371971,-4.5779353986519965e-15
