Electrode,Band,Hurst,DFA,Lyapunov,Sample Entropy,Correlation Dimension
C3,cD3,0.4685959345662999,0.4362337290972516,0.003973388671874904,2.1031114330544973,7.611638892567216e-16
