Electrode,Band,Hurst,DFA,Lyapunov,Sample Entropy,Correlation Dimension
C3,cD4,0.4487883407059222,0.44711057483598915,0.0003735108809035132,2.1242314357029493,-3.4415561871054886e-17
