Electrode,Band,Hurst,DFA,Lyapunov,Sample Entropy,Correlation Dimension
C4,cD5,0.28494331867899714,0.2876609939067427,0.009695639977088786,1.8672340008628776,7.376688747566274e-16
