Electrode,Band,Hurst,DFA,Lyapunov,Sample Entropy,Correlation Dimension
Fp2,cD5,0.27823587847970493,0.20193639885464382,0.04951328670277334,1.5400460904884348,-1.116813229435595e-16
