Electrode,Band,Hurst,DFA,Lyapunov,Sample Entropy,Correlation Dimension
F4,cA5,0.38188499833556655,0.6193997157173072,0.008501229586301269,2.1537288377827517,-4.4099301425921153e-16
