Electrode,Band,Hurst,DFA,Lyapunov,Sample Entropy,Correlation Dimension
P4,cD4,0.33763553445024475,0.30028365558164677,0.018382151048262674,1.8374340550303374,-1.4997117810643628e-15
