Electrode,Band,Hurst,DFA,Lyapunov,Sample Entropy,Correlation Dimension
C4,cD4,0.41821865499880867,0.41289242738343745,0.00945603764140569,2.08229157863062,-2.7973513274258447e-17
