Electrode,Band,Hurst,DFA,Lyapunov,Sample Entropy,Correlation Dimension
PO3,cD1,0.35905369556984346,0.31410730535467685,0.005103397369384773,1.8417712985940284,1.5363189266566218e-15
