Electrode,Band,Hurst,DFA,Lyapunov,Sample Entropy,Correlation Dimension
C4,cD2,0.4454938439576037,0.4450045392111512,0.003086393529718639,2.062592792209844,1.9633660586948873e-15
