Electrode,Band,Hurst,DFA,Lyapunov,Sample Entropy,Correlation Dimension
Fp1,cA5,0.4256590805728368,0.7545028543359401,0.02939984667432133,2.124407369662533,-5.813979774652913e-16
