Electrode,Band,Hurst,DFA,Lyapunov,Sample Entropy,Correlation Dimension
PO3,cD4,0.3527918597880715,0.3376733334694458,0.034349433517990205,1.8053296400432217,-1.26930609798309e-16
