Electrode,Band,Hurst,DFA,Lyapunov,Sample Entropy,Correlation Dimension
F4,cD5,0.27299396699409606,0.2235613975861068,0.0738724197660174,1.5740983341129156,5.466925879195627e-16
