Electrode,Band,Hurst,DFA,Lyapunov,Sample Entropy,Correlation Dimension
Fp1,cD4,0.446729424836675,0.4287641498358901,0.005247636274857908,2.0577712756515294,4.6069693693553645e-17
