Electrode,Band,Hurst,DFA,Lyapunov,Sample Entropy,Correlation Dimension
F4,cD2,0.4327804024487449,0.46387224148662626,-0.0005136258674391111,2.0984129824168303,-1.6672926728328027e-15
