Electrode,Band,Hurst,DFA,Lyapunov,Sample Entropy,Correlation Dimension
PO3,cD2,0.4437573257458376,0.44801761078988767,0.00232830914584025,2.0911011750282547,1.1388068572111511e-15
