Electrode,Band,Hurst,DFA,Lyapunov,Sample Entropy,Correlation Dimension
PO3,cD5,0.24603771138253122,0.18076102919574485,0.05380768168206282,1.3505796793437748,-1.3386013204868416e-15
