Electrode,Band,Hurst,DFA,Lyapunov,Sample Entropy,Correlation Dimension
P4,cA5,0.48715117484518294,0.5190362375789643,0.0035249189897015396,2.1209925831437473,-2.995523421533967e-16
