Electrode,Band,Hurst,DFA,Lyapunov,Sample Entropy,Correlation Dimension
Fp2,cD2,0.43502616436814584,0.44923348294314314,9.758111202323165e-05,2.0761549009964457,-7.197788382140717e-16
