Electrode,Band,Hurst,DFA,Lyapunov,Sample Entropy,Correlation Dimension
C4,cD1,0.3671464462485099,0.3242523128777127,0.0011874747998783823,1.8331592153487417,-4.788195407123146e-16
