Electrode,Band,Hurst,DFA,Lyapunov,Sample Entropy,Correlation Dimension
C3,cD5,0.32368531517578114,0.31730601410748077,0.022881780351911338,1.9248122432104495,7.112827403695155e-16
