Electrode,Band,Hurst,DFA,Lyapunov,Sample Entropy,Correlation Dimension
C3,cA5,0.38689999778427797,0.651837954671872,0.002967409654097079,2.0387942349056796,-2.146864214376032e-16
