Electrode,Band,Hurst,DFA,Lyapunov,Sample Entropy,Correlation Dimension
PO3,cD3,0.4736757839750819,0.48091266924156,0.00046083276922042276,2.1197782266579286,2.8291070402489953e-15
