Electrode,Band,Hurst,DFA,Lyapunov,Sample Entropy,Correlation Dimension
P4,cD3,0.4454201662763819,0.4555961434654933,-7.394732851019924e-05,2.1175607365519844,-1.0818793674942593e-15
