Electrode,Band,Hurst,DFA,Lyapunov,Sample Entropy,Correlation Dimension
C3,cD2,0.45810592619213947,0.4308037989320224,0.0006070975101350641,2.1068763199305285,-8.807300223667236e-16
