Electrode,Band,Hurst,DFA,Lyapunov,Sample Entropy,Correlation Dimension
C4,cA5,0.4634564384588676,0.6355853088234688,0.009102107761623502,2.0904427527418092,-2.7927903775151277e-16
