Electrode,Band,Hurst,DFA,Lyapunov,Sample Entropy,Correlation Dimension
P4,cD2,0.4496500355574336,0.46529178353775275,0.00047732266512779493,2.0749394312582585,-1.5777747690117288e-15
