Electrode,Band,Hurst,DFA,Lyapunov,Sample Entropy,Correlation Dimension
Fp1,cD1,0.3285442065271623,0.3025486333140967,0.004767539284446238,1.84685955242467,-2.5172951880243435e-17
