Electrode,Band,Hurst,DFA,Lyapunov,Sample Entropy,Correlation Dimension
C3,cD1,0.2699220560833725,0.2786831839118691,0.01086469796987732,1.2516284935026947,9.525551719910509e-05
