Electrode,Band,Hurst,DFA,Lyapunov,Sample Entropy,Correlation Dimension
F4,cD3,0.450313421333387,0.4537609353391467,0.0025753454728560223,2.080710170237379,-1.6777064773779688e-15
