Electrode,Band,Hurst,DFA,Lyapunov,Sample Entropy,Correlation Dimension
P4,cD4,0.40945780537930654,0.4175880978241385,0.0014966849124787116,2.0836195906844885,-6.582719928882612e-17
