Electrode,Band,Hurst,DFA,Lyapunov,Sample Entropy,Correlation Dimension
P4,cD2,0.45801366807649624,0.47488218116180075,0.0032031505138835578,2.1189997212547835,1.6317944487098458e-15
