Electrode,Band,Hurst,DFA,Lyapunov,Sample Entropy,Correlation Dimension
C4,cD3,0.4203656376359891,0.42020870800836596,0.0005670836477565382,2.0864692992064824,2.9267025510032543e-15
