Electrode,Band,Hurst,DFA,Lyapunov,Sample Entropy,Correlation Dimension
C3,cD3,0.538461269855573,0.5306918923264967,0.0009714010990028291,2.118682768437834,1.0049719591639473e-15
