Electrode,Band,Hurst,DFA,Lyapunov,Sample Entropy,Correlation Dimension
C4,cD4,0.3801041860167139,0.37212280246510426,0.003713443062521866,2.046525475716618,1.0014286863009078e-16
