Electrode,Band,Hurst,DFA,Lyapunov,Sample Entropy,Correlation Dimension
PO3,cD3,0.5099466864133813,0.5001437888623012,0.001242735891630984,2.1288441914521985,-1.0546831026766436e-15
