Electrode,Band,Hurst,DFA,Lyapunov,Sample Entropy,Correlation Dimension
PO3,cD1,0.3420464806724234,0.30495135282473607,0.010698069558442713,1.7867902534318092,1.43223047481556e-15
