Electrode,Band,Hurst,DFA,Lyapunov,Sample Entropy,Correlation Dimension
F3,cD3,0.4804469593305936,0.5214820490605591,0.003583093123002308,1.8723024259375711,3.896801467136455e-15
