Electrode,Band,Hurst,DFA,Lyapunov,Sample Entropy,Correlation Dimension
Fp2,cD1,0.34320377687101344,0.3114933222791913,0.0004949338508369576,1.8212026003510098,-3.4222082233992103e-15
