Electrode,Band,Hurst,DFA,Lyapunov,Sample Entropy,Correlation Dimension
Fp1,cA5,0.43657344809192106,0.684687704833844,0.011372823230290532,1.6601970187747601,-5.199210400643103e-16
