Electrode,Band,Hurst,DFA,Lyapunov,Sample Entropy,Correlation Dimension
P4,cD1,0.36597082478859366,0.3356649511875066,0.0012057217684660784,1.8650063302388735,9.649144792038983e-17
