Electrode,Band,Hurst,DFA,Lyapunov,Sample Entropy,Correlation Dimension
F3,cD1,0.3025414520461293,0.29385725180676364,0.010304420978039686,1.1747920261245057,0.0037610533971534623
