Electrode,Band,Hurst,DFA,Lyapunov,Sample Entropy,Correlation Dimension
C3,cD5,0.42312748122788546,0.5044748793135803,0.002201929959383892,2.117202335135239,1.2183844526071345e-15
