Electrode,Band,Hurst,DFA,Lyapunov,Sample Entropy,Correlation Dimension
F3,cD5,0.3950255252280158,0.4497293069525328,0.01899974305998545,2.0149030205422647,-1.32727198523808e-15
