Electrode,Band,Hurst,DFA,Lyapunov,Sample Entropy,Correlation Dimension
Fp2,cA5,0.5313916064078997,0.8431592683423795,0.043324131868323464,1.518201721805671,5.167408661847738e-16
