Electrode,Band,Hurst,DFA,Lyapunov,Sample Entropy,Correlation Dimension
C3,cD4,0.4330737640834048,0.4763128426142528,0.00013659506133123226,2.118272052748592,6.96561746803331e-18
