Electrode,Band,Hurst,DFA,Lyapunov,Sample Entropy,Correlation Dimension
F3,cA5,0.32727762606661626,0.7836369658735682,0.027616090040940476,1.9983141078491808,-5.551106109808028e-16
