Electrode,Band,Hurst,DFA,Lyapunov,Sample Entropy,Correlation Dimension
Fp1,cD5,0.4075837394129855,0.4374459803490106,0.008934357783177894,2.0263352582722476,7.665381492000762e-16
