Electrode,Band,Hurst,DFA,Lyapunov,Sample Entropy,Correlation Dimension
C4,cA5,0.5684438609270469,0.6872551088498967,0.018589884370238004,1.9794684838451162,-5.049809473821302e-16
