Electrode,Band,Hurst,DFA,Lyapunov,Sample Entropy,Correlation Dimension
C4,cD1,0.347370486916336,0.3131650844141648,0.005196883461691779,1.868496089142962,0.0001825084747304082
