Electrode,Band,Hurst,DFA,Lyapunov,Sample Entropy,Correlation Dimension
Fp1,cD3,0.4762584963143049,0.4861075771497853,0.0007417332042344261,2.124450773911755,9.074914735131236e-16
