Electrode,Band,Hurst,DFA,Lyapunov,Sample Entropy,Correlation Dimension
C3,cA5,0.6707031086016713,0.873334113104517,0.018470623866910205,1.9560914628228514,-3.0181854020269313e-16
