Electrode,Band,Hurst,DFA,Lyapunov,Sample Entropy,Correlation Dimension
Fp2,cD3,0.5070224390257829,0.5029231342443478,0.00265491658991023,2.127557145619191,5.799563171923952e-16
