Electrode,Band,Hurst,DFA,Lyapunov,Sample Entropy,Correlation Dimension
F4,cD5,0.4646291414379176,0.5131274645333598,-0.00019203532825842168,2.070536500107182,8.564753379635049e-16
