Electrode,Band,Hurst,DFA,Lyapunov,Sample Entropy,Correlation Dimension
F3,cD4,0.40392812001560763,0.4269596737831281,0.0035490382801402817,2.1361907035347443,4.6421022644253335e-17
