Electrode,Band,Hurst,DFA,Lyapunov,Sample Entropy,Correlation Dimension
Fp1,cD4,0.42626800365648565,0.4232376315745089,-0.000554078997988032,2.118829692626599,1.3263476127797042e-16
