Electrode,Band,Hurst,DFA,Lyapunov,Sample Entropy,Correlation Dimension
PO3,cD5,0.43803705595460996,0.4524423551201345,0.013546146398359075,1.9902414659771006,6.700298407648405e-16
