Electrode,Band,Hurst,DFA,Lyapunov,Sample Entropy,Correlation Dimension
P4,cD3,0.4922752117947179,0.45814321050659895,0.0017859141031899156,2.0970688056444677,7.932222831977446e-16
