Electrode,Band,Hurst,DFA,Lyapunov,Sample Entropy,Correlation Dimension
PO3,cD2,0.4529153356272301,0.456811136488874,0.0001358379017222566,2.0876093899964383,1.3010063769082733e-15
