Electrode,Band,Hurst,DFA,Lyapunov,Sample Entropy,Correlation Dimension
Fp2,cD5,0.47029688990425805,0.4882318460332078,0.0006153222286336099,1.9983691683432363,9.643397953817194e-16
