Electrode,Band,Hurst,DFA,Lyapunov,Sample Entropy,Correlation Dimension
F3,cD2,0.47196699249519775,0.4924129724556345,0.0008362509987567902,1.4780896637317575,-4.277277271708942e-17
