Electrode,Band,Hurst,DFA,Lyapunov,Sample Entropy,Correlation Dimension
Fp2,cD2,0.4525350458858199,0.4281593121085856,0.00034253091523089125,2.0800905016039413,-8.702977188691304e-16
