Electrode,Band,Hurst,DFA,Lyapunov,Sample Entropy,Correlation Dimension
Fp2,cD4,0.39892825163138995,0.4113710210923917,0.0033106023615054898,2.1516887418175035,1.192552396955826e-16
