Electrode,Band,Hurst,DFA,Lyapunov,Sample Entropy,Correlation Dimension
F4,cD1,0.35011572597204843,0.322062771818114,0.004016988927667446,1.8621780580239096,1.3942554031524774e-15
