Electrode,Band,Hurst,DFA,Lyapunov,Sample Entropy,Correlation Dimension
PO3,cD4,0.4221583173791771,0.41910598945365296,0.003103056820956229,2.1056846962765126,-2.2148084577132606e-17
