Electrode,Band,Hurst,DFA,Lyapunov,Sample Entropy,Correlation Dimension
F4,cD2,0.43196644957798525,0.4337551313932114,0.000309181213378556,2.1022530140912594,-1.859687483172458e-15
