Electrode,Band,Hurst,DFA,Lyapunov,Sample Entropy,Correlation Dimension
F4,cD4,0.4244306264594824,0.4502676529179777,0.0012467413237599175,2.085340971327221,1.3164393239751483e-16
