Electrode,Band,Hurst,DFA,Lyapunov,Sample Entropy,Correlation Dimension
C3,cD2,0.46750312706162067,0.4696926761196864,0.0010631445682408559,1.747145055498111,-1.1321593903328028e-15
