Electrode,Band,Hurst,DFA,Lyapunov,Sample Entropy,Correlation Dimension
P4,cD5,0.45593062567853687,0.4638189689880419,0.0014624682339753087,1.941195349450977,9.266820631532888e-16
