Electrode,Band,Hurst,DFA,Lyapunov,Sample Entropy,Correlation Dimension
F4,cA5,0.535761903537208,0.7981484476462128,0.043554584930858405,1.552255100316669,1.890377314496306e-15
