Electrode,Band,Hurst,DFA,Lyapunov,Sample Entropy,Correlation Dimension
C4,cD5,0.4889729931518775,0.5157066491954531,0.013987140281119729,2.06117350272378,7.576256238541803e-16
