Electrode,Band,Hurst,DFA,Lyapunov,Sample Entropy,Correlation Dimension
P4,cA5,0.4663840306627308,0.8026643125753915,0.044614813771095704,1.835803506471352,-4.886219748462766e-16
