Electrode,Band,Hurst,DFA,Lyapunov,Sample Entropy,Correlation Dimension
Fp1,cD2,0.4493143994182552,0.4609495836595904,0.00042446020877700175,2.102105786335945,7.172595538876086e-16
