Electrode,Band,Hurst,DFA,Lyapunov,Sample Entropy,Correlation Dimension
C4,cD2,0.4393538360594548,0.44486039299486696,0.002348570390181281,2.127785378578986,-8.262041488010314e-16
