Electrode,Band,Hurst,DFA,Lyapunov,Sample Entropy,Correlation Dimension
PO3,cD1,0.2950370108637942,0.2421381898680291,0.005472512678666624,1.6981543053878254,-1.3102546265219494e-15
