Electrode,Band,Hurst,DFA,Lyapunov,Sample Entropy,Correlation Dimension
F3,cD3,0.47594629024454704,0.4597896831924075,0.003261323408646785,2.1363293386239968,7.859723838492333e-16
