Electrode,Band,Hurst,DFA,Lyapunov,Sample Entropy,Correlation Dimension
P4,cD4,0.4361208296092905,0.41512257008412673,0.002859158949418229,2.0979842180619572,-3.829526579833545e-17
