Electrode,Band,Hurst,DFA,Lyapunov,Sample Entropy,Correlation Dimension
PO3,cD5,0.4034818098254123,0.37327981085156386,0.00907227709576796,2.028046412076125,7.896127062837509e-16
