Electrode,Band,Hurst,DFA,Lyapunov,Sample Entropy,Correlation Dimension
Fp2,cA5,0.5822155653529477,0.8946815186431539,0.0438780453740333,1.6138648108576974,-3.097792185312049e-16
