Electrode,Band,Hurst,DFA,Lyapunov,Sample Entropy,Correlation Dimension
P4,cD5,0.4151237532671032,0.37914150418368114,0.011013534519222622,2.0289154967407854,7.233963981357903e-16
