Electrode,Band,Hurst,DFA,Lyapunov,Sample Entropy,Correlation Dimension
Fp1,cD1,0.34770876306319154,0.283086154190086,0.005579801039262441,1.7645058854280073,1.4812985285035992e-15
