Electrode,Band,Hurst,DFA,Lyapunov,Sample Entropy,Correlation Dimension
F3,cD5,0.44940586333826843,0.4357173192343119,0.0005067940914268726,2.1063242260220507,8.10021448938316e-16
