Electrode,Band,Hurst,DFA,Lyapunov,Sample Entropy,Correlation Dimension
C4,cD4,0.3634899850629082,0.3512804380753055,0.00037078279437426645,2.0038926324649196,7.247011570721956e-17
