Electrode,Band,Hurst,DFA,Lyapunov,Sample Entropy,Correlation Dimension
P4,cD3,0.4870982424226237,0.4458934566762632,0.00276471918279488,2.136218734583078,9.914744228852514e-16
