Electrode,Band,Hurst,DFA,Lyapunov,Sample Entropy,Correlation Dimension
C4,cA5,0.559348463090696,0.5868401084006546,0.0009300318631257412,2.0689575134174,-5.356849232064048e-16
