Electrode,Band,Hurst,DFA,Lyapunov,Sample Entropy,Correlation Dimension
Fp1,cD3,0.4727981159454869,0.5051175315760339,-0.0005812558260828678,2.0877206803856025,8.665650812305713e-16
