Electrode,Band,Hurst,DFA,Lyapunov,Sample Entropy,Correlation Dimension
Fp2,cD5,0.4238639405057005,0.3978012362520201,0.0013831745494491108,2.045079005529656,9.086510140782804e-16
