Electrode,Band,Hurst,DFA,Lyapunov,Sample Entropy,Correlation Dimension
C4,cD2,0.473430331774864,0.46796693309750065,-0.00018990256569581445,2.1005083056894054,8.987901827599335e-16
