Electrode,Band,Hurst,DFA,Lyapunov,Sample Entropy,Correlation Dimension
F3,cD2,0.4766402275888385,0.44517626207490657,-0.00035940806071010396,2.0964241393515493,8.363762312916803e-16
