Electrode,Band,Hurst,DFA,Lyapunov,Sample Entropy,Correlation Dimension
F4,cD2,0.465298945457484,0.44232177119732236,-0.00017886884284782048,2.0832345016874743,-6.875599173781522e-16
