Electrode,Band,Hurst,DFA,Lyapunov,Sample Entropy,Correlation Dimension
F4,cD4,0.4104574807304601,0.3898126371522406,-0.000315932071570437,2.0072230411384875,7.546944373752491e-17
