Electrode,Band,Hurst,DFA,Lyapunov,Sample Entropy,Correlation Dimension
PO3,cD3,0.48755695971095897,0.5001864368780001,-8.195819277350106e-06,2.152645042667119,9.77825003700923e-16
