Electrode,Band,Hurst,DFA,Lyapunov,Sample Entropy,Correlation Dimension
C4,cD1,0.3385805651504848,0.3080118249768023,0.005263753370804697,1.8548160508299696,-1.8682080349684873e-17
