Electrode,Band,Hurst,DFA,Lyapunov,Sample Entropy,Correlation Dimension
PO3,cA5,0.5799773017679447,0.705165759199354,0.005454418875954281,2.0011560944933007,-3.2479628045318827e-16
