Electrode,Band,Hurst,DFA,Lyapunov,Sample Entropy,Correlation Dimension
Fp2,cD2,0.4401370483524571,0.41872423146631216,0.004419786279851553,1.834063588257248,1.7519411454479827e-15
