Electrode,Band,Hurst,DFA,Lyapunov,Sample Entropy,Correlation Dimension
C4,cD5,0.32634076611410834,0.3522389011201604,-0.00020627108487231307,1.9904693085479241,2.547105492091364e-15
