Electrode,Band,Hurst,DFA,Lyapunov,Sample Entropy,Correlation Dimension
F4,cD3,0.4516588616797735,0.43751517036250404,0.0007417389840787536,2.1273336150215627,6.596936996265719e-16
