Electrode,Band,Hurst,DFA,Lyapunov,Sample Entropy,Correlation Dimension
Fp2,cD3,0.45767111096339846,0.48878803468160836,0.0005526282570576551,1.9472270565967096,-5.414404678959785e-17
