Electrode,Band,Hurst,DFA,Lyapunov,Sample Entropy,Correlation Dimension
Fp2,cD1,0.3291144492961299,0.2797603012815956,0.00528433539650613,1.6288731164193284,3.376866964413525e-15
