Electrode,Band,Hurst,DFA,Lyapunov,Sample Entropy,Correlation Dimension
PO3,cD4,0.402275118523832,0.38846526509044266,-0.0003687771883883096,2.0710223419499196,4.4760641513114596e-17
