Electrode,Band,Hurst,DFA,Lyapunov,Sample Entropy,Correlation Dimension
Fp1,cA5,0.707312198154065,0.8333071034275444,0.010925077018091088,1.6679068753563617,9.706467216404478e-16
