Electrode,Band,Hurst,DFA,Lyapunov,Sample Entropy,Correlation Dimension
F3,cA5,0.6240761663837248,0.7173271760025429,0.004410405592484782,2.048462262491802,-6.262688334436705e-16
