Electrode,Band,Hurst,DFA,Lyapunov,Sample Entropy,Correlation Dimension
Fp1,cD2,0.48575974504374236,0.43043880938452633,0.0005730022083625753,2.0018296531087825,6.736310002295895e-16
