Electrode,Band,Hurst,DFA,Lyapunov,Sample Entropy,Correlation Dimension
P4,cA5,0.6197327692102883,0.7280260716204968,0.014296088119889526,1.9995011759307582,-5.905410052082341e-16
