Electrode,Band,Hurst,DFA,Lyapunov,Sample Entropy,Correlation Dimension
C4,cD3,0.42978046671570297,0.4338688559697211,-4.0349093350685725e-05,2.1177212881810665,6.461600343955282e-16
