Electrode,Band,Hurst,DFA,Lyapunov,Sample Entropy,Correlation Dimension
F3,cD4,0.44864151875458635,0.44440933856367165,0.000996630119554912,2.106627838996423,-1.1925778318010203e-16
