Electrode,Band,Hurst,DFA,Lyapunov,Sample Entropy,Correlation Dimension
PO3,cD2,0.4651881959645238,0.44348355300444753,0.0030662449923424756,2.069313677458475,-8.828822199567964e-16
