Electrode,Band,Hurst,DFA,Lyapunov,Sample Entropy,Correlation Dimension
Fp1,cD5,0.4649362223739297,0.4013806021840341,0.0010858188975938652,2.085683832722836,9.496576691970985e-16
