Electrode,Band,Hurst,DFA,Lyapunov,Sample Entropy,Correlation Dimension
F4,cA5,0.5984450956161226,0.6913287785268019,0.008105691496309233,2.0338566565231226,-5.064361872599367e-16
