Electrode,Band,Hurst,DFA,Lyapunov,Sample Entropy,Correlation Dimension
F4,cD1,0.3417572434427676,0.3103161750523777,0.005146434090354251,1.8041392468116195,1.5554372479955695e-15
