Electrode,Band,Hurst,DFA,Lyapunov,Sample Entropy,Correlation Dimension
Fp2,cD4,0.44552146603090015,0.4541194691585121,-0.0009352944113995084,2.1298762190455762,-1.4081874020860898e-16
