Electrode,Band,Hurst,DFA,Lyapunov,Sample Entropy,Correlation Dimension
F4,cD5,0.528347480527501,0.4762317566774937,0.0037578149275343683,2.0788556156069413,8.13939958471108e-16
