Electrode,Band,Hurst,DFA,Lyapunov,Sample Entropy,Correlation Dimension
P4,cD2,0.46192339467412613,0.4382916389028159,0.002768074382434969,2.0733501807848715,-1.6614158427977051e-15
