Electrode,Band,Hurst,DFA,Lyapunov,Sample Entropy,Correlation Dimension
P4,cD1,0.31922036768561424,0.28280187059810946,0.004966553774746581,1.8007011378355697,3.9238795692279594e-15
