Electrode,Band,Hurst,DFA,Lyapunov,Sample Entropy,Correlation Dimension
F3,cD1,0.3446807227168839,0.2975219025053915,0.005497117476030038,1.8037154646189548,1.7604013786109464e-15
