Electrode,Band,Hurst,DFA,Lyapunov,Sample Entropy,Correlation Dimension
Fp1,cD4,0.45982485605623213,0.45836898097069767,0.0015695051713421797,2.1248402032275027,-4.014572575243194e-17
