Electrode,Band,Hurst,DFA,Lyapunov,Sample Entropy,Correlation Dimension
PO3,cD1,0.35304519321574257,0.3324071510719506,0.01021834018233613,1.7717260068750098,9.570271501143762e-05
