Electrode,Band,Hurst,DFA,Lyapunov,Sample Entropy,Correlation Dimension
P4,cD1,0.34333462771358564,0.31959757927035226,-0.00014636299826883677,1.5727897508214115,-4.329764131827619e-15
