Electrode,Band,Hurst,DFA,Lyapunov,Sample Entropy,Correlation Dimension
F3,cA5,0.4463453279903217,0.6673840492690457,0.005553410269997372,2.073295240831142,-6.357532268725732e-16
F3,cA5,0.4682542782846718,0.6673840492690457,0.008286959641463863,2.073295240831142,-6.357532268725732e-16
F3,cA5,0.4463453279903217,0.6673840492690457,0.008286959641463863,2.073295240831142,-6.357532268725732e-16
