Electrode,Band,Hurst,DFA,Lyapunov,Sample Entropy,Correlation Dimension
Fp2,cD2,0.47924112458429796,0.4868228068755663,0.0023948756131254184,2.0131331504046437,-1.244824906154598e-15
Fp2,cD2,0.4822556551495376,0.4868228068755663,-0.00011206540194453227,2.0131331504046437,-1.244824906154598e-15
Fp2,cD2,0.4823787601403083,0.4868228068755663,-0.00011206540194453227,2.0131331504046437,-1.244824906154598e-15
