Electrode,Band,Hurst,DFA,Lyapunov,Sample Entropy,Correlation Dimension
F3,cD2,0.48760849614977286,0.5085406921286485,0.0011765913529828069,1.8164290028832424,9.699865157195246e-17
F3,cD2,0.49666376936734796,0.5085406921286485,0.0011765913529828069,1.8164290028832424,9.699865157195246e-17
F3,cD2,0.49666376936734796,0.5085406921286485,0.0011765913529828069,1.8164290028832424,9.699865157195246e-17
