Electrode,Band,Hurst,DFA,Lyapunov,Sample Entropy,Correlation Dimension
Fp1,cD5,0.4203083263567826,0.4148948544459668,0.010879533274190981,1.9585491464035272,8.494911513380679e-16
Fp1,cD5,0.4065697092404941,0.4148948544459668,0.014994705116356245,1.9585491464035272,8.494911513380679e-16
Fp1,cD5,0.4203083263567826,0.4148948544459668,0.007312540574507098,1.9585491464035272,8.494911513380679e-16
