Electrode,Band,Hurst,DFA,Lyapunov,Sample Entropy,Correlation Dimension
F3,cD3,0.5387447837511572,0.5669384086861026,0.00035309069084369927,1.909902005641775,-1.3385397042426715e-15
F3,cD3,0.5406450267501489,0.5669384086861026,0.00035309069084369927,1.909902005641775,-1.3385397042426715e-15
F3,cD3,0.5415399215075019,0.5669384086861026,0.00035309069084369927,1.909902005641775,-1.3385397042426715e-15
