Electrode,Band,Hurst,DFA,Lyapunov,Sample Entropy,Correlation Dimension
F3,cD5,0.4101408521158508,0.3468600396993021,0.020754536429604776,1.820360877757103,8.877735161860884e-16
F3,cD5,0.4101408521158508,0.3468600396993021,0.10038503566821996,1.820360877757103,8.877735161860884e-16
F3,cD5,0.4101408521158508,0.3468600396993021,0.025528469714489722,1.820360877757103,8.877735161860884e-16
