Electrode,Band,Hurst,DFA,Lyapunov,Sample Entropy,Correlation Dimension
Fp2,cD1,0.3651015628087627,0.32325354556950064,0.0011237520160097528,1.735449261261462,7.485647820826936e-18
Fp2,cD1,0.3651015628087627,0.32325354556950064,0.00456814332441858,1.735449261261462,7.485647820826936e-18
Fp2,cD1,0.3651015628087627,0.32325354556950064,0.00456814332441858,1.735449261261462,7.485647820826936e-18
