Electrode,Band,Hurst,DFA,Lyapunov,Sample Entropy,Correlation Dimension
C3,cD5,0.4022337235564769,0.35753383414919565,0.018354573092618107,1.813442296657751,-2.7753770146405113e-16
C3,cD5,0.42711834495461154,0.35753383414919565,0.02762896197659163,1.813442296657751,9.13684795694781e-16
C3,cD5,0.4173921774992854,0.35753383414919565,0.022590232681442148,1.813442296657751,9.13684795694781e-16
