Electrode,Band,Hurst,DFA,Lyapunov,Sample Entropy,Correlation Dimension
Fp2,cD5,0.3829231492571569,0.3375164649707655,0.015281687249670998,1.8848682689887433,2.1545209656010927e-15
Fp2,cD5,0.3829231492571569,0.3375164649707655,0.030154620805485,1.8848682689887433,2.9406819500796734e-16
Fp2,cD5,0.3829231492571569,0.3375164649707655,0.019648384261917614,1.8848682689887433,2.1545209656010927e-15
