Electrode,Band,Hurst,DFA,Lyapunov,Sample Entropy,Correlation Dimension
P4,cD3,0.46573709821268633,0.5163345949699503,-0.00045688513553587297,2.094071371958663,7.417751728572501e-16
