Electrode,Band,Hurst,DFA,Lyapunov,Sample Entropy,Correlation Dimension
PO3,cD4,0.37314347049902274,0.37472558522857224,0.014514287774206469,2.030208992725542,1.3125227939604905e-16
