Electrode,Band,Hurst,DFA,Lyapunov,Sample Entropy,Correlation Dimension
P4,cD5,0.30876344958165797,0.25023816865689535,0.035364450727190286,1.566024051574291,7.211942827568655e-16
