Electrode,Band,Hurst,DFA,Lyapunov,Sample Entropy,Correlation Dimension
PO3,cD3,0.4455285009203792,0.45953027237403105,0.0036196448586203263,2.1221440412171177,-8.666338107902331e-16
