Electrode,Band,Hurst,DFA,Lyapunov,Sample Entropy,Correlation Dimension
P4,cD2,0.4680328558692966,0.5054371949860033,-0.0002156517722391741,1.9525538491528374,1.027187876325905e-15
