Electrode,Band,Hurst,DFA,Lyapunov,Sample Entropy,Correlation Dimension
C3,cD4,0.45523728523360657,0.4400321445840647,0.014338676906073905,2.0061392699284717,1.1384664204789598e-16
C3,cD4,0.45523728523360657,0.4400321445840647,0.008814351542013129,2.0061392699284717,1.1384664204789598e-16
C3,cD4,0.45523728523360657,0.4400321445840647,0.005431608720258719,2.0061392699284717,1.1384664204789598e-16
