Electrode,Band,Hurst,DFA,Lyapunov,Sample Entropy,Correlation Dimension
C4,cD5,0.36687277983786476,0.3585771732086075,0.022007246331854226,1.8504945839256624,6.701195569701974e-16
C4,cD5,0.36687277983786476,0.3585771732086075,0.022007246331854226,1.8504945839256624,6.701195569701974e-16
