Electrode,Band,Hurst,DFA,Lyapunov,Sample Entropy,Correlation Dimension
C4,cD4,0.4261780836955893,0.4506085935993944,0.003923719579523462,2.113830825417896,5.93119050541064e-18
C4,cD4,0.4261780836955893,0.4506085935993944,0.003923719579523462,2.113830825417896,5.93119050541064e-18
