Electrode,Band,Hurst,DFA,Lyapunov,Sample Entropy,Correlation Dimension
Fp2,cD3,0.5038754487683328,0.4928765642599821,0.0004913156682797478,2.01424973212402,3.4498470702637043e-15
Fp2,cD3,0.508490691857531,0.4928765642599821,0.0004913156682797478,2.01424973212402,3.4498470702637043e-15
Fp2,cD3,0.5043385461499281,0.4928765642599821,0.003030568903143113,2.01424973212402,3.4498470702637043e-15
