Electrode,Band,Hurst,DFA,Lyapunov,Sample Entropy,Correlation Dimension
C3,cD3,0.479247282078656,0.5214512945020232,0.0003512006817444195,1.8560016872266967,3.1549390609480654e-15
C3,cD3,0.479247282078656,0.5214512945020232,0.0003512006817444195,1.8560016872266967,3.1549390609480654e-15
C3,cD3,0.479247282078656,0.5214512945020232,0.0003512006817444195,1.8560016872266967,3.1549390609480654e-15
