Electrode,Band,Hurst,DFA,Lyapunov,Sample Entropy,Correlation Dimension
Fp2,cA5,0.5679969616901036,0.7942886563685545,0.0011033491654827041,1.8823766408101201,-3.114826638634552e-16
Fp2,cA5,0.5662086871410191,0.7942886563685545,0.0011033491654827041,1.8823766408101201,2.2794512379299696e-15
Fp2,cA5,0.5491831982336699,0.7942886563685545,0.0037222428755324796,1.8823766408101201,-3.114826638634552e-16
