Electrode,Band,Hurst,DFA,Lyapunov,Sample Entropy,Correlation Dimension
C3,cD2,0.46985041489268975,0.5094662261540892,0.0010060686053651598,1.8152624486491542,5.852658672857085e-15
C3,cD2,0.46985041489268975,0.5094662261540892,0.0034120819785379355,1.8152624486491542,5.852658672857085e-15
C3,cD2,0.4770282773273146,0.5094662261540892,0.0010060686053651598,1.8152624486491542,5.852658672857085e-15
