Electrode,Band,Hurst,DFA,Lyapunov,Sample Entropy,Correlation Dimension
PO3,cD2,0.4697115327918115,0.47801710900531597,-0.00040341579552863853,2.066620838190073,2.8331550415995534e-16
