Electrode,Band,Hurst,DFA,Lyapunov,Sample Entropy,Correlation Dimension
F3,cD4,0.4525937718379266,0.4903194886305252,0.0036443016745827572,2.069164811466774,1.9631001748905884e-15
F3,cD4,0.45196430875901017,0.4903194886305252,0.0012271014126860253,2.069164811466774,1.9631001748905884e-15
F3,cD4,0.4416184489690637,0.4903194886305252,0.0036443016745827572,2.069164811466774,-1.4354865000497142e-15
