Electrode,Band,Hurst,DFA,Lyapunov,Sample Entropy,Correlation Dimension
Fp1,cD3,0.5040794585081175,0.5177044615785482,0.003422607075084514,1.9960386778914059,-4.545659783554721e-17
Fp1,cD3,0.5085992059526451,0.5177044615785482,0.003422607075084514,1.9960386778914059,-4.545659783554721e-17
Fp1,cD3,0.5040794585081175,0.5177044615785482,0.0012191656864048127,1.9960386778914059,-4.545659783554721e-17
