Electrode,Band,Hurst,DFA,Lyapunov,Sample Entropy,Correlation Dimension
F3,cD1,0.3727718601615604,0.3576569955636018,0.0045773072676224,1.5037033657113985,0.0003725272056482149
F3,cD1,0.3727718601615604,0.3576569955636018,0.01097924301109546,1.5037033657113985,0.0003725272056482149
F3,cD1,0.3727718601615604,0.3576569955636018,0.001182359637635778,1.5037033657113985,0.00031734271189968067
