Electrode,Band,Hurst,DFA,Lyapunov,Sample Entropy,Correlation Dimension
P4,cA5,0.5425278557647745,0.6170245653624493,0.015248157165863117,1.960194065673868,-6.139362854633089e-16
