Electrode,Band,Hurst,DFA,Lyapunov,Sample Entropy,Correlation Dimension
P4,cD4,0.40624356599552275,0.40499500828989454,0.00864865167946799,2.1013812302593187,3.050984428705154e-16
