Electrode,Band,Hurst,DFA,Lyapunov,Sample Entropy,Correlation Dimension
Fp1,cD1,0.3621620413611316,0.35575697160112757,0.0013218388412934625,1.5497493709067622,0.001231788381106408
Fp1,cD1,0.3695511773203821,0.35575697160112757,0.0013218388412934625,1.5497493709067622,0.0014129250590646937
Fp1,cD1,0.3695511773203821,0.35575697160112757,0.0013218388412934625,1.5497493709067622,0.001231788381106408
