Electrode,Band,Hurst,DFA,Lyapunov,Sample Entropy,Correlation Dimension
PO3,cA5,0.5016710123044366,0.6071480875068599,0.08289838270707568,2.0600744502133623,-3.0504613986641873e-16
