Electrode,Band,Hurst,DFA,Lyapunov,Sample Entropy,Correlation Dimension
C4,cD1,0.36499787294851344,0.3153369368061554,0.000803617997603239,1.5225307722350825,-4.3225362557896175e-15
C4,cD1,0.36499787294851344,0.3153369368061554,0.004264215989545735,1.5225307722350825,-4.3225362557896175e-15
