Electrode,Band,Hurst,DFA,Lyapunov,Sample Entropy,Correlation Dimension
Fp1,cD4,0.447306465607169,0.4879116284038674,0.001075467196377748,2.045787560566093,2.095413280996707e-16
Fp1,cD4,0.4611218834981526,0.4879116284038674,0.003326745466752409,2.045787560566093,2.095413280996707e-16
Fp1,cD4,0.447306465607169,0.4879116284038674,0.001075467196377748,2.045787560566093,2.095413280996707e-16
