Electrode,Band,Hurst,DFA,Lyapunov,Sample Entropy,Correlation Dimension
Fp2,cD4,0.4295192422200332,0.4326739696750627,-0.0008980433146163445,2.10794693970167,1.934245144024032e-15
Fp2,cD4,0.4295192422200332,0.4326739696750627,-0.0008980433146163445,2.10794693970167,1.934245144024032e-15
Fp2,cD4,0.4295192422200332,0.4326739696750627,-0.0008980433146163445,2.10794693970167,3.6232971353395986e-16
