Electrode,Band,Hurst,DFA,Lyapunov,Sample Entropy,Correlation Dimension
C4,cD3,0.5094512628492631,0.5381681722908638,0.003380602056329775,2.0272397700945812,9.096953181371651e-16
C4,cD3,0.5015920951790489,0.5381681722908638,0.0011788339325874552,2.0272397700945812,9.096953181371651e-16
