Electrode,Band,Hurst,DFA,Lyapunov,Sample Entropy,Correlation Dimension
C4,cD2,0.4699989178353956,0.4899338103099284,0.0002666704582441967,1.8778133845973206,2.575258839641025e-15
C4,cD2,0.4699989178353956,0.4899338103099284,0.0026148015802557618,1.8778133845973206,2.575258839641025e-15
