Electrode,Band,Hurst,DFA,Lyapunov,Sample Entropy,Correlation Dimension
PO3,cD5,0.2683500843289175,0.24694300629319943,0.04791489769430754,1.6754220234365833,5.147738540640607e-16
