Electrode,Band,Hurst,DFA,Lyapunov,Sample Entropy,Correlation Dimension
Fp1,cD2,0.46902645775001567,0.4553405189214738,-0.0005951563517254881,1.874851097211241,1.463464879449056e-15
Fp1,cD2,0.46902645775001567,0.4553405189214738,-0.0005951563517254881,1.874851097211241,1.463464879449056e-15
Fp1,cD2,0.46902645775001567,0.4553405189214738,0.0020319071683014794,1.874851097211241,1.463464879449056e-15
