Electrode,Band,Hurst,DFA,Lyapunov,Sample Entropy,Correlation Dimension
C3,cD1,0.38598430545715984,0.3668669658860415,0.005194481936368028,1.4677753917680407,2.363380970129747e-15
C3,cD1,0.38598430545715984,0.3668669658860415,0.010145341442805503,1.4677753917680407,2.363380970129747e-15
C3,cD1,0.3912773752493904,0.3668669658860415,0.005194481936368028,1.4677753917680407,2.363380970129747e-15
