Electrode,Band,Hurst,DFA,Lyapunov,Sample Entropy,Correlation Dimension
Fp2,cA5,0.4916937282567379,0.7200026991023684,0.021589352534367574,1.7660231886625575,-3.2876863675052353e-16
