Electrode,Band,Hurst,DFA,Lyapunov,Sample Entropy,Correlation Dimension
C4,cD2,0.4387143850344662,0.441373744388861,0.0002381006876628677,1.956354974320291,6.818264985439942e-16
