Electrode,Band,Hurst,DFA,Lyapunov,Sample Entropy,Correlation Dimension
PO3,cD4,0.3497813858441472,0.3320625965166522,0.022464909666708912,1.9225845901217593,1.3641410559238334e-15
