Electrode,Band,Hurst,DFA,Lyapunov,Sample Entropy,Correlation Dimension
Fp1,cD2,0.4499732392410226,0.41129117601253834,0.003315890919078752,2.074566650311536,3.3853443641460814e-16
