Electrode,Band,Hurst,DFA,Lyapunov,Sample Entropy,Correlation Dimension
PO3,cD2,0.44715861511819643,0.4314757887978764,0.0001145391753224019,1.981291286399994,8.1173357340413e-16
