Electrode,Band,Hurst,DFA,Lyapunov,Sample Entropy,Correlation Dimension
C3,cD1,0.3028355376199826,0.24297794672736783,0.011018332901534943,1.6813129344060604,-4.404522983638198e-15
