Electrode,Band,Hurst,DFA,Lyapunov,Sample Entropy,Correlation Dimension
C3,cD2,0.44435148048389755,0.4439193602551093,0.0007032856796723849,1.998127068027611,-5.0450160970595286e-17
