Electrode,Band,Hurst,DFA,Lyapunov,Sample Entropy,Correlation Dimension
Fp2,cD4,0.3920522140404781,0.3901441366817985,0.0057395241477273574,2.104167543481371,3.9623450149932665e-17
