Electrode,Band,Hurst,DFA,Lyapunov,Sample Entropy,Correlation Dimension
Fp1,cD4,0.3850649581431781,0.37269078034124514,0.010407221067202196,2.0385480977053003,-1.3549679335199504e-16
