Electrode,Band,Hurst,DFA,Lyapunov,Sample Entropy,Correlation Dimension
C4,cD5,0.40835333189528755,0.38737751346863525,0.005929938229647436,1.886371324981655,1.638765460781219e-15
