Electrode,Band,Hurst,DFA,Lyapunov,Sample Entropy,Correlation Dimension
Fp1,cD1,0.302029956504532,0.2667030998290864,0.002163800326260401,1.7671055426044286,-1.4402966461324626e-16
