Electrode,Band,Hurst,DFA,Lyapunov,Sample Entropy,Correlation Dimension
F3,cD4,0.39448441189490957,0.34380169951930517,0.005427074432372885,1.9615820177528913,1.619108789491767e-16
