Electrode,Band,Hurst,DFA,Lyapunov,Sample Entropy,Correlation Dimension
F3,cA5,0.49180823431322224,0.6847141204615025,0.030569700094370184,1.7300240333176002,-2.6313473357089853e-16
