Electrode,Band,Hurst,DFA,Lyapunov,Sample Entropy,Correlation Dimension
C3,cD4,0.39303286824572403,0.4352210496597029,0.00038021550034009595,2.0948380007270697,1.0315596101273848e-16
