Electrode,Band,Hurst,DFA,Lyapunov,Sample Entropy,Correlation Dimension
F3,cD3,0.4389863989308095,0.4666083560086839,0.002858682112260421,2.131899824489691,9.077310328206699e-16
