Electrode,Band,Hurst,DFA,Lyapunov,Sample Entropy,Correlation Dimension
PO3,cD5,0.28186390235964065,0.22016181226810697,0.036713630812508516,1.3942115703912419,-1.2005027695833262e-15
