Electrode,Band,Hurst,DFA,Lyapunov,Sample Entropy,Correlation Dimension
P4,cD4,0.3871967790222453,0.3628378771751069,0.010594397991687586,1.9376361418437869,2.0341885482584514e-15
