Electrode,Band,Hurst,DFA,Lyapunov,Sample Entropy,Correlation Dimension
Fp2,cD2,0.4421308186639171,0.41159365604191367,0.0007622978904029284,2.05665145573715,3.9936029518813415e-16
