Electrode,Band,Hurst,DFA,Lyapunov,Sample Entropy,Correlation Dimension
F3,cD1,0.32378102864750397,0.2744228801312891,0.010582106930392948,1.7963175561276936,5.265990509658395e-16
