Electrode,Band,Hurst,DFA,Lyapunov,Sample Entropy,Correlation Dimension
C4,cD1,0.3127299490030496,0.2891609060891921,0.011265857834045566,1.6492117533360942,-4.408962119643716e-15
