Electrode,Band,Hurst,DFA,Lyapunov,Sample Entropy,Correlation Dimension
C4,cD3,0.46567110517478605,0.4449643270418422,5.0515839548383755e-06,2.0827552029498926,9.677665402173621e-16
