Electrode,Band,Hurst,DFA,Lyapunov,Sample Entropy,Correlation Dimension
Fp1,cA5,0.5365308721241744,0.7435266431258947,0.010040816727218474,1.6856445212447435,-3.5218612517050254e-16
