Electrode,Band,Hurst,DFA,Lyapunov,Sample Entropy,Correlation Dimension
Fp1,cD3,0.47295511796870593,0.48123956605107165,0.0036080013621933,2.135375922073372,7.451739541379639e-16
