Electrode,Band,Hurst,DFA,Lyapunov,Sample Entropy,Correlation Dimension
C3,cA5,0.5235684073868748,0.8082128137419785,0.02477070704642978,1.9089341057558558,-3.270605997846607e-16
