Electrode,Band,Hurst,DFA,Lyapunov,Sample Entropy,Correlation Dimension
C4,cD4,0.4016093958916056,0.38021724159572695,0.00404961325905518,1.9902133992086635,-9.241707367343512e-16
