Electrode,Band,Hurst,DFA,Lyapunov,Sample Entropy,Correlation Dimension
C3,cD5,0.3731765636136713,0.3666655318423958,0.005115179582075716,1.9523898591773614,2.372336092248722e-15
