Electrode,Band,Hurst,DFA,Lyapunov,Sample Entropy,Correlation Dimension
P4,cD1,0.27155999215008464,0.2676999564616444,0.006057583202015032,1.4591705672309112,0.00018774538641241285
