Electrode,Band,Hurst,DFA,Lyapunov,Sample Entropy,Correlation Dimension
P4,cA5,0.47248516654880096,0.7182445421118039,0.04312941373049562,1.8602537023708938,-3.422891375597351e-16
