Electrode,Band,Hurst,DFA,Lyapunov,Sample Entropy,Correlation Dimension
Fp2,cD1,0.30732603562725297,0.26081850170852094,0.0107811633671553,1.7885722048391626,1.673702404396926e-15
