Electrode,Band,Hurst,DFA,Lyapunov,Sample Entropy,Correlation Dimension
C3,cD3,0.4262363619938359,0.4298989192111624,0.0030803507024590882,2.083658745809219,8.84544677961486e-16
