Electrode,Band,Hurst,DFA,Lyapunov,Sample Entropy,Correlation Dimension
Fp1,cD5,0.29272475881705196,0.23038730773407765,0.04697778645683738,1.2967334052867543,0.05020491609080522
