Electrode,Band,Hurst,DFA,Lyapunov,Sample Entropy,Correlation Dimension
PO3,cA5,0.6660165701371992,0.7934957024500805,0.06734354512674814,1.65915039252017,4.758937299473423e-16
