Electrode,Band,Hurst,DFA,Lyapunov,Sample Entropy,Correlation Dimension
P4,cD5,0.3311026818149592,0.27070823381325876,0.015583508498185615,1.6268193697416513,3.2686393370595107e-16
