Electrode,Band,Hurst,DFA,Lyapunov,Sample Entropy,Correlation Dimension
Fp2,cD3,0.4842647841570054,0.47859836700341535,0.0009114005348895637,2.116051067793023,2.828106824964873e-15
