Electrode,Band,Hurst,DFA,Lyapunov,Sample Entropy,Correlation Dimension
C4,cA5,0.6784058125654943,0.9005504389727905,0.031325779241674144,1.6830556759466755,1.97058909565337e-15
