Electrode,Band,Hurst,DFA,Lyapunov,Sample Entropy,Correlation Dimension
P4,cD2,0.4340694536189747,0.43263500239917524,0.0003327109596940442,1.8585394566228897,3.974630018650064e-16
