Electrode,Band,Hurst,DFA,Lyapunov,Sample Entropy,Correlation Dimension
P4,cD3,0.4710105564023965,0.47509291138775905,0.002950260855934874,2.0520200833137254,-9.003862064396442e-16
