Electrode,Band,Hurst,DFA,Lyapunov,Sample Entropy,Correlation Dimension
F3,cD2,0.4513772961524879,0.4187747864900744,0.00023727416992158263,2.078202571431661,3.064416153384442e-17
