Electrode,Band,Hurst,DFA,Lyapunov,Sample Entropy,Correlation Dimension
PO3,cD1,0.27675648445049883,0.24216214012076412,0.005051014640114238,1.5633965142680457,-1.4561929046143424e-15
