Electrode,Band,Hurst,DFA,Lyapunov,Sample Entropy,Correlation Dimension
PO3,cD3,0.4869419459524902,0.4732829296746477,0.0031758655201305896,2.1206239852065485,9.150129494510764e-16
