Electrode,Band,Hurst,DFA,Lyapunov,Sample Entropy,Correlation Dimension
F3,cD5,0.2865163932531939,0.23698929354673484,0.036036059620616054,1.3149425194548512,1.562406382782227e-15
