Electrode,Band,Hurst,DFA,Lyapunov,Sample Entropy,Correlation Dimension
P4,cA5,0.3820153062609704,0.4858875009758185,0.0243233858884035,1.9041334560657397,-2.277667113504809e-16
