Electrode,Band,Hurst,DFA,Lyapunov,Sample Entropy,Correlation Dimension
Fp2,cA5,0.46116311721903813,0.6854059115356254,0.031402553346565505,1.6713114022747582,-1.4897771288599464e-15
