Electrode,Band,Hurst,DFA,Lyapunov,Sample Entropy,Correlation Dimension
Fp2,cD2,0.42074437077915466,0.4226467650312747,0.0007116086555246505,1.8689515988663303,-9.890817733756407e-16
