Electrode,Band,Hurst,DFA,Lyapunov,Sample Entropy,Correlation Dimension
C3,cD2,0.4381015275273954,0.4255025939211949,0.0006020806052464587,2.0369306464613803,8.140696371995978e-16
