Electrode,Band,Hurst,DFA,Lyapunov,Sample Entropy,Correlation Dimension
F4,cA5,0.3914018870721301,0.6268824397089672,0.0038445646112614854,2.0463430292417994,5.603987269210573e-16
