Electrode,Band,Hurst,DFA,Lyapunov,Sample Entropy,Correlation Dimension
Fp1,cD1,0.3426709662798558,0.3167394615509588,0.004692476445977961,1.4656575247674455,8.794563594768816e-05
