Electrode,Band,Hurst,DFA,Lyapunov,Sample Entropy,Correlation Dimension
Fp2,cD1,0.3419437068292339,0.3086380217742292,0.002418587424538037,1.5734688430356445,-4.390651924518607e-15
