Electrode,Band,Hurst,DFA,Lyapunov,Sample Entropy,Correlation Dimension
C3,cA5,0.4113893602470625,0.5355592990986942,0.007857552775136433,2.0499060220543273,-5.316207432607821e-16
