Electrode,Band,Hurst,DFA,Lyapunov,Sample Entropy,Correlation Dimension
PO3,cD3,0.43417423759457247,0.4117918477426756,0.00113740978818907,2.0758084508471417,-9.190255174337961e-16
