Electrode,Band,Hurst,DFA,Lyapunov,Sample Entropy,Correlation Dimension
C4,cA5,0.34345515346758215,0.5945882415164583,0.006540463187477861,2.062474512912966,-3.141847339246711e-16
