Electrode,Band,Hurst,DFA,Lyapunov,Sample Entropy,Correlation Dimension
Fp2,cD3,0.41393259564347,0.40320497109832787,0.0012446779193302062,2.039074918882053,2.972518396586497e-15
