Electrode,Band,Hurst,DFA,Lyapunov,Sample Entropy,Correlation Dimension
C3,cD5,0.4493916043501845,0.46057373724224343,0.015619293674007996,1.9716035237473468,9.653444605890436e-16
