Electrode,Band,Hurst,DFA,Lyapunov,Sample Entropy,Correlation Dimension
F3,cD3,0.42045755617725733,0.3978089334849307,0.009005686619899273,2.0480195548917055,1.092051996697936e-15
