Electrode,Band,Hurst,DFA,Lyapunov,Sample Entropy,Correlation Dimension
P4,cD5,0.40014683712612564,0.3754332608219795,0.09131519611065228,1.6942629236112048,8.4396618584359255e-16
