Electrode,Band,Hurst,DFA,Lyapunov,Sample Entropy,Correlation Dimension
Fp1,cD2,0.4490943363337355,0.4555482837814756,0.0038452668623489656,1.7014201276534382,2.5692299514204495e-15
