Electrode,Band,Hurst,DFA,Lyapunov,Sample Entropy,Correlation Dimension
Fp1,cD3,0.5074097652074899,0.48297701253189396,0.0038754809986458047,2.0231581347931584,9.741346732296964e-16
