Electrode,Band,Hurst,DFA,Lyapunov,Sample Entropy,Correlation Dimension
F3,cA5,0.34627234662935225,0.532911654467115,0.01617848789775287,1.99717878425341,-3.9450039686164003e-16
