Electrode,Band,Hurst,DFA,Lyapunov,Sample Entropy,Correlation Dimension
P4,cD3,0.40270715081863984,0.38077602424612556,0.004083659432151036,2.031663802444066,9.725148899799848e-16
