Electrode,Band,Hurst,DFA,Lyapunov,Sample Entropy,Correlation Dimension
Fp1,cD5,0.36215931858106953,0.38832365870397184,0.035405462128775426,1.7053760094577086,1.3296367444284707e-15
