Electrode,Band,Hurst,DFA,Lyapunov,Sample Entropy,Correlation Dimension
C4,cD3,0.35582211530111785,0.3358400626374077,0.0021042910489168353,1.960369280368839,3.753165873203797e-18
