Electrode,Band,Hurst,DFA,Lyapunov,Sample Entropy,Correlation Dimension
F4,cD1,0.3754643893022948,0.3367769962865025,0.004995900934392857,1.8810832652684213,3.561738375219859e-15
