Electrode,Band,Hurst,DFA,Lyapunov,Sample Entropy,Correlation Dimension
C3,cD1,0.3648065233648128,0.32787849830056964,0.00434510491111045,1.8735281559945103,1.8637940659750178e-15
