Electrode,Band,Hurst,DFA,Lyapunov,Sample Entropy,Correlation Dimension
P4,cD4,0.35957269711057,0.3085476454282808,0.0022047794226445353,1.9716308483019713,-8.885531024834523e-16
