Electrode,Band,Hurst,DFA,Lyapunov,Sample Entropy,Correlation Dimension
C4,cD1,0.37417631549871244,0.3430487270604506,0.004355439272793271,1.8610426768419974,1.311378092545587e-15
