Electrode,Band,Hurst,DFA,Lyapunov,Sample Entropy,Correlation Dimension
PO3,cD5,0.39244662820905,0.3318455735385129,0.09146081720079677,1.6661726911381567,1.7722718084967458e-15
