Electrode,Band,Hurst,DFA,Lyapunov,Sample Entropy,Correlation Dimension
Fp2,cD5,0.3575776530317307,0.4027386669152889,0.026493235996791435,1.8469838092957966,1.5058091218917919e-15
