Electrode,Band,Hurst,DFA,Lyapunov,Sample Entropy,Correlation Dimension
F4,cD4,0.39204345596797613,0.36764924190621917,0.004103183746337883,2.0233544291003187,-2.708880285559242e-17
