Electrode,Band,Hurst,DFA,Lyapunov,Sample Entropy,Correlation Dimension
Fp2,cD4,0.41517706560051987,0.39948845354667806,0.003729698874733515,2.0927333714575083,5.4397615226851274e-17
