Electrode,Band,Hurst,DFA,Lyapunov,Sample Entropy,Correlation Dimension
C4,cD2,0.4565854641636117,0.4358775116236031,0.0005698290738191946,2.0662854685841414,9.005069483091927e-16
