Electrode,Band,Hurst,DFA,Lyapunov,Sample Entropy,Correlation Dimension
F4,cD5,0.3990749753440838,0.44704330095718586,0.013818617467280197,1.9237029083315595,9.978232401053233e-16
