Electrode,Band,Hurst,DFA,Lyapunov,Sample Entropy,Correlation Dimension
C4,cD5,0.5218380689143192,0.4895465318479422,0.004763828624378325,1.999773484174102,4.1049879598539065e-16
