Electrode,Band,Hurst,DFA,Lyapunov,Sample Entropy,Correlation Dimension
C3,cD3,0.38228113292891835,0.36636948193058555,0.009504918451909728,1.9385159715370566,1.0264959481288201e-15
