Electrode,Band,Hurst,DFA,Lyapunov,Sample Entropy,Correlation Dimension
F4,cD2,0.44125923485594376,0.42448862030882917,0.0009108687892105749,2.090135993604668,-1.7427465809193353e-15
