Electrode,Band,Hurst,DFA,Lyapunov,Sample Entropy,Correlation Dimension
F3,cD4,0.35003463898408704,0.3223766031654477,0.002525878675056333,1.9923999899482732,-8.965616666064504e-17
