Electrode,Band,Hurst,DFA,Lyapunov,Sample Entropy,Correlation Dimension
PO3,cD4,0.3485852480726312,0.31127111140874947,0.009778262851955474,1.9796562029511897,-1.1550268216554003e-15
