Electrode,Band,Hurst,DFA,Lyapunov,Sample Entropy,Correlation Dimension
F3,cD1,0.3571750482301591,0.3328410286311215,0.004712824387983914,1.805163265482939,6.062391212187685e-18
