Electrode,Band,Hurst,DFA,Lyapunov,Sample Entropy,Correlation Dimension
F4,cD3,0.3870206636303971,0.38683603531212246,-3.5384207060934146e-05,2.0811553381575707,9.016878444880727e-16
