Electrode,Band,Hurst,DFA,Lyapunov,Sample Entropy,Correlation Dimension
C3,cD4,0.31607649541244187,0.27984597247545695,0.005097961425781165,1.850349785838196,3.643539931782615e-16
