Electrode,Band,Hurst,DFA,Lyapunov,Sample Entropy,Correlation Dimension
PO3,cD1,0.3574624957562321,0.3272892654577896,0.004537053541703724,1.776022994147012,4.205088542679322e-15
