Electrode,Band,Hurst,DFA,Lyapunov,Sample Entropy,Correlation Dimension
PO3,cA5,0.4006577054316848,0.533073244358993,0.03862310390846398,1.7800722485458274,-3.861992903489317e-16
