Electrode,Band,Hurst,DFA,Lyapunov,Sample Entropy,Correlation Dimension
F3,cD2,0.43864820384198894,0.42572911733516977,0.00021568067146084482,2.0213859855696086,-1.1488149786624318e-16
