Electrode,Band,Hurst,DFA,Lyapunov,Sample Entropy,Correlation Dimension
P4,cD1,0.3585971692875555,0.3447770025836247,0.0015049443100439127,1.8833695812306692,1.7494920474313718e-15
