Electrode,Band,Hurst,DFA,Lyapunov,Sample Entropy,Correlation Dimension
PO3,cD2,0.4776552153284315,0.44493013000259046,0.003130583329634232,2.0407567216501197,6.248663515393644e-16
