Electrode,Band,Hurst,DFA,Lyapunov,Sample Entropy,Correlation Dimension
F3,cD5,0.44065480652302647,0.41481096755360053,0.038838810079238034,1.7462565385995261,9.539234532053165e-16
