Electrode,Band,Hurst,DFA,Lyapunov,Sample Entropy,Correlation Dimension
C4,cD4,0.29567023607135534,0.27436178857444987,0.004838804765180734,1.9935327499170075,1.7333961803881377e-17
