Electrode,Band,Hurst,DFA,Lyapunov,Sample Entropy,Correlation Dimension
P4,cD2,0.41971382904869214,0.41791239240909134,0.00018955577503541228,2.046186075287935,5.433666391510165e-16
