Electrode,Band,Hurst,DFA,Lyapunov,Sample Entropy,Correlation Dimension
Fp1,cD4,0.36132535152290146,0.33094192612760576,-0.0004185705473930427,2.037706395020498,1.2450534954889674e-16
