Electrode,Band,Hurst,DFA,Lyapunov,Sample Entropy,Correlation Dimension
Fp1,cA5,0.39402147479983884,0.6822713043483333,0.03113544170673075,1.3899271721572217,3.92129514657672e-15
