Electrode,Band,Hurst,DFA,Lyapunov,Sample Entropy,Correlation Dimension
F4,cD1,0.3266662675976404,0.27864001163291885,0.005913933840664761,1.7036167884555178,1.4101452892984416e-15
