Electrode,Band,Hurst,DFA,Lyapunov,Sample Entropy,Correlation Dimension
F4,cD5,0.5172630207172445,0.4496902885540387,0.006242604689164455,1.8860473856005546,5.694030701482122e-16
