Electrode,Band,Hurst,DFA,Lyapunov,Sample Entropy,Correlation Dimension
C4,cD3,0.4012400573905302,0.428662592420301,0.009600303309134771,2.0736822225235207,9.192268186317919e-16
