Electrode,Band,Hurst,DFA,Lyapunov,Sample Entropy,Correlation Dimension
P4,cD1,0.3587710383097685,0.33207261842739094,0.00138375253388346,1.8849825457979372,8.042296519335244e-05
