Electrode,Band,Hurst,DFA,Lyapunov,Sample Entropy,Correlation Dimension
Fp2,cD3,0.42160868211416214,0.40013752261436913,0.012737852154355118,1.8705113914946936,-1.402061362705494e-15
