Electrode,Band,Hurst,DFA,Lyapunov,Sample Entropy,Correlation Dimension
F3,cD2,0.4501103943784872,0.4680957715565448,-0.0005766319506100642,2.0815304256458367,1.990992032824883e-15
