Electrode,Band,Hurst,DFA,Lyapunov,Sample Entropy,Correlation Dimension
C3,cD5,0.45549666204626776,0.43302458512910014,0.0013316472371419274,2.1025506226645634,4.584289938197716e-16
