Electrode,Band,Hurst,DFA,Lyapunov,Sample Entropy,Correlation Dimension
F3,cA5,0.3314379900291634,0.5748051569074406,0.009851732454100294,2.139587809026494,4.691198483384615e-16
