Electrode,Band,Hurst,DFA,Lyapunov,Sample Entropy,Correlation Dimension
PO3,cD4,0.42840372848866975,0.47178631813416105,2.5951501098808185e-06,2.1289252607705236,-1.468613090495576e-16
