Electrode,Band,Hurst,DFA,Lyapunov,Sample Entropy,Correlation Dimension
F3,cD1,0.3410586622688524,0.32131301107958354,5.329594467609911e-05,1.7435723965262695,1.4129636828348617e-15
