Electrode,Band,Hurst,DFA,Lyapunov,Sample Entropy,Correlation Dimension
Fp1,cD2,0.4246998039964867,0.4514343531224611,0.0003413402672966848,2.0131867991427703,2.773614740096559e-16
