Electrode,Band,Hurst,DFA,Lyapunov,Sample Entropy,Correlation Dimension
Fp1,cA5,0.4775051947389556,0.5853009064919656,0.022317692959350287,1.7442968576142381,-3.443824737585855e-16
