Electrode,Band,Hurst,DFA,Lyapunov,Sample Entropy,Correlation Dimension
F4,cA5,0.5725918324603885,0.6414299754657171,0.010059720152741796,2.1200513120906357,-4.945790669385397e-16
