Electrode,Band,Hurst,DFA,Lyapunov,Sample Entropy,Correlation Dimension
F4,cD3,0.41914984923456794,0.4147206463473393,0.004937119917436255,1.9902702654960895,3.0999113155080667e-15
