Electrode,Band,Hurst,DFA,Lyapunov,Sample Entropy,Correlation Dimension
PO3,cD1,0.3566024506910953,0.3218460719311126,0.0009552868929775416,1.8836370886472704,2.4028702247151406e-15
