Electrode,Band,Hurst,DFA,Lyapunov,Sample Entropy,Correlation Dimension
F3,cD5,0.46111487366573706,0.4481507070240476,0.01039092857520936,1.9608918322627826,8.023016903446523e-16
