Electrode,Band,Hurst,DFA,Lyapunov,Sample Entropy,Correlation Dimension
Fp1,cD5,0.41285580862499777,0.44085794010404183,0.0033465038646350903,2.036274608430983,9.68206354002857e-16
