Electrode,Band,Hurst,DFA,Lyapunov,Sample Entropy,Correlation Dimension
P4,cD2,0.4421858306106694,0.42171769783124735,0.0008795767119433375,2.0408717297886105,-1.7626200209518548e-15
