Electrode,Band,Hurst,DFA,Lyapunov,Sample Entropy,Correlation Dimension
C3,cD1,0.3745197356658796,0.3316023943448745,0.0011774294304123054,1.8064658975036902,-1.3275804480494245e-15
