Electrode,Band,Hurst,DFA,Lyapunov,Sample Entropy,Correlation Dimension
P4,cD5,0.43244137943910677,0.45043597119843376,0.003920477086846939,1.9699981973700025,9.128267642400515e-16
