Electrode,Band,Hurst,DFA,Lyapunov,Sample Entropy,Correlation Dimension
P4,cA5,0.5835203147770086,0.609401973602092,0.0008426897453534376,2.0453860372673405,-5.609079133719613e-16
