Electrode,Band,Hurst,DFA,Lyapunov,Sample Entropy,Correlation Dimension
F4,cD2,0.42715311308842113,0.4462168566906085,7.2883837149506805e-06,2.0892028187205787,6.115338580187546e-16
