Electrode,Band,Hurst,DFA,Lyapunov,Sample Entropy,Correlation Dimension
P4,cD4,0.443830265162356,0.4336697663096189,0.008654069432369809,2.103073317448057,-1.2257716707398972e-16
