Electrode,Band,Hurst,DFA,Lyapunov,Sample Entropy,Correlation Dimension
C4,cD5,0.45828124149967375,0.43687981926555436,0.010524486328338805,2.0055605956694134,7.998474681686549e-16
