Electrode,Band,Hurst,DFA,Lyapunov,Sample Entropy,Correlation Dimension
C4,cA5,0.5032457903319417,0.6195259024011678,0.003391829403964135,2.047220662668673,-2.3725174738977374e-16
