Electrode,Band,Hurst,DFA,Lyapunov,Sample Entropy,Correlation Dimension
F3,cD4,0.44444226716016855,0.47165933684363887,0.005174532803622346,2.085153558674471,-1.943549977739564e-16
