Electrode,Band,Hurst,DFA,Lyapunov,Sample Entropy,Correlation Dimension
Fp2,cD1,0.32328161163668845,0.3011361311660758,0.0008347135601619451,1.8292558060705635,-2.1824372857379287e-16
