Electrode,Band,Hurst,DFA,Lyapunov,Sample Entropy,Correlation Dimension
Fp1,cD4,0.4783636473157936,0.4985182785112474,0.00013228907729614903,2.1206974797257256,-4.042512498007305e-17
