Electrode,Band,Hurst,DFA,Lyapunov,Sample Entropy,Correlation Dimension
Fp2,cD2,0.40266753019065826,0.40742501843991386,0.003809122605757099,2.053270666218328,-8.591085721009399e-16
