Electrode,Band,Hurst,DFA,Lyapunov,Sample Entropy,Correlation Dimension
PO3,cA5,0.4905992514481504,0.5667684766338882,0.008222566617952873,2.04195795521159,-4.1843394153527173e-16
