Electrode,Band,Hurst,DFA,Lyapunov,Sample Entropy,Correlation Dimension
C3,cD2,0.44303674147675876,0.44404772027802003,0.0004545153993545103,2.081241918510948,8.126981852256194e-16
