Electrode,Band,Hurst,DFA,Lyapunov,Sample Entropy,Correlation Dimension
P4,cD3,0.41555610421815425,0.3921934113170814,0.0026035540031662304,2.006786919671672,2.368837203036577e-15
