Electrode,Band,Hurst,DFA,Lyapunov,Sample Entropy,Correlation Dimension
PO3,cD2,0.45931057292331656,0.4254368116690411,0.004515067013827172,2.054155572308578,8.76972831569039e-16
