Electrode,Band,Hurst,DFA,Lyapunov,Sample Entropy,Correlation Dimension
Fp1,cD1,0.3215574662481656,0.2898559485936923,0.0019788799863868388,1.69438615936901,1.4967067535608312e-15
