Electrode,Band,Hurst,DFA,Lyapunov,Sample Entropy,Correlation Dimension
F4,cD4,0.46080504504370556,0.49820465286490456,0.004695614901455835,2.048178615164695,2.121809454372199e-16
