Electrode,Band,Hurst,DFA,Lyapunov,Sample Entropy,Correlation Dimension
C3,cD4,0.3928539935552471,0.4258753752600498,0.0032544049349695417,2.12732434127942,2.0503046194885764e-16
