Electrode,Band,Hurst,DFA,Lyapunov,Sample Entropy,Correlation Dimension
Fp1,cD3,0.4384414621612509,0.4444762878609896,0.002975992722944891,2.0450154595908776,1.0482207782994105e-15
