Electrode,Band,Hurst,DFA,Lyapunov,Sample Entropy,Correlation Dimension
Fp2,cD4,0.4724070493263912,0.5422091593719932,0.0013668464891831154,2.094926699444298,-2.889390467312391e-16
