Electrode,Band,Hurst,DFA,Lyapunov,Sample Entropy,Correlation Dimension
C3,cD3,0.425048445176555,0.4116259139403296,0.0009079268484401564,2.026804207389093,9.124661761882932e-16
