Electrode,Band,Hurst,DFA,Lyapunov,Sample Entropy,Correlation Dimension
C4,cD4,0.4266798275974305,0.42516738403989845,0.003809590773148877,2.1169796786466275,1.6276386957972656e-16
