Electrode,Band,Hurst,DFA,Lyapunov,Sample Entropy,Correlation Dimension
C3,cA5,0.5240541547545716,0.622359865908748,0.01859860904916716,2.083101502511323,-3.502526708130767e-16
