Electrode,Band,Hurst,DFA,Lyapunov,Sample Entropy,Correlation Dimension
Fp2,cD5,0.4815250027813079,0.45364497689813055,0.005291236530650883,2.0402180437830504,7.684759424428319e-16
