Electrode,Band,Hurst,DFA,Lyapunov,Sample Entropy,Correlation Dimension
PO3,cD3,0.41287426479397427,0.39269512838517057,0.0015739961103954838,2.006588582285935,8.58466586561705e-16
