Electrode,Band,Hurst,DFA,Lyapunov,Sample Entropy,Correlation Dimension
PO3,cD5,0.4713849393124907,0.4411947829075358,0.003936394778164734,1.9994836106622502,1.6346604513133725e-16
