Electrode,Band,Hurst,DFA,Lyapunov,Sample Entropy,Correlation Dimension
F3,cD3,0.39130115430934304,0.4135070859951097,0.009803765606339077,1.9607661530123206,7.067774260420089e-16
