Electrode,Band,Hurst,DFA,Lyapunov,Sample Entropy,Correlation Dimension
C4,cD2,0.43744368678952195,0.4511200316987586,0.0006176052671487636,2.1070321249795896,9.047937752197488e-16
