Electrode,Band,Hurst,DFA,Lyapunov,Sample Entropy,Correlation Dimension
C4,cD1,0.3456686780923348,0.32083885732158113,0.006085473840886768,1.785326631108473,4.771399955338388e-15
