Electrode,Band,Hurst,DFA,Lyapunov,Sample Entropy,Correlation Dimension
Fp2,cA5,0.4780015309493688,0.7222498010513333,0.016678799639691894,1.7517283011626177,-4.150210370227696e-16
