Electrode,Band,Hurst,DFA,Lyapunov,Sample Entropy,Correlation Dimension
C4,cD3,0.4485699438029531,0.4425027420597022,0.004611015319824268,1.9750441377447758,-9.870451552271803e-16
