Electrode,Band,Hurst,DFA,Lyapunov,Sample Entropy,Correlation Dimension
C4,cD4,0.4576094818578788,0.5083888564734325,0.0003596045754170558,2.1302434807426827,1.447405266767048e-16
