Electrode,Band,Hurst,DFA,Lyapunov,Sample Entropy,Correlation Dimension
C4,cA5,0.65962505579879,0.6552465558202243,0.009033336506023558,1.8919970879309236,-4.2911428150695443e-16
