Electrode,Band,Approximate Entropy,Permutation Entropy,Sample Entropy,SVD Entropy
C4,cD1,1.9166389340653733,2.5409477171505026,1.768897568496939,1.4426189891108065
C4,cD2,2.091512808309683,2.5765618147050318,2.0006486754373447,1.5581481017399894
C4,cD3,2.0117324858118666,2.5530145458398095,1.975044137744776,1.541736911301714
C4,cD4,2.0282752356935028,2.583764626522535,2.1302434807426827,1.5843643973928532
C4,cD5,1.7763889317448252,2.543016995156823,1.9400479433855442,1.500467038757169
C4,cA5,1.5303115676442554,2.579961137533292,1.8919970879309236,1.5313620065021742
