Electrode,Band,Hurst,DFA,Lyapunov,Sample Entropy,Correlation Dimension
C4,cD2,0.4433125134097397,0.4336210343631728,0.0008428169019289491,2.0006486754373447,2.129494309468148e-15
