Electrode,Band,Hurst,DFA,Lyapunov,Sample Entropy,Correlation Dimension
C4,cD5,0.44380710323289096,0.4285301468577206,0.006634608182040043,1.9400479433855442,8.483273934028414e-16
