Electrode,Band,Hurst,DFA,Lyapunov,Sample Entropy,Correlation Dimension
C4,cD1,0.3681804550672298,0.32812851579929564,0.005018312280828065,1.7688975684969392,3.313566164129708e-15
