Electrode,Band,Hurst,DFA,Lyapunov,Sample Entropy,Correlation Dimension
C4,cD4,0.40538938260602553,0.42470282242600915,0.0020650979244348114,2.073574965199697,1.7435715808657782e-16
