Electrode,Band,Hurst,DFA,Lyapunov,Sample Entropy,Correlation Dimension
C4,cA5,0.584539639662515,0.8495012069538366,0.007626622086864053,1.4229452546580716,1.0383473341205918e-15
