Electrode,Band,Hurst,DFA,Lyapunov,Sample Entropy,Correlation Dimension
C4,cD1,0.3749633056427021,0.3551722074185646,0.0006191831646543584,1.7101609014476282,3.757946837150156e-15
