Electrode,Band,Approximate Entropy,Permutation Entropy,Sample Entropy,SVD Entropy
C4,cD1,1.8660510788023927,2.546676841666737,1.7101609014476282,1.454720339038631
C4,cD2,1.9573870063356331,2.5727285895061582,1.8452106254711038,1.5543835950502674
C4,cD3,1.9994131542081623,2.571172642240143,1.962544330783204,1.5604364351476359
C4,cD4,1.9846972088452421,2.580145013605439,2.073574965199697,1.5563710918005806
C4,cD5,1.7753543650290124,2.5653519153969624,1.9770833872736788,1.5370349376198433
C4,cA5,1.3455514595860336,2.5388956916733356,1.4229452546580716,1.3338554395618667
