Electrode,Band,Hurst,DFA,Lyapunov,Sample Entropy,Correlation Dimension
C4,cD5,0.46504816063117654,0.45870994052330877,0.011056940038721371,1.9770833872736788,9.430878333042913e-16
