Electrode,Band,Hurst,DFA,Lyapunov,Sample Entropy,Correlation Dimension
C4,cD3,0.4410661634277751,0.4375553920345349,0.0005786780155064199,1.9625443307832038,2.3777067842857266e-15
