Electrode,Band,Hurst,DFA,Lyapunov,Sample Entropy,Correlation Dimension
C4,cD2,0.4395386057851651,0.4452990860705174,0.003231603449040992,1.845210625471104,-1.1310587237735013e-15
