Electrode,Band,Hurst,DFA,Lyapunov,Sample Entropy,Correlation Dimension
C4,cD4,0.45857943432497006,0.5320181138283435,0.0010358059045041121,2.143049365972756,-4.2966337829199105e-17
