Electrode,Band,Hurst,DFA,Lyapunov,Sample Entropy,Correlation Dimension
Fp2,cD5,0.4465251946804561,0.4917229702037949,-0.0013707363244257545,1.9827745189764692,9.593026758109985e-16
