Electrode,Band,Hurst,DFA,Lyapunov,Sample Entropy,Correlation Dimension
F3,cD1,0.31297926752002814,0.29091085561910046,0.010666334740469442,1.638448808262907,0.0015762755237685075
