Electrode,Band,Hurst,DFA,Lyapunov,Sample Entropy,Correlation Dimension
C3,cD1,0.32771390779299137,0.30855940455838327,0.0038705218922006368,1.6117396465433467,-4.4699531517124666e-15
