Electrode,Band,Hurst,DFA,Lyapunov,Sample Entropy,Correlation Dimension
C3,cD2,0.46607302150453755,0.4823251950828639,0.0009187640565813396,2.029120022878632,3.853172566737584e-15
