Electrode,Band,Hurst,DFA,Lyapunov,Sample Entropy,Correlation Dimension
C4,cD1,0.30696050659383484,0.28399561644758053,0.005245529521595541,1.401908388701512,0.015579858427578797
