Electrode,Band,Hurst,DFA,Lyapunov,Sample Entropy,Correlation Dimension
P4,cD1,0.3235885187533517,0.30111922975053723,0.005274946039372939,1.775409431337738,1.6259499867758333e-15
