Electrode,Band,Hurst,DFA,Lyapunov,Sample Entropy,Correlation Dimension
F4,cA5,0.6333666346929956,0.6718278628554499,0.014955513869922908,1.941930308302087,-2.3969518162396223e-16
