Electrode,Band,Hurst,DFA,Lyapunov,Sample Entropy,Correlation Dimension
P4,cD3,0.4670014390314021,0.49833461206943597,0.0008484002315632865,2.1436205048310564,9.761738314357096e-16
