Electrode,Band,Hurst,DFA,Lyapunov,Sample Entropy,Correlation Dimension
F3,cD2,0.47118951923589014,0.4730710138473639,-0.00018779292251160914,2.0719519441778154,-1.7430454835216096e-16
