Electrode,Band,Hurst,DFA,Lyapunov,Sample Entropy,Correlation Dimension
F4,cD4,0.4514965271177991,0.47986430858438056,-0.0002656821048622578,2.1569638426940148,-4.763336558147501e-17
