Electrode,Band,Hurst,DFA,Lyapunov,Sample Entropy,Correlation Dimension
C4,cD5,0.5106976958409575,0.5629348160475092,0.0005888852206140672,2.087628070095783,5.671091778414688e-16
