Electrode,Band,Hurst,DFA,Lyapunov,Sample Entropy,Correlation Dimension
C3,cD3,0.5030022413780088,0.5278396281466022,0.0008268529718566173,2.1354626746440206,1.0151695992829021e-15
