Electrode,Band,Hurst,DFA,Lyapunov,Sample Entropy,Correlation Dimension
Fp2,cD3,0.5166554255510736,0.5155179942810323,0.0005513798106796087,2.128828739014253,-8.710865698708121e-16
