Electrode,Band,Hurst,DFA,Lyapunov,Sample Entropy,Correlation Dimension
F4,cD3,0.47943932105521814,0.5146037323119849,0.0009541251442647084,2.154061115423092,1.2921631929560224e-15
