Electrode,Band,Hurst,DFA,Lyapunov,Sample Entropy,Correlation Dimension
Fp1,cD5,0.4298776073368607,0.5021757325281371,0.002888046611438881,2.0377880131998367,8.886891661130693e-16
