Electrode,Band,Hurst,DFA,Lyapunov,Sample Entropy,Correlation Dimension
F4,cD5,0.46451593792870366,0.5023942663373951,-0.000862740025376093,2.130413108304043,8.373993582913087e-16
