Electrode,Band,Hurst,DFA,Lyapunov,Sample Entropy,Correlation Dimension
Fp2,cD2,0.4172722601162282,0.42536759006189195,0.0001852035522454268,2.0639886681185424,1.0412619327369893e-15
