Electrode,Band,Hurst,DFA,Lyapunov,Sample Entropy,Correlation Dimension
Fp1,cD3,0.4660686534319364,0.5287919392485649,-0.0001728578047320295,2.1658046317554946,7.212132438504348e-16
