Electrode,Band,Hurst,DFA,Lyapunov,Sample Entropy,Correlation Dimension
P4,cD5,0.42625265333587037,0.49000500539933234,0.00461076389659534,2.0951543757066236,8.120775760136829e-16
