Electrode,Band,Hurst,DFA,Lyapunov,Sample Entropy,Correlation Dimension
F3,cD4,0.42215250232517815,0.48940651142341307,-3.6181825580607475e-06,2.1597802242707886,-8.109800799397691e-17
