Electrode,Band,Hurst,DFA,Lyapunov,Sample Entropy,Correlation Dimension
P4,cD2,0.49773032195676975,0.47605126426279626,0.0004441290190725885,2.135215868296014,1.0814896662830497e-16
