Electrode,Band,Hurst,DFA,Lyapunov,Sample Entropy,Correlation Dimension
Fp1,cD1,0.2811996114330847,0.24076250096198026,0.005566579645330291,1.7181052578106357,3.573763099880241e-15
