Electrode,Band,Hurst,DFA,Lyapunov,Sample Entropy,Correlation Dimension
C3,cD5,0.5361150794866321,0.5603499013831115,0.0037742267955433537,2.0561596026965576,2.0097296104749515e-15
