Electrode,Band,Hurst,DFA,Lyapunov,Sample Entropy,Correlation Dimension
Fp1,cD2,0.4532116954344555,0.4432184334632434,0.003815234791148678,2.0895107202407197,1.9912382157942645e-15
