Electrode,Band,Hurst,DFA,Lyapunov,Sample Entropy,Correlation Dimension
C4,cD2,0.46786755985383494,0.44315559896266976,0.00019745682225065695,1.8724916600536143,0.0005813579115669077
