Electrode,Band,Hurst,DFA,Lyapunov,Sample Entropy,Correlation Dimension
Fp1,cD4,0.43901219843962486,0.4401374246058983,0.0035516998984596116,2.1487706323848825,-6.309374993352316e-17
