Electrode,Band,Hurst,DFA,Lyapunov,Sample Entropy,Correlation Dimension
P4,cD4,0.3940929643282287,0.3990182327928396,0.0024147293784403147,2.0085811235400604,1.7212989631447589e-16
