Electrode,Band,Hurst,DFA,Lyapunov,Sample Entropy,Correlation Dimension
C3,cA5,0.5254764636649659,0.5458490526075479,0.0007684592044712962,1.8515743409486018,-5.730459887723416e-16
