Electrode,Band,Hurst,DFA,Lyapunov,Sample Entropy,Correlation Dimension
Fp1,cA5,0.4044525135428002,0.6063144275263666,0.06979282278763607,0.928532436108875,2.0347563575073934e-15
