Electrode,Band,Hurst,DFA,Lyapunov,Sample Entropy,Correlation Dimension
Fp2,cD1,0.30528551646217483,0.28189193880014085,0.005836278742009762,1.746738988806727,3.349476925158905e-15
