Electrode,Band,Hurst,DFA,Lyapunov,Sample Entropy,Correlation Dimension
C3,cD4,0.41089177584986886,0.45710726990736816,0.005033701116388334,2.083778680440901,-1.9010917303525196e-16
