Electrode,Band,Hurst,DFA,Lyapunov,Sample Entropy,Correlation Dimension
F3,cD3,0.4931592903961685,0.5187087318718387,-0.0007374850186438543,2.1531330891620497,-7.981486898248192e-16
