Electrode,Band,Hurst,DFA,Lyapunov,Sample Entropy,Correlation Dimension
C4,cA5,0.47010750295874076,0.4733259640336893,0.020522335597447157,1.8938971850478368,-5.022526034150748e-15
