Electrode,Band,Hurst,DFA,Lyapunov,Sample Entropy,Correlation Dimension
Fp2,cD4,0.4615078289391326,0.4691407858965,0.0005041353630297012,2.132371798789137,4.601913055238812e-18
