Electrode,Band,Hurst,DFA,Lyapunov,Sample Entropy,Correlation Dimension
F3,cD5,0.4406368015819317,0.47774320400151005,0.00804808564473664,2.194581476763883,7.71635480136524e-16
