Electrode,Band,Hurst,DFA,Lyapunov,Sample Entropy,Correlation Dimension
Fp2,cA5,0.4522919326021863,0.6964556425862579,0.05797345079921711,0.9103705805425617,-1.60929060087741e-15
