Electrode,Band,Hurst,DFA,Lyapunov,Sample Entropy,Correlation Dimension
F4,cD1,0.31844540193322635,0.2777092970461082,0.004773408716375275,1.6452002331592368,3.395711851462424e-15
