Electrode,Band,Hurst,DFA,Lyapunov,Sample Entropy,Correlation Dimension
F3,cA5,0.5297353822485861,0.7363204069930682,0.013557798280490476,1.760501889855981,-4.298026147857797e-16
