Electrode,Band,Hurst,DFA,Lyapunov,Sample Entropy,Correlation Dimension
C4,cD3,0.5189284990496404,0.5429760917787446,0.0007797992590700238,2.12512907441689,-1.2407670887029425e-15
