Electrode,Band,Hurst,DFA,Lyapunov,Sample Entropy,Correlation Dimension
F4,cD2,0.4671171782351515,0.4632959617832221,0.002690731395374658,2.075059420016876,-8.468549907399904e-16
