Electrode,Band,Hurst,DFA,Lyapunov,Sample Entropy,Correlation Dimension
P4,cA5,0.3722551590327053,0.5699700850032191,0.009315777491856402,1.8089851955039158,4.138291385060361e-16
