Electrode,Band,Hurst,DFA,Lyapunov,Sample Entropy,Correlation Dimension
Fp2,cA5,0.651065896445302,0.8604821740093136,0.00468983715527702,1.3990213771213627,-1.5905053793719276e-15
