Electrode,Band,Hurst,DFA,Lyapunov,Sample Entropy,Correlation Dimension
P4,cD3,0.5216475295497778,0.5210034447811874,0.008783227430988493,2.131221259487297,9.366779095507317e-16
