Electrode,Band,Hurst,DFA,Lyapunov,Sample Entropy,Correlation Dimension
C3,cD1,0.31916894432599263,0.30974245006910295,0.005533920634876545,1.666565456594758,-4.366868561050607e-15
