Electrode,Band,Hurst,DFA,Lyapunov,Sample Entropy,Correlation Dimension
Fp2,cD5,0.34026183379213065,0.3414969845282556,0.03008286271776465,1.8079291236299835,9.48859687329842e-16
