Electrode,Band,Hurst,DFA,Lyapunov,Sample Entropy,Correlation Dimension
P4,cD2,0.41675363719361724,0.39574221587561853,0.0037814747203479345,1.9307255921316337,-1.137508438777561e-15
