Electrode,Band,Hurst,DFA,Lyapunov,Sample Entropy,Correlation Dimension
Fp1,cD5,0.3482372309056698,0.3512588060082091,0.019773876750386086,1.773929406616154,5.898253564312345e-16
