Electrode,Band,Hurst,DFA,Lyapunov,Sample Entropy,Correlation Dimension
F4,cD4,0.41463020038294063,0.41730581511844,0.0006966735377452729,2.0765226810595228,1.6464820526989027e-15
