Electrode,Band,Hurst,DFA,Lyapunov,Sample Entropy,Correlation Dimension
C4,cD1,0.24549656826627958,0.17257041447315416,0.006018421866676826,1.3985419254866245,0.0006704313050267932
