Electrode,Band,Hurst,DFA,Lyapunov,Sample Entropy,Correlation Dimension
C3,cD4,0.42352343337016224,0.42330993349851076,0.0016111662893584545,1.9630667740184842,-7.029057300553481e-16
