Electrode,Band,Hurst,DFA,Lyapunov,Sample Entropy,Correlation Dimension
Fp1,cA5,0.6271668726163512,0.799789902801086,0.022072561494596868,1.5059092346213663,9.815886636396146e-16
