Electrode,Band,Hurst,DFA,Lyapunov,Sample Entropy,Correlation Dimension
F4,cD2,0.4489746509396829,0.4411917403200067,2.1992307720575484e-05,2.0129159973996766,-1.60041182471102e-17
