Electrode,Band,Hurst,DFA,Lyapunov,Sample Entropy,Correlation Dimension
F4,cD3,0.5128250476905567,0.5493521572562174,0.0002762418804745401,2.0862910382251343,-1.011981250002389e-15
