Electrode,Band,Hurst,DFA,Lyapunov,Sample Entropy,Correlation Dimension
C4,cA5,0.4407866030033301,0.5943419928383145,0.01040345305329473,2.099761064604053,-5.936971751046645e-16
