Electrode,Band,Hurst,DFA,Lyapunov,Sample Entropy,Correlation Dimension
P4,cD1,0.26150006821447996,0.2329206351831614,0.005951777371492956,1.6218132739106559,2.4463340032377073e-15
