Electrode,Band,Hurst,DFA,Lyapunov,Sample Entropy,Correlation Dimension
Fp2,cD4,0.4291300370977298,0.4127408588949491,0.004119508916681484,2.0780642363890367,-2.297680297879261e-17
