Electrode,Band,Hurst,DFA,Lyapunov,Sample Entropy,Correlation Dimension
PO3,cD4,0.41001368560562385,0.38844485680205115,0.008815067847681171,2.0409599969349657,5.247913985575919e-17
