Electrode,Band,Hurst,DFA,Lyapunov,Sample Entropy,Correlation Dimension
Fp1,cD1,0.31371832071157735,0.2538948148109832,0.001970788204308045,1.5722229769800942,-2.0816928860520406e-16
