Electrode,Band,Hurst,DFA,Lyapunov,Sample Entropy,Correlation Dimension
Fp2,cD2,0.44671152597966884,0.442626623760372,0.0036985310641199933,2.0206848309979057,9.732520871436338e-17
