Electrode,Band,Hurst,DFA,Lyapunov,Sample Entropy,Correlation Dimension
P4,cA5,0.304061019846938,0.7018149096178377,0.03498311042785662,2.023068351075361,-4.821338274329214e-16
