Electrode,Band,Hurst,DFA,Lyapunov,Sample Entropy,Correlation Dimension
Fp1,cD2,0.45633734778545654,0.44112173290235335,0.0002970204208833134,1.9282425186024597,-9.38667192877725e-16
