Electrode,Band,Hurst,DFA,Lyapunov,Sample Entropy,Correlation Dimension
C3,cA5,0.45245841676379006,0.6871847413167161,0.01122061856143187,2.0052469406873197,-5.294954308308869e-16
