Electrode,Band,Hurst,DFA,Lyapunov,Sample Entropy,Correlation Dimension
Fp2,cD1,0.3230703684808044,0.27833596712552333,0.013012391870671674,1.6933117512108757,3.1314109897472395e-15
