Electrode,Band,Hurst,DFA,Lyapunov,Sample Entropy,Correlation Dimension
PO3,cA5,0.3387575527134511,0.55523520573059,0.017475337772579272,2.050789779875789,-3.416676902298396e-16
