Electrode,Band,Hurst,DFA,Lyapunov,Sample Entropy,Correlation Dimension
Fp2,cD3,0.4909772030672287,0.5021490866354791,-0.0011156891331528828,2.0918310806919287,2.6639865264567397e-15
