Electrode,Band,Hurst,DFA,Lyapunov,Sample Entropy,Correlation Dimension
PO3,cD1,0.30040089057340724,0.27500567168304524,0.004719205336137352,1.7139169463560429,-4.415003715560773e-15
