Electrode,Band,Hurst,DFA,Lyapunov,Sample Entropy,Correlation Dimension
F4,cD1,0.30348969364735745,0.27672653032753286,0.001968609202991397,1.6444537128271814,-4.012691841747412e-15
