Electrode,Band,Hurst,DFA,Lyapunov,Sample Entropy,Correlation Dimension
P4,cD4,0.437912156617876,0.4592346011401089,0.005290438912131304,2.100059206223764,2.450211263922263e-17
