Electrode,Band,Hurst,DFA,Lyapunov,Sample Entropy,Correlation Dimension
P4,cD5,0.35829761629231405,0.3417602532293709,0.09972666122101204,1.7361212774107864,2.901395399027059e-16
