Electrode,Band,Hurst,DFA,Lyapunov,Sample Entropy,Correlation Dimension
C4,cD2,0.40113079139829905,0.3794872744020442,0.004318237304687289,1.5572066242766707,0.0007553704430729453
