Electrode,Band,Hurst,DFA,Lyapunov,Sample Entropy,Correlation Dimension
C4,cD5,0.4519299977573084,0.47154560495596987,0.020278213741062465,1.9642136053364108,7.156194151986824e-16
