Electrode,Band,Hurst,DFA,Lyapunov,Sample Entropy,Correlation Dimension
C3,cD3,0.47660549223167137,0.4930117111348581,0.0008039879076407874,1.9846420715122142,9.486085534955372e-16
