Electrode,Band,Hurst,DFA,Lyapunov,Sample Entropy,Correlation Dimension
PO3,cD5,0.35832107947408726,0.32069154590141763,0.013233191483504684,1.8138761902330418,7.681174480485781e-16
