Electrode,Band,Hurst,DFA,Lyapunov,Sample Entropy,Correlation Dimension
PO3,cD3,0.4948575787540502,0.5229003033207126,0.0029535376148299842,2.1416121884253823,-6.691168891970275e-16
