Electrode,Band,Hurst,DFA,Lyapunov,Sample Entropy,Correlation Dimension
C3,cD5,0.4296876947329513,0.42135111042665024,0.0184573184002889,1.893600460950425,2.189104243406685e-15
