Electrode,Band,Hurst,DFA,Lyapunov,Sample Entropy,Correlation Dimension
Fp1,cD4,0.42398288156150277,0.41810835898057797,0.0031761342828923286,2.055858569759123,-3.0919828346599606e-16
