Electrode,Band,Hurst,DFA,Lyapunov,Sample Entropy,Correlation Dimension
C4,cD4,0.48755364995784556,0.524933236250529,0.0006362626046841534,2.073174423430354,4.359699642529556e-16
