Electrode,Band,Hurst,DFA,Lyapunov,Sample Entropy,Correlation Dimension
F4,cD5,0.3948379560252717,0.3943094284345843,0.030740624401415676,1.9533025508806419,-3.9592840956761567e-16
