Electrode,Band,Hurst,DFA,Lyapunov,Sample Entropy,Correlation Dimension
C3,cD2,0.44172381529569593,0.4438475972037647,-0.0004154320919154137,1.9565604863293193,-1.1380070184610263e-15
