Electrode,Band,Hurst,DFA,Lyapunov,Sample Entropy,Correlation Dimension
F4,cA5,0.5702466007906013,0.7416010408675324,0.020041286322298135,1.9537092041208068,-4.0692401737002203e-16
