Electrode,Band,Hurst,DFA,Lyapunov,Sample Entropy,Correlation Dimension
C4,cD3,0.49537882814472156,0.5202266284541368,0.003945211930708627,1.7940674065049953,0.0005776006419793617
