Electrode,Band,Hurst,DFA,Lyapunov,Sample Entropy,Correlation Dimension
PO3,cD2,0.4527965863204442,0.4554585359336107,-0.00013070539994690752,2.0712055677318553,-1.1371464201060276e-15
