Electrode,Band,Hurst,DFA,Lyapunov,Sample Entropy,Correlation Dimension
F3,cD4,0.4217743824333245,0.4024052066346201,0.02816919550358198,1.8880512478346254,5.0811970321310753e-17
