Electrode,Band,Hurst,DFA,Lyapunov,Sample Entropy,Correlation Dimension
PO3,cD5,0.2532057288963705,0.16512991721131925,0.05382512597476702,1.0824813881364939,1.0074680491339342e-15
