Electrode,Band,Hurst,DFA,Lyapunov,Sample Entropy,Correlation Dimension
F4,cA5,0.3984988824467044,0.7128932507570073,0.021973167670952233,2.0151659708461724,-5.478679864269021e-16
