Electrode,Band,Hurst,DFA,Lyapunov,Sample Entropy,Correlation Dimension
C3,cD1,0.33506463843716694,0.3313454541965285,0.004303940859707537,1.4429137191636936,0.00032099991773895957
