Electrode,Band,Hurst,DFA,Lyapunov,Sample Entropy,Correlation Dimension
Fp1,cA5,0.6197061299809057,0.9245405766637542,0.038582729874995926,1.1795825587992557,-1.229394719371717e-15
