Electrode,Band,Hurst,DFA,Lyapunov,Sample Entropy,Correlation Dimension
PO3,cD1,0.34748236502041885,0.3193480394252266,0.003721835396506396,1.6946952338711236,1.1731309110667642e-15
