Electrode,Band,Hurst,DFA,Lyapunov,Sample Entropy,Correlation Dimension
Fp1,cD2,0.43829260409111565,0.44026332630430337,0.004270111430775115,1.9190009331706301,-1.3303327854600188e-17
