Electrode,Band,Hurst,DFA,Lyapunov,Sample Entropy,Correlation Dimension
C3,cD4,0.4185871079394289,0.4198097024112948,0.015213184814287017,2.038730356622822,-4.09530388507028e-17
