Electrode,Band,Hurst,DFA,Lyapunov,Sample Entropy,Correlation Dimension
C4,cD1,0.3122731074459041,0.31192014888903485,-0.000512938065962286,1.2544445813285399,0.01841045926792637
