Electrode,Band,Hurst,DFA,Lyapunov,Sample Entropy,Correlation Dimension
F3,cD5,0.2560256043569642,0.20698739296565605,0.07872166493359768,1.3897375832936452,9.179918034765694e-17
