Electrode,Band,Hurst,DFA,Lyapunov,Sample Entropy,Correlation Dimension
Fp2,cD2,0.4617507768735404,0.455882168995534,0.0003859086470165221,1.9013344084201935,-1.1108886144739765e-15
