Electrode,Band,Hurst,DFA,Lyapunov,Sample Entropy,Correlation Dimension
F4,cD2,0.484221382754745,0.5036242897154647,0.0030427065762606603,1.8622975474873682,-2.380348890802502e-16
