Electrode,Band,Hurst,DFA,Lyapunov,Sample Entropy,Correlation Dimension
Fp2,cD5,0.2882697561964339,0.2218607251337426,0.03270574978419722,1.5257760544719419,6.578121802591511e-16
