Electrode,Band,Hurst,DFA,Lyapunov,Sample Entropy,Correlation Dimension
C3,cD2,0.48293918566115396,0.4853646362475138,0.00013261852842378673,1.8274060864646922,1.5832841985633608e-15
