Electrode,Band,Hurst,DFA,Lyapunov,Sample Entropy,Correlation Dimension
C4,cD2,0.46589188295403344,0.5112445434359432,0.0002779295950222516,1.7048856269318546,0.00010905299802733466
