Electrode,Band,Hurst,DFA,Lyapunov,Sample Entropy,Correlation Dimension
F4,cD3,0.5088187674484538,0.516778321981865,-0.00021074468439285783,2.047560591206842,2.7714594465748515e-15
