Electrode,Band,Hurst,DFA,Lyapunov,Sample Entropy,Correlation Dimension
Fp1,cD4,0.40662162715212974,0.41615071564966327,0.02311565483009419,1.8679815795807198,2.118803271435005e-15
