Electrode,Band,Hurst,DFA,Lyapunov,Sample Entropy,Correlation Dimension
F3,cD1,0.3598931122815361,0.3402116502188957,0.004652924971147048,1.5902131634304764,8.516061345172647e-05
