Electrode,Band,Hurst,DFA,Lyapunov,Sample Entropy,Correlation Dimension
F3,cD2,0.486299840945434,0.48881916231566735,0.0001654711636626957,1.9267215604824424,-9.270257441211985e-16
