Electrode,Band,Hurst,DFA,Lyapunov,Sample Entropy,Correlation Dimension
Fp2,cD1,0.3221068936898357,0.31362982953801866,0.0005729155106972785,1.547817805243005,2.429492933471197e-15
