Electrode,Band,Hurst,DFA,Lyapunov,Sample Entropy,Correlation Dimension
PO3,cD2,0.45917400694968613,0.45720081006810087,0.0007594253077649179,1.9953088968622708,2.943216034328715e-16
