Electrode,Band,Hurst,DFA,Lyapunov,Sample Entropy,Correlation Dimension
Fp1,cD5,0.25528503402163727,0.19366574763246394,0.03956028293160842,1.426348889045277,9.343395413969145e-16
