Electrode,Band,Hurst,DFA,Lyapunov,Sample Entropy,Correlation Dimension
C3,cD3,0.4578537846815127,0.4404279327732124,-0.0001474149299391236,2.0059000261202264,3.757896555220937e-15
