Electrode,Band,Hurst,DFA,Lyapunov,Sample Entropy,Correlation Dimension
Fp1,cD1,0.3559967317536209,0.32030930000703334,0.00034703341397336157,1.7260740200344387,3.673884702903322e-15
