Electrode,Band,Hurst,DFA,Lyapunov,Sample Entropy,Correlation Dimension
Fp1,cD3,0.4956356558626192,0.4798866125038376,0.0004165938406279984,1.977801279092538,-1.0055850737440429e-15
