Electrode,Band,Hurst,DFA,Lyapunov,Sample Entropy,Correlation Dimension
F4,cD4,0.41050549321685204,0.4495597070921205,0.014357393914527049,2.0772938950417807,1.8589395753141146e-16
