Electrode,Band,Hurst,DFA,Lyapunov,Sample Entropy,Correlation Dimension
PO3,cA5,0.5701974315103047,0.773274363906899,0.01438849312918564,1.8010538190703949,-4.508681703489195e-16
