Electrode,Band,Hurst,DFA,Lyapunov,Sample Entropy,Correlation Dimension
C3,cA5,0.4093356127971617,0.6589045882747874,0.007880317581283833,2.050594091448278,-6.019832917016157e-16
