Electrode,Band,Hurst,DFA,Lyapunov,Sample Entropy,Correlation Dimension
F3,cD3,0.4685112662434335,0.47237373517930215,-2.5835904207570625e-06,2.045923230505472,-1.8630372882737527e-15
