Electrode,Band,Hurst,DFA,Lyapunov,Sample Entropy,Correlation Dimension
Fp2,cD4,0.41969418924503943,0.43660800829068946,0.016688860379733158,1.9867358402214168,1.9287549267627148e-15
