Electrode,Band,Hurst,DFA,Lyapunov,Sample Entropy,Correlation Dimension
C4,cA5,0.45719921187188234,0.7271872490215076,0.037873263452567175,1.8698708043833723,-3.988936884748166e-16
