Electrode,Band,Hurst,DFA,Lyapunov,Sample Entropy,Correlation Dimension
Fp2,cA5,0.6723835663775073,0.9574885813087783,0.03462213181458217,1.1815667911596415,4.76807584888203e-16
