Electrode,Band,Hurst,DFA,Lyapunov,Sample Entropy,Correlation Dimension
F3,cA5,0.5196318848256898,0.7307875404725301,0.009542748644635671,1.7569787230053588,-6.047987471861439e-16
