Electrode,Band,Hurst,DFA,Lyapunov,Sample Entropy,Correlation Dimension
F4,cD1,0.32252663866906084,0.32264740712856244,0.0031032995744184853,1.4544364306458575,0.0011982656441742589
