Electrode,Band,Hurst,DFA,Lyapunov,Sample Entropy,Correlation Dimension
C4,cD4,0.44254794886830195,0.4599919359707435,0.003717951341109172,2.071244233851978,-5.93220857580794e-17
