Electrode,Band,Hurst,DFA,Lyapunov,Sample Entropy,Correlation Dimension
C4,cD3,0.524301108124214,0.5284124579728334,0.0002350373701613699,1.9320222407385959,3.973132702212103e-15
