Electrode,Band,Hurst,DFA,Lyapunov,Sample Entropy,Correlation Dimension
Fp2,cD3,0.47509413154244856,0.48096575007769754,3.9852026737290446e-05,1.9578735926785071,-9.708461807308152e-16
