Electrode,Band,Hurst,DFA,Lyapunov,Sample Entropy,Correlation Dimension
F4,cD5,0.32003008016443124,0.27595818436693503,0.03841249522040898,1.6690221785512316,1.100086475887957e-15
