Electrode,Band,Hurst,DFA,Lyapunov,Sample Entropy,Correlation Dimension
PO3,cD3,0.4700062241421984,0.4538940397827735,0.0038256645202637348,2.0729356596545654,1.066271354913546e-15
