Electrode,Band,Hurst,DFA,Lyapunov,Sample Entropy,Correlation Dimension
C4,cD5,0.30833080926698764,0.29767832742507316,0.02974390810635435,1.8014660395448467,8.06439979410144e-16
