Electrode,Band,Hurst,DFA,Lyapunov,Sample Entropy,Correlation Dimension
C3,cD5,0.38218386682935124,0.31063026848309283,0.02486276102590048,1.7752648888962643,9.09698899225839e-16
