Electrode,Band,Hurst,DFA,Lyapunov,Sample Entropy,Correlation Dimension
PO3,cD4,0.3499294145118441,0.31389630214721204,0.038049759183611004,1.6673167805344498,1.5506636602721824e-15
