Electrode,Band,Hurst,DFA,Lyapunov,Sample Entropy,Correlation Dimension
P4,cD1,0.34478007625822493,0.3201572607153522,0.004999429529363021,1.7849606802647136,1.5039267452482448e-15
