Electrode,Band,Hurst,DFA,Lyapunov,Sample Entropy,Correlation Dimension
Fp1,cD4,0.41081052346452673,0.41188938443858825,0.00547815669666669,2.0866673262932087,-1.2042511944248159e-15
