Electrode,Band,Hurst,DFA,Lyapunov,Sample Entropy,Correlation Dimension
C3,cD1,0.3408234298849669,0.3048232114259706,0.005219742746063203,1.772098210741865,-1.3306315134404009e-15
