Electrode,Band,Hurst,DFA,Lyapunov,Sample Entropy,Correlation Dimension
F3,cD3,0.4719202811676417,0.46529491712469356,0.0010310086337003493,2.05417433692826,-8.297790943621301e-16
