Electrode,Band,Hurst,DFA,Lyapunov,Sample Entropy,Correlation Dimension
F4,cD4,0.35921017180621095,0.3242966085793233,-0.0005237001361272265,2.0398534348892445,-5.771851143824988e-17
