Electrode,Band,Hurst,DFA,Lyapunov,Sample Entropy,Correlation Dimension
PO3,cA5,0.45701533417508555,0.549660801332525,0.007266651500355409,1.9105910727322886,-4.063211667400007e-16
