Electrode,Band,Hurst,DFA,Lyapunov,Sample Entropy,Correlation Dimension
C3,cA5,0.4049242915819174,0.5626113847577537,-0.0003563678625861626,2.0481937392086604,-2.0280848446318512e-16
