Electrode,Band,Hurst,DFA,Lyapunov,Sample Entropy,Correlation Dimension
P4,cD5,0.3557751813317705,0.34687069882752564,0.009474991084812718,1.9114958917127178,8.121914545618955e-16
