Electrode,Band,Hurst,DFA,Lyapunov,Sample Entropy,Correlation Dimension
F4,cD1,0.29805419043677844,0.2855972807796483,0.004522627050226192,1.5778445248819717,0.00010014110607024447
