Electrode,Band,Hurst,DFA,Lyapunov,Sample Entropy,Correlation Dimension
C4,cA5,0.3784100495118609,0.6111257713241524,0.01360059303538405,2.0765638418522205,-4.1075549038682546e-16
