Electrode,Band,Hurst,DFA,Lyapunov,Sample Entropy,Correlation Dimension
C3,cD5,0.3252650851089598,0.2824054069674969,0.011998850148874881,1.855582085311783,1.1015549704449272e-15
