Electrode,Band,Hurst,DFA,Lyapunov,Sample Entropy,Correlation Dimension
Fp2,cD3,0.47142365415884246,0.4620111281093911,0.001793612855853474,2.0867141124154673,8.43794229523141e-16
