Electrode,Band,Hurst,DFA,Lyapunov,Sample Entropy,Correlation Dimension
Fp2,cD5,0.3447442448393293,0.3336279401205624,0.02123166445020892,1.8773874308920862,4.1187276771368163e-16
