Electrode,Band,Hurst,DFA,Lyapunov,Sample Entropy,Correlation Dimension
C4,cD5,0.3116823014628921,0.2794637001825006,0.026800568939643204,1.872325326272665,8.863704037492777e-16
