Electrode,Band,Hurst,DFA,Lyapunov,Sample Entropy,Correlation Dimension
P4,cD4,0.3546797686628582,0.33936554940396907,0.005116063898259784,2.0178630260025443,-9.643976047266613e-17
