Electrode,Band,Hurst,DFA,Lyapunov,Sample Entropy,Correlation Dimension
F4,cD3,0.4463280125655326,0.4573577465469582,0.003404487263072837,2.1282341867802126,9.455518230305248e-16
