Electrode,Band,Hurst,DFA,Lyapunov,Sample Entropy,Correlation Dimension
Fp1,cD2,0.4615614277202442,0.45602955540781515,0.00018957889441247456,2.0666040203750455,3.2279305475021006e-16
