Electrode,Band,Hurst,DFA,Lyapunov,Sample Entropy,Correlation Dimension
C4,cD2,0.46888627260829846,0.4656438707565066,0.002206585624001043,2.042541226280098,-2.1138190676651747e-16
