Electrode,Band,Hurst,DFA,Lyapunov,Sample Entropy,Correlation Dimension
P4,cA5,0.3878296925211538,0.6320591529427978,0.011268085533089334,2.0353050284963943,-5.513951964709751e-16
