Electrode,Band,Hurst,DFA,Lyapunov,Sample Entropy,Correlation Dimension
Fp1,cD3,0.48816502606630063,0.478040376010903,0.0001582752574568109,2.0773883012559553,1.0120971223529101e-15
