Electrode,Band,Hurst,DFA,Lyapunov,Sample Entropy,Correlation Dimension
PO3,cD2,0.468786358217663,0.4570588110884083,-0.0005238041733254682,2.112181057268467,2.0593126454423812e-15
