Electrode,Band,Hurst,DFA,Lyapunov,Sample Entropy,Correlation Dimension
Fp2,cD1,0.3348889445677071,0.3137699086716332,0.004631762071089142,1.806381051494942,2.4636216443983726e-15
