Electrode,Band,Hurst,DFA,Lyapunov,Sample Entropy,Correlation Dimension
F3,cD2,0.47042683702178034,0.4517429547954859,-7.306879216994516e-05,2.0627070165235075,-1.0198667928936532e-15
