Electrode,Band,Hurst,DFA,Lyapunov,Sample Entropy,Correlation Dimension
Fp2,cD2,0.46359639456226615,0.44862603145838137,0.004088150371204725,2.053893171848194,1.6531520914081132e-15
