Electrode,Band,Hurst,DFA,Lyapunov,Sample Entropy,Correlation Dimension
C4,cD4,0.36799300113323147,0.3321199882410308,0.009758125651966676,2.039035657645757,-1.611137818519573e-16
