Electrode,Band,Hurst,DFA,Lyapunov,Sample Entropy,Correlation Dimension
PO3,cD5,0.3312218356516644,0.35760603205686703,0.011201188280866432,1.7828947674678068,-5.000296269477108e-16
