Electrode,Band,Hurst,DFA,Lyapunov,Sample Entropy,Correlation Dimension
PO3,cD4,0.272988912334027,0.28717151759318926,0.022279009362770122,1.9967540533118868,1.5521082735783317e-17
