Electrode,Band,Hurst,DFA,Lyapunov,Sample Entropy,Correlation Dimension
F4,cD2,0.4482663142961802,0.45410940745705564,0.0025835644115102165,2.0291567456658375,4.120224123786718e-16
