Electrode,Band,Hurst,DFA,Lyapunov,Sample Entropy,Correlation Dimension
F4,cA5,0.5381043068487041,0.5842233965478774,0.00884889722704082,2.037549021576991,-5.015915530505833e-16
