Electrode,Band,Hurst,DFA,Lyapunov,Sample Entropy,Correlation Dimension
PO3,cD1,0.35183911791755335,0.3072013390567612,0.0052339467135339305,1.8158350122193403,-4.305460763307229e-15
