Electrode,Band,Hurst,DFA,Lyapunov,Sample Entropy,Correlation Dimension
F3,cD5,0.4094425867320506,0.3434268934621952,0.012324916732895024,1.8242826609336151,9.552450007517967e-16
