Electrode,Band,Hurst,DFA,Lyapunov,Sample Entropy,Correlation Dimension
F3,cD4,0.34230254023973833,0.32108248550335106,0.006979482824152229,2.0314335470719906,1.816785550976526e-16
