Electrode,Band,Hurst,DFA,Lyapunov,Sample Entropy,Correlation Dimension
C4,cD1,0.33566896927345424,0.3125190870570516,0.004850786382501201,1.6657296833892503,2.056927041887389e-15
