Electrode,Band,Hurst,DFA,Lyapunov,Sample Entropy,Correlation Dimension
C3,cD4,0.35008602231492697,0.3232833864171679,0.006086219440806981,2.0399946475906763,6.580360226805623e-17
