Electrode,Band,Hurst,DFA,Lyapunov,Sample Entropy,Correlation Dimension
C4,cD3,0.4729396729344347,0.4920578139909799,0.003000822934237534,2.1254371059845134,5.789303318323816e-16
