Electrode,Band,Hurst,DFA,Lyapunov,Sample Entropy,Correlation Dimension
Fp2,cD4,0.4369059717377504,0.4036414182066962,0.004504368521950555,2.0834410764784215,-5.3296632310015554e-17
