Electrode,Band,Hurst,DFA,Lyapunov,Sample Entropy,Correlation Dimension
F4,cD5,0.33256182760178116,0.3086541810226871,0.01067908493788927,1.866027080169576,9.774725279833882e-16
