Electrode,Band,Hurst,DFA,Lyapunov,Sample Entropy,Correlation Dimension
Fp1,cD5,0.33380250604285455,0.33503200717664955,0.012122057534598326,1.8704413026037032,8.291260560106726e-16
