Electrode,Band,Hurst,DFA,Lyapunov,Sample Entropy,Correlation Dimension
Fp1,cA5,0.5849703167530619,0.83454255061848,0.010373626321048822,1.6139403199041078,-4.4123800576472074e-16
