Electrode,Band,Hurst,DFA,Lyapunov,Sample Entropy,Correlation Dimension
Fp1,cD1,0.3230905263961935,0.3061507442000079,0.0048406514254482605,1.792630283819174,2.4301491572525797e-15
