Electrode,Band,Hurst,DFA,Lyapunov,Sample Entropy,Correlation Dimension
F3,cA5,0.4606414498995554,0.5731112441818845,0.020442998427526986,2.081708944964001,-6.993152257353088e-16
