Electrode,Band,Hurst,DFA,Lyapunov,Sample Entropy,Correlation Dimension
C3,cD3,0.4267305836252432,0.41550177448389564,0.0033419002186165867,2.0743791594892262,9.549998904551966e-16
