Electrode,Band,Hurst,DFA,Lyapunov,Sample Entropy,Correlation Dimension
P4,cD2,0.49507185238810236,0.4536163805008192,0.0030098221518776343,2.0797901713107945,7.161889623169759e-16
