Electrode,Band,Hurst,DFA,Lyapunov,Sample Entropy,Correlation Dimension
C3,cD2,0.4422558946438048,0.4711491483657336,0.0007251103719076635,2.102186672225067,7.985559948271214e-16
