Electrode,Band,Hurst,DFA,Lyapunov,Sample Entropy,Correlation Dimension
P4,cD3,0.5196796167610377,0.46417809660157927,0.0037436658685854377,2.0923203869431783,2.6494049317885586e-15
