Electrode,Band,Hurst,DFA,Lyapunov,Sample Entropy,Correlation Dimension
F3,cD1,0.33037572947492155,0.299288968318086,0.002073680993282436,1.7292244254368416,1.3565081728443028e-15
