Electrode,Band,Hurst,DFA,Lyapunov,Sample Entropy,Correlation Dimension
Fp2,cA5,0.6242858675271619,0.8375139707705985,0.011860171172578234,1.633776980739368,-1.4127199842290932e-15
