Electrode,Band,Hurst,DFA,Lyapunov,Sample Entropy,Correlation Dimension
PO3,cD3,0.4021023811250086,0.4053691741601912,0.005696894905783822,2.029898994139191,-8.170922499634626e-16
