Electrode,Band,Hurst,DFA,Lyapunov,Sample Entropy,Correlation Dimension
PO3,cA5,0.5183035646006535,0.7689130239779066,0.014355388253421746,1.8744642815351593,-5.120161289411121e-16
