Electrode,Band,Approximate Entropy,Permutation Entropy,Sample Entropy,SVD Entropy
PO3,cD5,1.6505291123268107,2.5709759491974413,1.7881956326113129,1.5077951216580874
