Electrode,Band,Approximate Entropy,Permutation Entropy,Sample Entropy,SVD Entropy
P4,cD4,1.9337949253139506,2.5613520575475692,1.9946496399029714,1.517089509174197
