Electrode,Band,Approximate Entropy,Permutation Entropy,Sample Entropy,SVD Entropy
Fp2,cD1,1.8782776940367532,2.5489630537027086,1.5996359331893877,1.4555315766101555
