Electrode,Band,Hurst,DFA,Lyapunov,Sample Entropy,Correlation Dimension
F3,cD4,0.4149948370264047,0.41824920847667324,0.0047708251259542585,2.071932928565184,8.121344642480965e-18
