Electrode,Band,Hurst,DFA,Lyapunov,Sample Entropy,Correlation Dimension
C3,cA5,0.43108509271399564,0.7456024471372755,0.012585210276174643,2.0656608918110835,-4.441271457951368e-16
