Electrode,Band,Hurst,DFA,Lyapunov,Sample Entropy,Correlation Dimension
C3,cD5,0.44754480312090006,0.44118386303569057,0.00010818134654646459,2.094890113534522,1.0200701832307305e-15
