Electrode,Band,Hurst,DFA,Lyapunov,Sample Entropy,Correlation Dimension
F4,cD2,0.47558270419325177,0.4960643788694305,0.003107348355379735,1.6750201214749962,3.658067508924767e-15
