Electrode,Band,Approximate Entropy,Permutation Entropy,Sample Entropy,SVD Entropy
C3,cD2,2.1707537767011136,2.5686716208838947,2.1079682450986312,1.5506957741123888
