Electrode,Band,Hurst,DFA,Lyapunov,Sample Entropy,Correlation Dimension
P4,cD1,0.35418643667234,0.31344032463575666,0.0042065013538707405,1.7921883818317064,-1.7772730082253355e-16
