Electrode,Band,Hurst,DFA,Lyapunov,Sample Entropy,Correlation Dimension
F4,cD1,0.3318906750606203,0.3206426424437134,0.0036778450012208775,1.3379377933152568,0.001136896045417284
