Electrode,Band,Approximate Entropy,Permutation Entropy,Sample Entropy,SVD Entropy
Fp2,cD2,2.1173702421047764,2.570803218756625,1.9657345209471637,1.5607850072930842
