Electrode,Band,Hurst,DFA,Lyapunov,Sample Entropy,Correlation Dimension
F3,cA5,0.37460276847153096,0.7655798570862898,0.04508667965324563,1.909165786100552,-5.727759255165427e-16
