Electrode,Band,Hurst,DFA,Lyapunov,Sample Entropy,Correlation Dimension
F4,cD5,0.2961140915128807,0.30881416457044436,0.010793972682286278,2.01231752139366,2.3601470515103413e-16
