Electrode,Band,Approximate Entropy,Permutation Entropy,Sample Entropy,SVD Entropy
C4,cD3,2.0379625270770196,2.5814877798937084,2.0075651200643825,1.583225915037904
