Electrode,Band,Hurst,DFA,Lyapunov,Sample Entropy,Correlation Dimension
PO3,cD3,0.4715541539742475,0.4862841132920548,-0.0006850444909300603,2.1320067402174194,-1.9623131164797278e-16
