Electrode,Band,Hurst,DFA,Lyapunov,Sample Entropy,Correlation Dimension
F4,cA5,0.5982232489502518,0.7889334084246727,0.014907216650294262,1.845593263793256,-7.546478414760561e-16
