Electrode,Band,Approximate Entropy,Permutation Entropy,Sample Entropy,SVD Entropy
C3,cD3,2.1379551437032758,2.5754074077426563,2.1450436604062926,1.56834172534275
