Electrode,Band,Hurst,DFA,Lyapunov,Sample Entropy,Correlation Dimension
C3,cD4,0.4256280111896648,0.43043361458876545,0.002231953360817484,2.1230444759268403,6.542441064304524e-17
