Electrode,Band,Hurst,DFA,Lyapunov,Sample Entropy,Correlation Dimension
Fp1,cA5,0.5758525840451593,0.9145784695000269,0.031960005853690125,1.566755629748271,-9.53494510965153e-16
