Electrode,Band,Hurst,DFA,Lyapunov,Sample Entropy,Correlation Dimension
PO3,cD5,0.23375215551656897,0.21350427317142368,0.012101430159349159,1.7881956326113129,1.6016626988537965e-15
