Electrode,Band,Approximate Entropy,Permutation Entropy,Sample Entropy,SVD Entropy
F3,cD5,1.7673446588361932,2.57910932036602,1.9919587649965702,1.5527468251936858
