Electrode,Band,Hurst,DFA,Lyapunov,Sample Entropy,Correlation Dimension
C3,cD2,0.4482444197551011,0.4484862736061238,0.0030994328585535274,2.1079682450986312,-9.93572880140499e-16
