Electrode,Band,Hurst,DFA,Lyapunov,Sample Entropy,Correlation Dimension
C4,cD3,0.518082339791616,0.534377937218112,-0.000573227622292589,2.0075651200643825,2.640383809452175e-15
