Electrode,Band,Hurst,DFA,Lyapunov,Sample Entropy,Correlation Dimension
Fp2,cD3,0.48049985624505753,0.5059538233758442,0.0025265606966884064,2.0949244196572177,8.694237739017273e-16
