Electrode,Band,Hurst,DFA,Lyapunov,Sample Entropy,Correlation Dimension
Fp1,cD5,0.2883099248174088,0.28954880199673577,-0.00019012797962529137,1.9957359528247056,6.962963602245248e-16
