Electrode,Band,Hurst,DFA,Lyapunov,Sample Entropy,Correlation Dimension
P4,cD5,0.28546283420738205,0.2842830860202848,0.009677423463835095,1.8156342254094895,-3.001046878019303e-16
