Electrode,Band,Approximate Entropy,Permutation Entropy,Sample Entropy,SVD Entropy
P4,cD1,1.973501670975824,2.548293853949342,1.7921883818317061,1.4589573677124132
