Electrode,Band,Hurst,DFA,Lyapunov,Sample Entropy,Correlation Dimension
C3,cD1,0.3537851872264012,0.3377217335617755,0.00476519844748729,1.8923249773652149,2.486134622772842e-16
