Electrode,Band,Hurst,DFA,Lyapunov,Sample Entropy,Correlation Dimension
C4,cD5,0.3354290996359176,0.32619758147335365,0.009966720234264313,1.990578557230894,6.556612783610465e-16
