Electrode,Band,Hurst,DFA,Lyapunov,Sample Entropy,Correlation Dimension
P4,cD2,0.4691674282725578,0.4749292950212134,-4.953326601339853e-06,2.062388574397025,6.900195570038102e-16
