Electrode,Band,Hurst,DFA,Lyapunov,Sample Entropy,Correlation Dimension
C3,cD3,0.4526900725138491,0.46428046995923455,8.102763782832168e-05,2.145043660406293,9.328263095602435e-16
