Electrode,Band,Hurst,DFA,Lyapunov,Sample Entropy,Correlation Dimension
F4,cD4,0.4424231793282225,0.442528488260415,0.003821520371870503,2.0342498693682924,-1.8558746372331295e-16
