Electrode,Band,Hurst,DFA,Lyapunov,Sample Entropy,Correlation Dimension
Fp2,cD2,0.46752226730547314,0.47059188161920273,-0.00028189456824121616,1.965734520947164,1.6207620084180086e-15
