Electrode,Band,Approximate Entropy,Permutation Entropy,Sample Entropy,SVD Entropy
F3,cD4,1.9891842891713507,2.568961192092291,2.071932928565184,1.5437317410975602
