Electrode,Band,Approximate Entropy,Permutation Entropy,Sample Entropy,SVD Entropy
PO3,cA5,1.572933912832334,2.523513660288768,1.8744642815351593,1.4578991557975474
