Electrode,Band,Hurst,DFA,Lyapunov,Sample Entropy,Correlation Dimension
Fp1,cD4,0.44614493699797486,0.4886052208959929,0.0033422036604449723,2.1237936699086224,2.2219729311409527e-16
