Electrode,Band,Approximate Entropy,Permutation Entropy,Sample Entropy,SVD Entropy
Fp1,cD2,2.1106493965432325,2.563070248441762,2.0190450589461757,1.524640953321558
