Electrode,Band,Hurst,DFA,Lyapunov,Sample Entropy,Correlation Dimension
P4,cA5,0.55832614639185,0.7682027207991097,0.001665800267999335,1.9925179109281426,-4.229037442888398e-16
