Electrode,Band,Hurst,DFA,Lyapunov,Sample Entropy,Correlation Dimension
PO3,cD2,0.44327705339462997,0.43427930089055033,0.0024185354059392083,2.044289209405322,4.589027734642601e-16
