Electrode,Band,Hurst,DFA,Lyapunov,Sample Entropy,Correlation Dimension
C4,cD2,0.46495735009778144,0.4611720774743742,0.0028489199551668663,1.7373215187321025,-1.8581422901368724e-16
