Electrode,Band,Approximate Entropy,Permutation Entropy,Sample Entropy,SVD Entropy
P4,cD2,2.158422020159822,2.5735908632043025,2.062388574397025,1.5634219172636095
