Electrode,Band,Hurst,DFA,Lyapunov,Sample Entropy,Correlation Dimension
C4,cD4,0.44034376739989917,0.4417696237479373,0.004115122014825921,2.108993284707518,3.5294477471794103e-17
