Electrode,Band,Hurst,DFA,Lyapunov,Sample Entropy,Correlation Dimension
P4,cD4,0.41707850564103877,0.39817880447852333,0.01548935880837833,1.9946496399029714,1.880910035367752e-15
