Electrode,Band,Hurst,DFA,Lyapunov,Sample Entropy,Correlation Dimension
PO3,cD4,0.4253620165282356,0.4057760715560164,0.018308146016581386,2.007930331966861,-9.560116703603475e-16
