Electrode,Band,Hurst,DFA,Lyapunov,Sample Entropy,Correlation Dimension
F3,cD2,0.48352297756738394,0.4672222074981201,0.00013215036103213706,2.1318786916514436,8.710042542830014e-16
