Electrode,Band,Hurst,DFA,Lyapunov,Sample Entropy,Correlation Dimension
F3,cD1,0.38581567263044686,0.34634470421579144,0.004464210163463084,1.9098526081542508,-2.282205576052408e-15
