Electrode,Band,Approximate Entropy,Permutation Entropy,Sample Entropy,SVD Entropy
C3,cD5,1.830569665448178,2.5845203825211067,2.094890113534522,1.5656095831739902
