Electrode,Band,Hurst,DFA,Lyapunov,Sample Entropy,Correlation Dimension
F3,cD3,0.4720822134044908,0.4534398392330912,0.0030303868380449576,2.134248374013209,9.968415457524908e-16
