Electrode,Band,Hurst,DFA,Lyapunov,Sample Entropy,Correlation Dimension
P4,cD3,0.4828764969996853,0.477437484000317,0.0034456686540081426,2.131014174264454,2.7571737487727363e-15
