Electrode,Band,Hurst,DFA,Lyapunov,Sample Entropy,Correlation Dimension
C4,cD1,0.3325745972427193,0.299467453903936,0.0012333783236419173,1.3924937430772624,0.000175452883972574
