Electrode,Band,Approximate Entropy,Permutation Entropy,Sample Entropy,SVD Entropy
F4,cD5,1.7817760040284192,2.577863030458281,2.01231752139366,1.5443459847595682
