Electrode,Band,Approximate Entropy,Permutation Entropy,Sample Entropy,SVD Entropy
Fp1,cD1,2.037998567327338,2.5518942750900213,1.9138707139125537,1.4730616013726037
