Electrode,Band,Approximate Entropy,Permutation Entropy,Sample Entropy,SVD Entropy
C3,cD4,2.026622460271313,2.577565236694208,2.1230444759268403,1.5589312926505106
