Electrode,Band,Hurst,DFA,Lyapunov,Sample Entropy,Correlation Dimension
Fp1,cD1,0.36846967312516404,0.33240493101129887,0.004850309545343188,1.9138707139125535,2.8527462838064803e-16
