Electrode,Band,Hurst,DFA,Lyapunov,Sample Entropy,Correlation Dimension
Fp2,cD1,0.3521070019014595,0.3193210743867874,0.0003803773359815503,1.5996359331893877,1.6279096064560045e-05
