Electrode,Band,Hurst,DFA,Lyapunov,Sample Entropy,Correlation Dimension
Fp1,cD2,0.45335362471422247,0.42544113977030473,0.004420809312300144,2.0190450589461757,1.2072996830246367e-16
