Electrode,Band,Approximate Entropy,Permutation Entropy,Sample Entropy,SVD Entropy
Fp2,cD4,2.0073877038573142,2.5776476773679393,2.108950699763601,1.561800354237829
