Electrode,Band,Approximate Entropy,Permutation Entropy,Sample Entropy,SVD Entropy
C4,cD5,1.7750036644676923,2.578831680475555,1.990578557230894,1.5427762172804949
