Electrode,Band,Hurst,DFA,Lyapunov,Sample Entropy,Correlation Dimension
F4,cD3,0.4882978249288131,0.5312405378703087,0.0004607171723333375,1.9934099987989464,-1.8138361152836923e-15
