Electrode,Band,Hurst,DFA,Lyapunov,Sample Entropy,Correlation Dimension
Fp2,cA5,0.4756214965201232,0.9239643962739206,0.023298962727747514,1.5636008060189108,-2.7447457534512134e-16
