Electrode,Band,Hurst,DFA,Lyapunov,Sample Entropy,Correlation Dimension
F3,cD5,0.3316515411693167,0.32294770336891215,-3.783486106176228e-05,1.9919587649965702,1.0003194484267768e-15
