Electrode,Band,Approximate Entropy,Permutation Entropy,Sample Entropy,SVD Entropy
P4,cA5,1.6251824520462241,2.556709847718509,1.9925179109281426,1.5018480366741602
