Electrode,Band,Approximate Entropy,Permutation Entropy,Sample Entropy,SVD Entropy
Fp2,cD3,2.1270309972350825,2.5848461057648078,2.0949244196572177,1.5846554860350044
