Electrode,Band,Hurst,DFA,Lyapunov,Sample Entropy,Correlation Dimension
C4,cA5,0.6160426592976747,0.8125537217808168,0.04324936209730952,1.8610975416410624,-4.965891891984947e-16
