Electrode,Band,Hurst,DFA,Lyapunov,Sample Entropy,Correlation Dimension
Fp2,cD5,0.30820556524807474,0.28189126023416394,0.008971571088671108,1.9420322212110763,9.707943971092399e-16
