Electrode,Band,Hurst,DFA,Lyapunov,Sample Entropy,Correlation Dimension
Fp2,cD4,0.5001808308863671,0.4713249438432942,0.003274067965420649,2.108950699763601,2.4315783653428808e-17
