Electrode,Band,Hurst,DFA,Lyapunov,Sample Entropy,Correlation Dimension
Fp1,cD3,0.4373479527566648,0.45960725324414126,0.003166528181596305,2.023300361921398,-9.838714072266105e-16
